_id,edb_id,repair_platform[0],repair_platform[1],repair_platform[2],repair_platform[3],repair_platform[4],repair_platform[5],repair_platform[6],repair_platform[7],repair_platform[8],repair_platform[9],repair_platform[10],repair_platform[11],repair_platform[12],repair_platform[13],repair_platform[14],source_values.EDB_s[0],source_values.EDB_s[1],source_values.EDB_us[0],source_values.EDB_us[1],source_values.EDB_us[2],source_values.EDB_us[3],source_values.EDB_us[4],source_values.EDB_us[5],source_values.EDB_us[6],source_values.EDB_us[7],source_values.EDB_us[8],source_values.EDB_us[9],source_values.EDB_us[10],source_values.EDB_us[11],source_values.EDB_us[12],source_values.EDB_us[13],source_values.EDB_us[14],source_values.EDB_us[15],source_values.EDB_us[16],source_values.EDB_us[17],source_values.EDB_us[18],source_values.EDB_us[19],source_values.EDB_us[20],source_values.EDB_us[21],source_values.EDB_us[22],source_values.EDB_us[23],source_values.EDB_us[24],source_values.EDB_us[25],source_values.EDB_us[26],source_values.EDB_us[27],source_values.EDB_us[28],source_values.CVE_us[0],source_values.CVE_us[1],source_values.CVE_us[2],source_values.CVE_us[3],source_values.CVE_us[4],source_values.CVE_us[5],source_values.CVE_us[6],source_values.CVE_us[7],source_values.CVE_us[8],source_values.CVE_us[9],source_values.CVE_us[10],source_values.CVE_us[11],source_values.CVE_us[12],source_values.CVE_us[13],source_values.CVE_us[14],source_values.CVE_us[15],source_values.CVE_us[16],source_values.CVE_us[17],source_values.CVE_us[18],source_values.CVE_us[19],source_values.CVE_us[20],source_values.CVE_us[21],source_values.CVE_us[22],source_values.CVE_us[23],source_values.CVE_us[24],source_values.CVE_us[25],source_values.CVE_us[26],source_values.CVE_us[27],source_values.CVE_us[28],source_values.CVE_us[29],source_values.CVE_us[30],source_values.CVE_us[31],source_values.CVE_us[32],source_values.CVE_us[33],source_values.CVE_us[34],source_values.CVE_us[35],source_values.CVE_us[36],source_values.CNNVD_us[0],source_values.CNNVD_us[1],source_values.CNNVD_us[2],source_values.CNNVD_us[3],source_values.CNNVD_us[4],source_values.CNNVD_us[5],source_values.CNNVD_us[6],source_values.CNNVD_us[7],source_values.CNNVD_us[8],source_values.CNNVD_us[9],source_values.CNNVD_us[10],source_values.CNNVD_us[11],source_values.CNNVD_us[12],source_values.CNNVD_us[13],source_values.CNNVD_us[14],source_values.NVD_us[0],source_values.NVD_us[1],source_values.NVD_us[2],source_values.NVD_us[3],source_values.NVD_us[4],source_values.NVD_us[5],source_values.NVD_us[6],source_values.NVD_us[7],source_values.NVD_us[8],source_values.NVD_us[9],source_values.NVD_us[10],source_values.NVD_us[11],source_values.NVD_us[12],source_values.NVD_us[13],source_values.NVD_us[14],source_values.NVD_us[15],source_values.NVD_us[16],source_values.NVD_us[17],source_values.NVD_us[18],source_values.NVD_us[19],source_values.NVD_us[20],source_values.NVD_us[21]
6a2f8faa0de103506950db15,19109,bsd,linux,,,,,,,,,,,,,,linux,,linux,,,,,,,,,,,,,,,,,,,,,,,,,,,,,bsd,,,,,,,,,,,,,,,,,,,,,,,,,,,,,,,,,,,,,bsd,linux,,,,,,,,,,,,,,bsd,,,,,,,,,,,,,,,,,,,,,
6a2f8faa0de103506950db16,19545,bsd,linux,,,,,,,,,,,,,,bsd,,bsd,irix,solaris,,,,,,,,,,,,,,,,,,,,,,,,,,,bsd,linux,,,,,,,,,,,,,,,,,,,,,,,,,,,,,,,,,,,,bsd,linux,,,,,,,,,,,,,,bsd,linux,,,,,,,,,,,,,,,,,,,,
6a2f8faa0de103506950db17,19546,perl,,,,,,,,,,,,,,,multiple,,bsd,irix,linux,perl,,,,,,,,,,,,,,,,,,,,,,,,,,perl,,,,,,,,,,,,,,,,,,,,,,,,,,,,,,,,,,,,,perl,,,,,,,,,,,,,,,perl,,,,,,,,,,,,,,,,,,,,,
6a2f8faa0de103506950db18,19547,perl,,,,,,,,,,,,,,,multiple,,bsd,irix,linux,perl,,,,,,,,,,,,,,,,,,,,,,,,,,perl,,,,,,,,,,,,,,,,,,,,,,,,,,,,,,,,,,,,,perl,,,,,,,,,,,,,,,perl,,,,,,,,,,,,,,,,,,,,,
6a2f8faa0de103506950db19,19536,cgi,,,,,,,,,,,,,,,multiple,,cgi,linux,,,,,,,,,,,,,,,,,,,,,,,,,,,,cgi,,,,,,,,,,,,,,,,,,,,,,,,,,,,,,,,,,,,,cgi,,,,,,,,,,,,,,,cgi,,,,,,,,,,,,,,,,,,,,,
6a2f8faa0de103506950db1a,19350,irix,,,,,,,,,,,,,,,solaris,,solaris,,,,,,,,,,,,,,,,,,,,,,,,,,,,,irix,,,,,,,,,,,,,,,,,,,,,,,,,,,,,,,,,,,,,irix,,,,,,,,,,,,,,,irix,,,,,,,,,,,,,,,,,,,,,
6a2f8faa0de103506950db1b,19557,cgi,,,,,,,,,,,,,,,linux,,linux,,,,,,,,,,,,,,,,,,,,,,,,,,,,,cgi,,,,,,,,,,,,,,,,,,,,,,,,,,,,,,,,,,,,,cgi,,,,,,,,,,,,,,,cgi,,,,,,,,,,,,,,,,,,,,,
6a2f8faa0de103506950db1c,19553,cgi,php,,,,,,,,,,,,,,php,,php,,,,,,,,,,,,,,,,,,,,,,,,,,,,,cgi,php,,,,,,,,,,,,,,,,,,,,,,,,,,,,,,,,,,,,cgi,php,,,,,,,,,,,,,,cgi,php,,,,,,,,,,,,,,,,,,,,
6a2f8faa0de103506950db1d,22251,aix,solaris,,,,,,,,,,,,,,multiple,,aix,ppc,windows,,,,,,,,,,,,,,,,,,,,,,,,,,,aix,solaris,,,,,,,,,,,,,,,,,,,,,,,,,,,,,,,,,,,,aix,bsd,hp-ux,linux,solaris,unixware,,,,,,,,,,aix,solaris,,,,,,,,,,,,,,,,,,,,
6a2f8faa0de103506950db1e,338,irix,,,,,,,,,,,,,,,solaris,,solaris,sparc,,,,,,,,,,,,,,,,,,,,,,,,,,,,irix,,,,,,,,,,,,,,,,,,,,,,,,,,,,,,,,,,,,,irix,,,,,,,,,,,,,,,irix,,,,,,,,,,,,,,,,,,,,,
6a2f8faa0de103506950db1f,20309,cgi,windows,,,,,,,,,,,,,,windows,,windows,,,,,,,,,,,,,,,,,,,,,,,,,,,,,cgi,windows,,,,,,,,,,,,,,,,,,,,,,,,,,,,,,,,,,,,cgi,windows,,,,,,,,,,,,,,cgi,windows,,,,,,,,,,,,,,,,,,,,
6a2f8faa0de103506950db20,20483,php,,,,,,,,,,,,,,,cgi,,perl,,,,,,,,,,,,,,,,,,,,,,,,,,,,,php,,,,,,,,,,,,,,,,,,,,,,,,,,,,,,,,,,,,,php,,,,,,,,,,,,,,,php,,,,,,,,,,,,,,,,,,,,,
6a2f8faa0de103506950db21,20462,cgi,linux,,,,,,,,,,,,,,unix,,hp-ux,solaris,unixware,,,,,,,,,,,,,,,,,,,,,,,,,,,cgi,linux,,,,,,,,,,,,,,,,,,,,,,,,,,,,,,,,,,,,cgi,linux,,,,,,,,,,,,,,cgi,linux,,,,,,,,,,,,,,,,,,,,
6a2f8faa0de103506950db22,20375,cgi,java,,,,,,,,,,,,,,windows,,java,windows,x86,,,,,,,,,,,,,,,,,,,,,,,,,,,cgi,java,,,,,,,,,,,,,,,,,,,,,,,,,,,,,,,,,,,,cgi,java,,,,,,,,,,,,,,cgi,java,,,,,,,,,,,,,,,,,,,,
6a2f8faa0de103506950db23,19257,aix,bsd,linux,sco,solaris,unixware,,,,,,,,,,linux,,bsd,linux,,,,,,,,,,,,,,,,,,,,,,,,,,,,linux,,,,,,,,,,,,,,,,,,,,,,,,,,,,,,,,,,,,,aix,bsd,linux,sco,solaris,unixware,,,,,,,,,,aix,atheos,beos,bsd,hp-ux,immunix,irix,linux,minix,netware,novell,plan9,qnx,sco,solaris,tru64,ultrix,unixware,vxworks,,,
6a2f8faa0de103506950db24,20446,cgi,windows,,,,,,,,,,,,,,cgi,,windows,,,,,,,,,,,,,,,,,,,,,,,,,,,,,cgi,windows,,,,,,,,,,,,,,,,,,,,,,,,,,,,,,,,,,,,cgi,,,,,,,,,,,,,,,cgi,,,,,,,,,,,,,,,,,,,,,
6a2f8faa0de103506950db25,20447,cgi,windows,,,,,,,,,,,,,,cgi,,cgi,windows,,,,,,,,,,,,,,,,,,,,,,,,,,,,cgi,windows,,,,,,,,,,,,,,,,,,,,,,,,,,,,,,,,,,,,cgi,,,,,,,,,,,,,,,cgi,,,,,,,,,,,,,,,,,,,,,
6a2f8faa0de103506950db26,19364,novell,,,,,,,,,,,,,,,netware,,novell netware,,,,,,,,,,,,,,,,,,,,,,,,,,,,,novell,,,,,,,,,,,,,,,,,,,,,,,,,,,,,,,,,,,,,novell,,,,,,,,,,,,,,,novell,,,,,,,,,,,,,,,,,,,,,
6a2f8faa0de103506950db27,41694,unix,,,,,,,,,,,,,,,multiple,,linux,macos,python,,,,,,,,,,,,,,,,,,,,,,,,,,,unix,,,,,,,,,,,,,,,,,,,,,,,,,,,,,,,,,,,,,unixware,,,,,,,,,,,,,,,unix,,,,,,,,,,,,,,,,,,,,,
6a2f8faa0de103506950db28,21919,linux,,,,,,,,,,,,,,,unix,,linux,,,,,,,,,,,,,,,,,,,,,,,,,,,,,,,,,,,,,,,,,,,,,,,,,,,,,,,,,,,,,,,,,,,,,,,,,,,,,,,,,linux,,,,,,,,,,,,,,,,,,,,,
6a2f8faa0de103506950db29,19447,bsd,,,,,,,,,,,,,,,multiple,,bsd,solaris,,,,,,,,,,,,,,,,,,,,,,,,,,,,bsd,,,,,,,,,,,,,,,,,,,,,,,,,,,,,,,,,,,,,bsd,,,,,,,,,,,,,,,bsd,,,,,,,,,,,,,,,,,,,,,
6a2f8faa0de103506950db2a,19125,unix,,,,,,,,,,,,,,,linux,,linux,tcl,,,,,,,,,,,,,,,,,,,,,,,,,,,,unix,,,,,,,,,,,,,,,,,,,,,,,,,,,,,,,,,,,,,unix,,,,,,,,,,,,,,,unix,,,,,,,,,,,,,,,,,,,,,
6a2f8faa0de103506950db2b,19193,cfm,,,,,,,,,,,,,,,multiple,,cfm,windows,,,,,,,,,,,,,,,,,,,,,,,,,,,,cfm,,,,,,,,,,,,,,,,,,,,,,,,,,,,,,,,,,,,,cfm,,,,,,,,,,,,,,,cfm,,,,,,,,,,,,,,,,,,,,,
6a2f8faa0de103506950db2c,252,bsd,,,,,,,,,,,,,,,linux,,linux,x86,,,,,,,,,,,,,,,,,,,,,,,,,,,,bsd,,,,,,,,,,,,,,,,,,,,,,,,,,,,,,,,,,,,,bsd,,,,,,,,,,,,,,,bsd,,,,,,,,,,,,,,,,,,,,,
6a2f8faa0de103506950db2d,19658,unixware,,,,,,,,,,,,,,,sco,,sco,,,,,,,,,,,,,,,,,,,,,,,,,,,,,unixware,,,,,,,,,,,,,,,,,,,,,,,,,,,,,,,,,,,,,unixware,,,,,,,,,,,,,,,unixware,,,,,,,,,,,,,,,,,,,,,
6a2f8faa0de103506950db2e,19656,unixware,,,,,,,,,,,,,,,sco,,sco,,,,,,,,,,,,,,,,,,,,,,,,,,,,,unixware,,,,,,,,,,,,,,,,,,,,,,,,,,,,,,,,,,,,,unixware,,,,,,,,,,,,,,,unixware,,,,,,,,,,,,,,,,,,,,,
6a2f8faa0de103506950db2f,19457,windows,,,,,,,,,,,,,,,multiple,,windows,x86,,,,,,,,,,,,,,,,,,,,,,,,,,,,windows,,,,,,,,,,,,,,,,,,,,,,,,,,,,,,,,,,,,,windows,,,,,,,,,,,,,,,windows,,,,,,,,,,,,,,,,,,,,,
6a2f8faa0de103506950db30,19046,macos,,,,,,,,,,,,,,,aix,,,,,,,,,,,,,,,,,,,,,,,,,,,,,,,macos,,,,,,,,,,,,,,,,,,,,,,,,,,,,,,,,,,,,,macos,,,,,,,,,,,,,,,macos,,,,,,,,,,,,,,,,,,,,,
6a2f8faa0de103506950db31,19233,solaris,x86,,,,,,,,,,,,,,solaris,,solaris,,,,,,,,,,,,,,,,,,,,,,,,,,,,,solaris,x86,,,,,,,,,,,,,,,,,,,,,,,,,,,,,,,,,,,,solaris,x86,,,,,,,,,,,,,,solaris,x86,,,,,,,,,,,,,,,,,,,,
6a2f8faa0de103506950db32,261,sco,unixware,,,,,,,,,,,,,,sco,,sco,,,,,,,,,,,,,,,,,,,,,,,,,,,,,sco,unixware,,,,,,,,,,,,,,,,,,,,,,,,,,,,,,,,,,,,sco,unixware,,,,,,,,,,,,,,sco,unixware,,,,,,,,,,,,,,,,,,,,
6a2f8faa0de103506950db33,19620,cgi,perl,,,,,,,,,,,,,,unix,,linux,,,,,,,,,,,,,,,,,,,,,,,,,,,,,cgi,perl,,,,,,,,,,,,,,,,,,,,,,,,,,,,,,,,,,,,cgi,,,,,,,,,,,,,,,cgi,perl,,,,,,,,,,,,,,,,,,,,
6a2f8faa0de103506950db34,9907,perl,,,,,,,,,,,,,,,cgi,,linux,windows,,,,,,,,,,,,,,,,,,,,,,,,,,,,perl,,,,,,,,,,,,,,,,,,,,,,,,,,,,,,,,,,,,,cgi,perl,,,,,,,,,,,,,,perl,,,,,,,,,,,,,,,,,,,,,
6a2f8faa0de103506950db35,19069,macos,,,,,,,,,,,,,,,linux,,,,,,,,,,,,,,,,,,,,,,,,,,,,,,,macos,,,,,,,,,,,,,,,,,,,,,,,,,,,,,,,,,,,,,macos,,,,,,,,,,,,,,,macos,,,,,,,,,,,,,,,,,,,,,
6a2f8faa0de103506950db36,19194,asp,,,,,,,,,,,,,,,multiple,,asp,windows,,,,,,,,,,,,,,,,,,,,,,,,,,,,asp,,,,,,,,,,,,,,,,,,,,,,,,,,,,,,,,,,,,,asp,,,,,,,,,,,,,,,asp,,,,,,,,,,,,,,,,,,,,,
6a2f8faa0de103506950db37,19346,bsd,solaris,,,,,,,,,,,,,,bsd,,bsd,solaris,,,,,,,,,,,,,,,,,,,,,,,,,,,,bsd,solaris,,,,,,,,,,,,,,,,,,,,,,,,,,,,,,,,,,,,bsd,solaris,,,,,,,,,,,,,,bsd,solaris,,,,,,,,,,,,,,,,,,,,
6a2f8faa0de103506950db38,19124,solaris,,,,,,,,,,,,,,,linux,,linux,x86,x86-64,,,,,,,,,,,,,,,,,,,,,,,,,,,solaris,,,,,,,,,,,,,,,,,,,,,,,,,,,,,,,,,,,,,solaris,,,,,,,,,,,,,,,solaris,,,,,,,,,,,,,,,,,,,,,
6a2f8faa0de103506950db39,19696,cgi,,,,,,,,,,,,,,,solaris,,solaris,x86,,,,,,,,,,,,,,,,,,,,,,,,,,,,cgi,,,,,,,,,,,,,,,,,,,,,,,,,,,,,,,,,,,,,cgi,,,,,,,,,,,,,,,cgi,,,,,,,,,,,,,,,,,,,,,
6a2f8faa0de103506950db3a,19713,cgi,perl,,,,,,,,,,,,,,cgi,,perl,,,,,,,,,,,,,,,,,,,,,,,,,,,,,cgi,,,,,,,,,,,,,,,,,,,,,,,,,,,,,,,,,,,,,cgi,perl,,,,,,,,,,,,,,cgi,perl,,,,,,,,,,,,,,,,,,,,
6a2f8faa0de103506950db3b,19711,cgi,,,,,,,,,,,,,,,windows,,windows,,,,,,,,,,,,,,,,,,,,,,,,,,,,,cgi,,,,,,,,,,,,,,,,,,,,,,,,,,,,,,,,,,,,,cgi,,,,,,,,,,,,,,,cgi,,,,,,,,,,,,,,,,,,,,,
6a2f8faa0de103506950db3c,19752,unixware,sco,,,,,,,,,,,,,,sco,,sco,,,,,,,,,,,,,,,,,,,,,,,,,,,,,unixware,sco,,,,,,,,,,,,,,,,,,,,,,,,,,,,,,,,,,,,unixware,,,,,,,,,,,,,,,unixware,sco,,,,,,,,,,,,,,,,,,,,
6a2f8faa0de103506950db3d,19781,cgi,,,,,,,,,,,,,,,multiple,,perl,,,,,,,,,,,,,,,,,,,,,,,,,,,,,cgi,,,,,,,,,,,,,,,,,,,,,,,,,,,,,,,,,,,,,cgi,,,,,,,,,,,,,,,cgi,,,,,,,,,,,,,,,,,,,,,
6a2f8faa0de103506950db3e,19788,cgi,irix,,,,,,,,,,,,,,irix,,irix,perl,,,,,,,,,,,,,,,,,,,,,,,,,,,,cgi,,,,,,,,,,,,,,,,,,,,,,,,,,,,,,,,,,,,,cgi,irix,,,,,,,,,,,,,,cgi,,,,,,,,,,,,,,,,,,,,,
6a2f8faa0de103506950db3f,19785,cgi,,,,,,,,,,,,,,,unix,,unixware,,,,,,,,,,,,,,,,,,,,,,,,,,,,,cgi,,,,,,,,,,,,,,,,,,,,,,,,,,,,,,,,,,,,,cgi,,,,,,,,,,,,,,,cgi,,,,,,,,,,,,,,,,,,,,,
6a2f8faa0de103506950db40,19761,cgi,,,,,,,,,,,,,,,windows,,windows,,,,,,,,,,,,,,,,,,,,,,,,,,,,,cgi,,,,,,,,,,,,,,,,,,,,,,,,,,,,,,,,,,,,,cgi,,,,,,,,,,,,,,,cgi,,,,,,,,,,,,,,,,,,,,,
6a2f8faa0de103506950db41,321,linux,,,,,,,,,,,,,,,multiple,,bsd,linux,,,,,,,,,,,,,,,,,,,,,,,,,,,,linux,,,,,,,,,,,,,,,,,,,,,,,,,,,,,,,,,,,,,linux,,,,,,,,,,,,,,,linux,,,,,,,,,,,,,,,,,,,,,
6a2f8faa0de103506950db42,19802,linux,,,,,,,,,,,,,,,linux,,linux,unix,,,,,,,,,,,,,,,,,,,,,,,,,,,,,,,,,,,,,,,,,,,,,,,,,,,,,,,,,,,,,,,,,linux,,,,,,,,,,,,,,,linux,,,,,,,,,,,,,,,,,,,,,
6a2f8faa0de103506950db43,19803,linux,,,,,,,,,,,,,,,linux,,unixware,x86,,,,,,,,,,,,,,,,,,,,,,,,,,,,,,,,,,,,,,,,,,,,,,,,,,,,,,,,,,,,,,,,,linux,,,,,,,,,,,,,,,linux,,,,,,,,,,,,,,,,,,,,,
6a2f8faa0de103506950db44,19852,perl,,,,,,,,,,,,,,,cgi,,cgi,,,,,,,,,,,,,,,,,,,,,,,,,,,,,perl,,,,,,,,,,,,,,,,,,,,,,,,,,,,,,,,,,,,,perl,,,,,,,,,,,,,,,perl,,,,,,,,,,,,,,,,,,,,,
6a2f8faa0de103506950db45,19957,asp,,,,,,,,,,,,,,,windows,,windows,,,,,,,,,,,,,,,,,,,,,,,,,,,,,asp,,,,,,,,,,,,,,,,,,,,,,,,,,,,,,,,,,,,,asp,,,,,,,,,,,,,,,asp,,,,,,,,,,,,,,,,,,,,,
6a2f8faa0de103506950db46,19950,aix,bsd,hp-ux,irix,linux,sco,solaris,tru64,unixware,x86,x86-64,,,,,linux,,linux,x86,x86-64,,,,,,,,,,,,,,,,,,,,,,,,,,,aix,alpha,arm,bsd,hp-ux,irix,linux,mips,ppc,sco,solaris,sparc,tru64,unixware,x86,x86-64,,,,,,,,,,,,,,,,,,,,,,bsd,linux,solaris,x86,,,,,,,,,,,,aix,bsd,hp-ux,irix,linux,sco,solaris,tru64,unixware,,,,,,,,,,,,,
6a2f8faa0de103506950db47,396,bsd,,,,,,,,,,,,,,,bsd,,bsd,x86,,,,,,,,,,,,,,,,,,,,,,,,,,,,bsd,,,,,,,,,,,,,,,,,,,,,,,,,,,,,,,,,,,,,bsd,,,,,,,,,,,,,,,bsd,,,,,,,,,,,,,,,,,,,,,
6a2f8faa0de103506950db48,20086,cgi,,,,,,,,,,,,,,,windows,,windows,,,,,,,,,,,,,,,,,,,,,,,,,,,,,cgi,,,,,,,,,,,,,,,,,,,,,,,,,,,,,,,,,,,,,cgi,,,,,,,,,,,,,,,cgi,,,,,,,,,,,,,,,,,,,,,
6a2f8faa0de103506950db49,20072,netware,,,,,,,,,,,,,,,novell,,netware,,,,,,,,,,,,,,,,,,,,,,,,,,,,,netware,novell,,,,,,,,,,,,,,,,,,,,,,,,,,,,,,,,,,,,netware,,,,,,,,,,,,,,,netware,,,,,,,,,,,,,,,,,,,,,
6a2f8faa0de103506950db4a,20073,cgi,perl,,,,,,,,,,,,,,unix,,perl,,,,,,,,,,,,,,,,,,,,,,,,,,,,,cgi,perl,,,,,,,,,,,,,,,,,,,,,,,,,,,,,,,,,,,,cgi,,,,,,,,,,,,,,,cgi,,,,,,,,,,,,,,,,,,,,,
6a2f8faa0de103506950db4b,20081,java,jsp,,,,,,,,,,,,,,windows,,linux,windows,,,,,,,,,,,,,,,,,,,,,,,,,,,,java,jsp,,,,,,,,,,,,,,,,,,,,,,,,,,,,,,,,,,,,java,jsp,,,,,,,,,,,,,,java,jsp,,,,,,,,,,,,,,,,,,,,
6a2f8faa0de103506950db4c,20177,perl,,,,,,,,,,,,,,,cgi,,cgi,,,,,,,,,,,,,,,,,,,,,,,,,,,,,perl,,,,,,,,,,,,,,,,,,,,,,,,,,,,,,,,,,,,,perl,,,,,,,,,,,,,,,perl,,,,,,,,,,,,,,,,,,,,,
6a2f8faa0de103506950db4d,20132,java,,,,,,,,,,,,,,,multiple,,aix,java,,,,,,,,,,,,,,,,,,,,,,,,,,,,java,,,,,,,,,,,,,,,,,,,,,,,,,,,,,,,,,,,,,java,jsp,,,,,,,,,,,,,,java,,,,,,,,,,,,,,,,,,,,,
6a2f8faa0de103506950db4e,20218,perl,,,,,,,,,,,,,,,cgi,,cgi,,,,,,,,,,,,,,,,,,,,,,,,,,,,,perl,,,,,,,,,,,,,,,,,,,,,,,,,,,,,,,,,,,,,perl,,,,,,,,,,,,,,,perl,,,,,,,,,,,,,,,,,,,,,
6a2f8faa0de103506950db4f,20212,linux,,,,,,,,,,,,,,,unix,,unixware,,,,,,,,,,,,,,,,,,,,,,,,,,,,,linux,,,,,,,,,,,,,,,,,,,,,,,,,,,,,,,,,,,,,linux,,,,,,,,,,,,,,,linux,,,,,,,,,,,,,,,,,,,,,
6a2f8faa0de103506950db50,20191,linux,,,,,,,,,,,,,,,bsd,,linux,,,,,,,,,,,,,,,,,,,,,,,,,,,,,aix,bsd,hp-ux,linux,solaris,unixware,,,,,,,,,,,,,,,,,,,,,,,,,,,,,,,,linux,,,,,,,,,,,,,,,linux,,,,,,,,,,,,,,,,,,,,,
6a2f8faa0de103506950db51,19522,bsd,,,,,,,,,,,,,,,linux,,linux,,,,,,,,,,,,,,,,,,,,,,,,,,,,,bsd,,,,,,,,,,,,,,,,,,,,,,,,,,,,,,,,,,,,,bsd,,,,,,,,,,,,,,,bsd,,,,,,,,,,,,,,,,,,,,,
6a2f8faa0de103506950db52,20341,cgi,,,,,,,,,,,,,,,linux,,unixware,,,,,,,,,,,,,,,,,,,,,,,,,,,,,cgi,,,,,,,,,,,,,,,,,,,,,,,,,,,,,,,,,,,,,cgi,linux,,,,,,,,,,,,,,cgi,,,,,,,,,,,,,,,,,,,,,
6a2f8faa0de103506950db53,20611,perl,,,,,,,,,,,,,,,cgi,,cgi,,,,,,,,,,,,,,,,,,,,,,,,,,,,,perl,,,,,,,,,,,,,,,,,,,,,,,,,,,,,,,,,,,,,perl,,,,,,,,,,,,,,,perl,,,,,,,,,,,,,,,,,,,,,
6a2f8faa0de103506950db54,20294,aix,bsd,hp-ux,linux,sco,solaris,unixware,,,,,,,,,unix,,linux,,,,,,,,,,,,,,,,,,,,,,,,,,,,,aix,bsd,hp-ux,linux,sco,solaris,unixware,,,,,,,,,,,,,,,,,,,,,,,,,,,,,,,aix,bsd,hp-ux,linux,solaris,unixware,x86,,,,,,,,,aix,bsd,hp-ux,linux,sco,solaris,unixware,,,,,,,,,,,,,,,
6a2f8faa0de103506950db55,20256,bsd,,,,,,,,,,,,,,,bsd,,bsd,x86,,,,,,,,,,,,,,,,,,,,,,,,,,,,bsd,,,,,,,,,,,,,,,,,,,,,,,,,,,,,,,,,,,,,bsd,,,,,,,,,,,,,,,bsd,,,,,,,,,,,,,,,,,,,,,
6a2f8faa0de103506950db56,20336,java,jsp,,,,,,,,,,,,,,multiple,,java,,,,,,,,,,,,,,,,,,,,,,,,,,,,,java,jsp,,,,,,,,,,,,,,,,,,,,,,,,,,,,,,,,,,,,java,jsp,,,,,,,,,,,,,,java,jsp,,,,,,,,,,,,,,,,,,,,
6a2f8faa0de103506950db57,20313,java,,,,,,,,,,,,,,,multiple,,java,windows,,,,,,,,,,,,,,,,,,,,,,,,,,,,java,,,,,,,,,,,,,,,,,,,,,,,,,,,,,,,,,,,,,java,,,,,,,,,,,,,,,java,,,,,,,,,,,,,,,,,,,,,
6a2f8faa0de103506950db58,20314,java,jsp,,,,,,,,,,,,,,multiple,,java,,,,,,,,,,,,,,,,,,,,,,,,,,,,,java,jsp,,,,,,,,,,,,,,,,,,,,,,,,,,,,,,,,,,,,jsp,,,,,,,,,,,,,,,java,jsp,,,,,,,,,,,,,,,,,,,,
6a2f8faa0de103506950db59,20436,unix,,,,,,,,,,,,,,,unix,,hp-ux,irix,linux,macos,sco,,,,,,,,,,,,,,,,,,,,,,,,,unixware,,,,,,,,,,,,,,,,,,,,,,,,,,,,,,,,,,,,,unix,,,,,,,,,,,,,,,unix,,,,,,,,,,,,,,,,,,,,,
6a2f8faa0de103506950db5a,20380,linux,,,,,,,,,,,,,,,unix,,solaris,,,,,,,,,,,,,,,,,,,,,,,,,,,,,linux,,,,,,,,,,,,,,,,,,,,,,,,,,,,,,,,,,,,,linux,,,,,,,,,,,,,,,linux,,,,,,,,,,,,,,,,,,,,,
6a2f8faa0de103506950db5b,20383,asp,windows,,,,,,,,,,,,,,windows,,windows,,,,,,,,,,,,,,,,,,,,,,,,,,,,,asp,windows,,,,,,,,,,,,,,,,,,,,,,,,,,,,,,,,,,,,asp,windows,,,,,,,,,,,,,,asp,windows,,,,,,,,,,,,,,,,,,,,
6a2f8faa0de103506950db5c,20525,cgi,perl,,,,,,,,,,,,,,cgi,,cgi,,,,,,,,,,,,,,,,,,,,,,,,,,,,,cgi,perl,,,,,,,,,,,,,,,,,,,,,,,,,,,,,,,,,,,,cgi,perl,,,,,,,,,,,,,,cgi,perl,,,,,,,,,,,,,,,,,,,,
6a2f8faa0de103506950db5d,20630,cgi,perl,,,,,,,,,,,,,,cgi,,cgi,,,,,,,,,,,,,,,,,,,,,,,,,,,,,perl,,,,,,,,,,,,,,,,,,,,,,,,,,,,,,,,,,,,,cgi,perl,,,,,,,,,,,,,,perl,,,,,,,,,,,,,,,,,,,,,
6a2f8faa0de103506950db5e,20732,bsd,,,,,,,,,,,,,,,bsd,,bsd,,,,,,,,,,,,,,,,,,,,,,,,,,,,,bsd,,,,,,,,,,,,,,,,,,,,,,,,,,,,,,,,,,,,,bsd,,,,,,,,,,,,,,,bsd,,,,,,,,,,,,,,,,,,,,,
6a2f8faa0de103506950db5f,20733,bsd,,,,,,,,,,,,,,,bsd,,bsd,,,,,,,,,,,,,,,,,,,,,,,,,,,,,bsd,,,,,,,,,,,,,,,,,,,,,,,,,,,,,,,,,,,,,bsd,,,,,,,,,,,,,,,bsd,,,,,,,,,,,,,,,,,,,,,
6a2f8faa0de103506950db60,20560,,,,,,,,,,,,,,,,unix,,linux,x86,x86-64,,,,,,,,,,,,,,,,,,,,,,,,,,,,,,,,,,,,,,,,,,,,,,,,,,,,,,,,,,,,,,,,,,,,,,,,,,,,,,,solaris,,,,,,,,,,,,,,,,,,,,,
6a2f8faa0de103506950db61,20738,windows,,,,,,,,,,,,,,,multiple,,,,,,,,,,,,,,,,,,,,,,,,,,,,,,,windows,,,,,,,,,,,,,,,,,,,,,,,,,,,,,,,,,,,,,windows,,,,,,,,,,,,,,,windows,,,,,,,,,,,,,,,,,,,,,
6a2f8faa0de103506950db62,20639,cgi,,,,,,,,,,,,,,,multiple,,unixware,,,,,,,,,,,,,,,,,,,,,,,,,,,,,cgi,,,,,,,,,,,,,,,,,,,,,,,,,,,,,,,,,,,,,cgi,,,,,,,,,,,,,,,cgi,,,,,,,,,,,,,,,,,,,,,
6a2f8faa0de103506950db63,20638,cgi,java,,,,,,,,,,,,,,multiple,,cgi,,,,,,,,,,,,,,,,,,,,,,,,,,,,,java,jsp,,,,,,,,,,,,,,,,,,,,,,,,,,,,,,,,,,,,cgi,java,,,,,,,,,,,,,,java,,,,,,,,,,,,,,,,,,,,,
6a2f8faa0de103506950db64,20613,java,windows,,,,,,,,,,,,,,windows,,windows,,,,,,,,,,,,,,,,,,,,,,,,,,,,,java,windows,,,,,,,,,,,,,,,,,,,,,,,,,,,,,,,,,,,,java,windows,,,,,,,,,,,,,,java,windows,,,,,,,,,,,,,,,,,,,,
6a2f8faa0de103506950db65,20722,java,jsp,,,,,,,,,,,,,,multiple,,java,,,,,,,,,,,,,,,,,,,,,,,,,,,,,java,jsp,,,,,,,,,,,,,,,,,,,,,,,,,,,,,,,,,,,,java,jsp,,,,,,,,,,,,,,java,jsp,,,,,,,,,,,,,,,,,,,,
6a2f8faa0de103506950db66,20752,perl,,,,,,,,,,,,,,,cgi,,perl,,,,,,,,,,,,,,,,,,,,,,,,,,,,,,,,,,,,,,,,,,,,,,,,,,,,,,,,,,,,,,,,,,,,,,,,,,,,,,,,,perl,,,,,,,,,,,,,,,,,,,,,
6a2f8faa0de103506950db67,20792,netware,,,,,,,,,,,,,,,multiple,,netware,windows,,,,,,,,,,,,,,,,,,,,,,,,,,,,netware,,,,,,,,,,,,,,,,,,,,,,,,,,,,,,,,,,,,,netware,,,,,,,,,,,,,,,netware,,,,,,,,,,,,,,,,,,,,,
6a2f8faa0de103506950db68,20975,ios,,,,,,,,,,,,,,,hardware,,perl,,,,,,,,,,,,,,,,,,,,,,,,,,,,,,,,,,,,,,,,,,,,,,,,,,,,,,,,,,,,,,,,,,ios,,,,,,,,,,,,,,,ios,,,,,,,,,,,,,,,,,,,,,
6a2f8faa0de103506950db69,20976,ios,,,,,,,,,,,,,,,hardware,,ios,,,,,,,,,,,,,,,,,,,,,,,,,,,,,,,,,,,,,,,,,,,,,,,,,,,,,,,,,,,,,,,,,,ios,,,,,,,,,,,,,,,ios,,,,,,,,,,,,,,,,,,,,,
6a2f8faa0de103506950db6a,20977,ios,,,,,,,,,,,,,,,hardware,,perl,,,,,,,,,,,,,,,,,,,,,,,,,,,,,,,,,,,,,,,,,,,,,,,,,,,,,,,,,,,,,,,,,,ios,,,,,,,,,,,,,,,ios,,,,,,,,,,,,,,,,,,,,,
6a2f8faa0de103506950db6b,20978,ios,,,,,,,,,,,,,,,hardware,,cisco ios,,,,,,,,,,,,,,,,,,,,,,,,,,,,,,,,,,,,,,,,,,,,,,,,,,,,,,,,,,,,,,,,,,ios,,,,,,,,,,,,,,,ios,,,,,,,,,,,,,,,,,,,,,
6a2f8faa0de103506950db6c,21018,bsd,,,,,,,,,,,,,,,unix,,bsd,hp-ux,irix,solaris,,,,,,,,,,,,,,,,,,,,,,,,,,bsd,,,,,,,,,,,,,,,,,,,,,,,,,,,,,,,,,,,,,bsd,linux,,,,,,,,,,,,,,bsd,,,,,,,,,,,,,,,,,,,,,
6a2f8faa0de103506950db6d,20830,windows,,,,,,,,,,,,,,,windows,,ms-dos,,,,,,,,,,,,,,,,,,,,,,,,,,,,,,,,,,,,,,,,,,,,,,,,,,,,,,,,,,,,,,,,,,windows,,,,,,,,,,,,,,,windows,,,,,,,,,,,,,,,,,,,,,
6a2f8faa0de103506950db6e,20716,java,jsp,,,,,,,,,,,,,,windows,,java,windows,,,,,,,,,,,,,,,,,,,,,,,,,,,,java,jsp,,,,,,,,,,,,,,,,,,,,,,,,,,,,,,,,,,,,java,jsp,,,,,,,,,,,,,,java,jsp,,,,,,,,,,,,,,,,,,,,
6a2f8faa0de103506950db6f,20905,linux,,,,,,,,,,,,,,,unix,,unixware,,,,,,,,,,,,,,,,,,,,,,,,,,,,,linux,,,,,,,,,,,,,,,,,,,,,,,,,,,,,,,,,,,,,linux,,,,,,,,,,,,,,,linux,,,,,,,,,,,,,,,,,,,,,
6a2f8faa0de103506950db70,20894,unix,,,,,,,,,,,,,,,multiple,,java,,,,,,,,,,,,,,,,,,,,,,,,,,,,,unix,,,,,,,,,,,,,,,,,,,,,,,,,,,,,,,,,,,,,unix,,,,,,,,,,,,,,,unix,,,,,,,,,,,,,,,,,,,,,
6a2f8faa0de103506950db71,57,unixware,,,,,,,,,,,,,,,solaris,,solaris,,,,,,,,,,,,,,,,,,,,,,,,,,,,,unixware,,,,,,,,,,,,,,,,,,,,,,,,,,,,,,,,,,,,,unixware,,,,,,,,,,,,,,,unixware,,,,,,,,,,,,,,,,,,,,,
6a2f8faa0de103506950db72,346,unixware,,,,,,,,,,,,,,,linux,linux-sparc,solaris,sparc,x86,,,,,,,,,,,,,,,,,,,,,,,,,,,unixware,,,,,,,,,,,,,,,,,,,,,,,,,,,,,,,,,,,,,unixware,,,,,,,,,,,,,,,unixware,,,,,,,,,,,,,,,,,,,,,
6a2f8faa0de103506950db73,716,unixware,,,,,,,,,,,,,,,solaris,,solaris,sparc,,,,,,,,,,,,,,,,,,,,,,,,,,,,unixware,,,,,,,,,,,,,,,,,,,,,,,,,,,,,,,,,,,,,unixware,,,,,,,,,,,,,,,unixware,,,,,,,,,,,,,,,,,,,,,
6a2f8faa0de103506950db74,9917,unixware,,,,,,,,,,,,,,,solaris,,solaris,,,,,,,,,,,,,,,,,,,,,,,,,,,,,unixware,,,,,,,,,,,,,,,,,,,,,,,,,,,,,,,,,,,,,unixware,,,,,,,,,,,,,,,unixware,,,,,,,,,,,,,,,,,,,,,
6a2f8faa0de103506950db75,10036,unixware,,,,,,,,,,,,,,,solaris,,solaris,sparc,,,,,,,,,,,,,,,,,,,,,,,,,,,,unixware,,,,,,,,,,,,,,,,,,,,,,,,,,,,,,,,,,,,,unixware,,,,,,,,,,,,,,,unixware,,,,,,,,,,,,,,,,,,,,,
6a2f8faa0de103506950db76,16327,unixware,,,,,,,,,,,,,,,solaris,,solaris,,,,,,,,,,,,,,,,,,,,,,,,,,,,,unixware,,,,,,,,,,,,,,,,,,,,,,,,,,,,,,,,,,,,,unixware,,,,,,,,,,,,,,,unixware,,,,,,,,,,,,,,,,,,,,,
6a2f8faa0de103506950db77,16928,unixware,,,,,,,,,,,,,,,linux,,solaris,sparc,,,,,,,,,,,,,,,,,,,,,,,,,,,,unixware,,,,,,,,,,,,,,,,,,,,,,,,,,,,,,,,,,,,,unixware,,,,,,,,,,,,,,,unixware,,,,,,,,,,,,,,,,,,,,,
6a2f8faa0de103506950db78,9923,,,,,,,,,,,,,,,,solaris,,solaris,sparc,,,,,,,,,,,,,,,,,,,,,,,,,,,,,,,,,,,,,,,,,,,,,,,,,,,,,,,,,,,,,,,,,linux,unix,,,,,,,,,,,,,,unixware,,,,,,,,,,,,,,,,,,,,,
6a2f8faa0de103506950db79,16323,,,,,,,,,,,,,,,,solaris,solaris-sparc,solaris,sparc,,,,,,,,,,,,,,,,,,,,,,,,,,,,,,,,,,,,,,,,,,,,,,,,,,,,,,,,,,,,,,,,,linux,unix,,,,,,,,,,,,,,unixware,,,,,,,,,,,,,,,,,,,,,
6a2f8faa0de103506950db7a,21160,cgi,,,,,,,,,,,,,,,multiple,,linux,windows,x86,x86-64,,,,,,,,,,,,,,,,,,,,,,,,,,cgi,,,,,,,,,,,,,,,,,,,,,,,,,,,,,,,,,,,,,cgi,,,,,,,,,,,,,,,cgi,,,,,,,,,,,,,,,,,,,,,
6a2f8faa0de103506950db7b,21113,asp,windows,,,,,,,,,,,,,,windows,,windows,,,,,,,,,,,,,,,,,,,,,,,,,,,,,asp,windows,,,,,,,,,,,,,,,,,,,,,,,,,,,,,,,,,,,,asp,windows,,,,,,,,,,,,,,asp,windows,,,,,,,,,,,,,,,,,,,,
6a2f8faa0de103506950db7c,21026,cgi,,,,,,,,,,,,,,,multiple,,windows,,,,,,,,,,,,,,,,,,,,,,,,,,,,,cgi,,,,,,,,,,,,,,,,,,,,,,,,,,,,,,,,,,,,,cgi,,,,,,,,,,,,,,,cgi,,,,,,,,,,,,,,,,,,,,,
6a2f8faa0de103506950db7d,20993,aix,bsd,hp-ux,linux,solaris,unixware,,,,,,,,,,unix,,unixware,,,,,,,,,,,,,,,,,,,,,,,,,,,,,linux,unixware,x86,,,,,,,,,,,,,,,,,,,,,,,,,,,,,,,,,,,aix,bsd,hp-ux,linux,solaris,unixware,,,,,,,,,,aix,bsd,hp-ux,linux,solaris,unixware,,,,,,,,,,,,,,,,
6a2f8faa0de103506950db7e,20782,windows,xml,,,,,,,,,,,,,,windows,,xml,,,,,,,,,,,,,,,,,,,,,,,,,,,,,windows,,,,,,,,,,,,,,,,,,,,,,,,,,,,,,,,,,,,,windows,xml,,,,,,,,,,,,,,windows,xml,,,,,,,,,,,,,,,,,,,,
6a2f8faa0de103506950db7f,21039,cgi,,,,,,,,,,,,,,,windows,,perl,,,,,,,,,,,,,,,,,,,,,,,,,,,,,cgi,,,,,,,,,,,,,,,,,,,,,,,,,,,,,,,,,,,,,cgi,,,,,,,,,,,,,,,cgi,,,,,,,,,,,,,,,,,,,,,
6a2f8faa0de103506950db80,21432,jsp,linux,windows,,,,,,,,,,,,,windows,,java,linux,windows,,,,,,,,,,,,,,,,,,,,,,,,,,,jsp,,,,,,,,,,,,,,,,,,,,,,,,,,,,,,,,,,,,,jsp,linux,windows,,,,,,,,,,,,,jsp,,,,,,,,,,,,,,,,,,,,,
6a2f8faa0de103506950db81,21225,cgi,windows,,,,,,,,,,,,,,windows,,linux,solaris,windows,,,,,,,,,,,,,,,,,,,,,,,,,,,cgi,windows,,,,,,,,,,,,,,,,,,,,,,,,,,,,,,,,,,,,cgi,windows,,,,,,,,,,,,,,cgi,windows,,,,,,,,,,,,,,,,,,,,
6a2f8faa0de103506950db82,4673,macos,windows,,,,,,,,,,,,,,multiple,,macos,ppc,windows,x86,,,,,,,,,,,,,,,,,,,,,,,,,,macos,,,,,,,,,,,,,,,,,,,,,,,,,,,,,,,,,,,,,macos,,,,,,,,,,,,,,,macos,windows,,,,,,,,,,,,,,,,,,,,
6a2f8faa0de103506950db83,21276,cgi,,,,,,,,,,,,,,,multiple,,,,,,,,,,,,,,,,,,,,,,,,,,,,,,,cgi,,,,,,,,,,,,,,,,,,,,,,,,,,,,,,,,,,,,,cgi,,,,,,,,,,,,,,,cgi,,,,,,,,,,,,,,,,,,,,,
6a2f8faa0de103506950db84,21295,java,jsp,,,,,,,,,,,,,,multiple,,java,linux,windows,,,,,,,,,,,,,,,,,,,,,,,,,,,java,jsp,,,,,,,,,,,,,,,,,,,,,,,,,,,,,,,,,,,,java,,,,,,,,,,,,,,,java,jsp,,,,,,,,,,,,,,,,,,,,
6a2f8faa0de103506950db85,21340,cgi,perl,solaris,,,,,,,,,,,,,cgi,,solaris,,,,,,,,,,,,,,,,,,,,,,,,,,,,,cgi,perl,,,,,,,,,,,,,,,,,,,,,,,,,,,,,,,,,,,,cgi,perl,solaris,,,,,,,,,,,,,cgi,perl,,,,,,,,,,,,,,,,,,,,
6a2f8faa0de103506950db86,21235,asp,,,,,,,,,,,,,,,windows,,linux,windows,x86,x86-64,,,,,,,,,,,,,,,,,,,,,,,,,,asp,,,,,,,,,,,,,,,,,,,,,,,,,,,,,,,,,,,,,asp,,,,,,,,,,,,,,,asp,,,,,,,,,,,,,,,,,,,,,
6a2f8faa0de103506950db87,21355,asp,jsp,linux,windows,,,,,,,,,,,,jsp,,jsp,linux,windows,,,,,,,,,,,,,,,,,,,,,,,,,,,asp,jsp,,,,,,,,,,,,,,,,,,,,,,,,,,,,,,,,,,,,asp,jsp,linux,unix,windows,,,,,,,,,,,asp,jsp,,,,,,,,,,,,,,,,,,,,
6a2f8faa0de103506950db88,22228,,,,,,,,,,,,,,,,cgi,,perl,,,,,,,,,,,,,,,,,,,,,,,,,,,,,,,,,,,,,,,,,,,,,,,,,,,,,,,,,,,,,,,,,,,,,,,,,,,,,,,,,cgi,,,,,,,,,,,,,,,,,,,,,
6a2f8faa0de103506950db89,21579,bsd,,,,,,,,,,,,,,,unix,,bsd,,,,,,,,,,,,,,,,,,,,,,,,,,,,,bsd,,,,,,,,,,,,,,,,,,,,,,,,,,,,,,,,,,,,,bsd,,,,,,,,,,,,,,,bsd,,,,,,,,,,,,,,,,,,,,,
6a2f8faa0de103506950db8a,21604,java,,,,,,,,,,,,,,,linux,,linux,windows,,,,,,,,,,,,,,,,,,,,,,,,,,,,java,,,,,,,,,,,,,,,,,,,,,,,,,,,,,,,,,,,,,java,,,,,,,,,,,,,,,java,,,,,,,,,,,,,,,,,,,,,
6a2f8faa0de103506950db8b,21411,perl,,,,,,,,,,,,,,,cgi,,java,linux,windows,,,,,,,,,,,,,,,,,,,,,,,,,,,perl,,,,,,,,,,,,,,,,,,,,,,,,,,,,,,,,,,,,,perl,,,,,,,,,,,,,,,perl,,,,,,,,,,,,,,,,,,,,,
6a2f8faa0de103506950db8c,21457,asp,windows,,,,,,,,,,,,,,asp,,asp,windows,,,,,,,,,,,,,,,,,,,,,,,,,,,,asp,,,,,,,,,,,,,,,,,,,,,,,,,,,,,,,,,,,,,asp,windows,,,,,,,,,,,,,,asp,windows,,,,,,,,,,,,,,,,,,,,
6a2f8faa0de103506950db8d,21641,python,,,,,,,,,,,,,,,cgi,,python,,,,,,,,,,,,,,,,,,,,,,,,,,,,,,,,,,,,,,,,,,,,,,,,,,,,,,,,,,,,,,,,,,,,,,,,,,,,,,,,,python,,,,,,,,,,,,,,,,,,,,,
6a2f8faa0de103506950db8e,21642,python,,,,,,,,,,,,,,,cgi,,python,,,,,,,,,,,,,,,,,,,,,,,,,,,,,,,,,,,,,,,,,,,,,,,,,,,,,,,,,,,,,,,,,,,,,,,,,,,,,,,,,python,,,,,,,,,,,,,,,,,,,,,
6a2f8faa0de103506950db8f,21470,java,jsp,windows,,,,,,,,,,,,,windows,,java,jsp,windows,,,,,,,,,,,,,,,,,,,,,,,,,,,jsp,,,,,,,,,,,,,,,,,,,,,,,,,,,,,,,,,,,,,java,jsp,windows,,,,,,,,,,,,,java,jsp,windows,,,,,,,,,,,,,,,,,,,
6a2f8faa0de103506950db90,21471,java,jsp,windows,,,,,,,,,,,,,windows,,java,windows,,,,,,,,,,,,,,,,,,,,,,,,,,,,jsp,,,,,,,,,,,,,,,,,,,,,,,,,,,,,,,,,,,,,java,jsp,windows,,,,,,,,,,,,,jsp,,,,,,,,,,,,,,,,,,,,,
6a2f8faa0de103506950db91,21534,java,jsp,windows,,,,,,,,,,,,,linux,,jsp,windows,,,,,,,,,,,,,,,,,,,,,,,,,,,,java,jsp,,,,,,,,,,,,,,,,,,,,,,,,,,,,,,,,,,,,java,windows,,,,,,,,,,,,,,java,jsp,,,,,,,,,,,,,,,,,,,,
6a2f8faa0de103506950db92,21536,java,jsp,windows,,,,,,,,,,,,,windows,,jsp,windows,,,,,,,,,,,,,,,,,,,,,,,,,,,,java,jsp,,,,,,,,,,,,,,,,,,,,,,,,,,,,,,,,,,,,java,jsp,windows,,,,,,,,,,,,,java,jsp,,,,,,,,,,,,,,,,,,,,
6a2f8faa0de103506950db93,21573,perl,,,,,,,,,,,,,,,cgi,,cgi,,,,,,,,,,,,,,,,,,,,,,,,,,,,,perl,,,,,,,,,,,,,,,,,,,,,,,,,,,,,,,,,,,,,perl,,,,,,,,,,,,,,,perl,,,,,,,,,,,,,,,,,,,,,
6a2f8faa0de103506950db94,21721,java,windows,xml,,,,,,,,,,,,,windows,,windows,,,,,,,,,,,,,,,,,,,,,,,,,,,,,java,windows,xml,,,,,,,,,,,,,,,,,,,,,,,,,,,,,,,,,,,windows,xml,,,,,,,,,,,,,,java,windows,xml,,,,,,,,,,,,,,,,,,,
6a2f8faa0de103506950db95,21758,unixware,,,,,,,,,,,,,,,unix,,linux,,,,,,,,,,,,,,,,,,,,,,,,,,,,,unixware,,,,,,,,,,,,,,,,,,,,,,,,,,,,,,,,,,,,,unixware,,,,,,,,,,,,,,,unixware,,,,,,,,,,,,,,,,,,,,,
6a2f8faa0de103506950db96,21621,java,jsp,,,,,,,,,,,,,,jsp,,java,windows,,,,,,,,,,,,,,,,,,,,,,,,,,,,jsp,,,,,,,,,,,,,,,,,,,,,,,,,,,,,,,,,,,,,jsp,,,,,,,,,,,,,,,java,jsp,,,,,,,,,,,,,,,,,,,,
6a2f8faa0de103506950db97,21620,cgi,windows,,,,,,,,,,,,,,cgi,,windows,,,,,,,,,,,,,,,,,,,,,,,,,,,,,cgi,windows,,,,,,,,,,,,,,,,,,,,,,,,,,,,,,,,,,,,cgi,,,,,,,,,,,,,,,cgi,,,,,,,,,,,,,,,,,,,,,
6a2f8faa0de103506950db98,21609,perl,,,,,,,,,,,,,,,cgi,,unixware,windows,,,,,,,,,,,,,,,,,,,,,,,,,,,,perl,,,,,,,,,,,,,,,,,,,,,,,,,,,,,,,,,,,,,perl,,,,,,,,,,,,,,,perl,,,,,,,,,,,,,,,,,,,,,
6a2f8faa0de103506950db99,21796,bsd,,,,,,,,,,,,,,,unix,,linux,,,,,,,,,,,,,,,,,,,,,,,,,,,,,bsd,,,,,,,,,,,,,,,,,,,,,,,,,,,,,,,,,,,,,bsd,,,,,,,,,,,,,,,bsd,,,,,,,,,,,,,,,,,,,,,
6a2f8faa0de103506950db9a,21797,bsd,,,,,,,,,,,,,,,unix,,linux,,,,,,,,,,,,,,,,,,,,,,,,,,,,,bsd,,,,,,,,,,,,,,,,,,,,,,,,,,,,,,,,,,,,,bsd,,,,,,,,,,,,,,,bsd,,,,,,,,,,,,,,,,,,,,,
6a2f8faa0de103506950db9b,21949,windows,,,,,,,,,,,,,,,unix,,java,,,,,,,,,,,,,,,,,,,,,,,,,,,,,windows,,,,,,,,,,,,,,,,,,,,,,,,,,,,,,,,,,,,,cgi,windows,,,,,,,,,,,,,,windows,,,,,,,,,,,,,,,,,,,,,
6a2f8faa0de103506950db9c,21895,java,,,,,,,,,,,,,,,cgi,,windows,,,,,,,,,,,,,,,,,,,,,,,,,,,,,java,,,,,,,,,,,,,,,,,,,,,,,,,,,,,,,,,,,,,cgi,java,,,,,,,,,,,,,,java,,,,,,,,,,,,,,,,,,,,,
6a2f8faa0de103506950db9d,22036,solaris,,,,,,,,,,,,,,,unix,,linux,x86,,,,,,,,,,,,,,,,,,,,,,,,,,,,solaris,,,,,,,,,,,,,,,,,,,,,,,,,,,,,,,,,,,,,solaris,,,,,,,,,,,,,,,solaris,,,,,,,,,,,,,,,,,,,,,
6a2f8faa0de103506950db9e,22106,aix,bsd,hp-ux,linux,macos,solaris,,,,,,,,,,linux,,bsd,,,,,,,,,,,,,,,,,,,,,,,,,,,,,aix,bsd,hp-ux,linux,macos,solaris,,,,,,,,,,,,,,,,,,,,,,,,,,,,,,,,aix,bsd,hp-ux,linux,solaris,unixware,,,,,,,,,,aix,bsd,hp-ux,linux,macos,solaris,,,,,,,,,,,,,,,,
6a2f8faa0de103506950db9f,21877,cgi,perl,,,,,,,,,,,,,,cgi,,cgi,linux,windows,,,,,,,,,,,,,,,,,,,,,,,,,,,cgi,perl,,,,,,,,,,,,,,,,,,,,,,,,,,,,,,,,,,,,cgi,perl,,,,,,,,,,,,,,cgi,perl,,,,,,,,,,,,,,,,,,,,
6a2f8faa0de103506950dba0,21979,windows,,,,,,,,,,,,,,,cgi,,unixware,,,,,,,,,,,,,,,,,,,,,,,,,,,,,,,,,,,,,,,,,,,,,,,,,,,,,,,,,,,,,,,,,,unix,windows,,,,,,,,,,,,,,windows,,,,,,,,,,,,,,,,,,,,,
6a2f8faa0de103506950dba1,21488,netware,perl,,,,,,,,,,,,,,novell,,netware,perl,,,,,,,,,,,,,,,,,,,,,,,,,,,,netware,perl,,,,,,,,,,,,,,,,,,,,,,,,,,,,,,,,,,,,,,,,,,,,,,,,,,,netware,novell,perl,,,,,,,,,,,,,,,,,,,
6a2f8faa0de103506950dba2,21385,asp,windows,,,,,,,,,,,,,,windows,,asp,windows,,,,,,,,,,,,,,,,,,,,,,,,,,,,windows,,,,,,,,,,,,,,,,,,,,,,,,,,,,,,,,,,,,,asp,windows,,,,,,,,,,,,,,asp,windows,,,,,,,,,,,,,,,,,,,,
6a2f8faa0de103506950dba3,21854,cgi,,,,,,,,,,,,,,,linux,,linux,,,,,,,,,,,,,,,,,,,,,,,,,,,,,cgi,,,,,,,,,,,,,,,,,,,,,,,,,,,,,,,,,,,,,cgi,,,,,,,,,,,,,,,cgi,,,,,,,,,,,,,,,,,,,,,
6a2f8faa0de103506950dba4,21567,cgi,perl,,,,,,,,,,,,,,cgi,,cgi,,,,,,,,,,,,,,,,,,,,,,,,,,,,,perl,,,,,,,,,,,,,,,,,,,,,,,,,,,,,,,,,,,,,cgi,perl,,,,,,,,,,,,,,perl,,,,,,,,,,,,,,,,,,,,,
6a2f8faa0de103506950dba5,21490,java,jsp,,,,,,,,,,,,,,multiple,,java,,,,,,,,,,,,,,,,,,,,,,,,,,,,,java,jsp,,,,,,,,,,,,,,,,,,,,,,,,,,,,,,,,,,,,java,jsp,,,,,,,,,,,,,,java,jsp,,,,,,,,,,,,,,,,,,,,
6a2f8faa0de103506950dba6,21491,java,jsp,,,,,,,,,,,,,,multiple,,java,,,,,,,,,,,,,,,,,,,,,,,,,,,,,java,jsp,,,,,,,,,,,,,,,,,,,,,,,,,,,,,,,,,,,,java,jsp,,,,,,,,,,,,,,java,jsp,,,,,,,,,,,,,,,,,,,,
6a2f8faa0de103506950dba7,21492,java,jsp,,,,,,,,,,,,,,multiple,,java,,,,,,,,,,,,,,,,,,,,,,,,,,,,,java,jsp,,,,,,,,,,,,,,,,,,,,,,,,,,,,,,,,,,,,java,jsp,,,,,,,,,,,,,,java,jsp,,,,,,,,,,,,,,,,,,,,
6a2f8faa0de103506950dba8,21405,cgi,perl,,,,,,,,,,,,,,cgi,,cgi,,,,,,,,,,,,,,,,,,,,,,,,,,,,,cgi,perl,,,,,,,,,,,,,,,,,,,,,,,,,,,,,,,,,,,,cgi,linux,perl,unixware,,,,,,,,,,,,cgi,perl,,,,,,,,,,,,,,,,,,,,
6a2f8faa0de103506950dba9,21995,php,,,,,,,,,,,,,,,cgi,,cgi,,,,,,,,,,,,,,,,,,,,,,,,,,,,,php,,,,,,,,,,,,,,,,,,,,,,,,,,,,,,,,,,,,,php,,,,,,,,,,,,,,,,,,,,,,,,,,,,,,,,,,,,
6a2f8faa0de103506950dbaa,21962,cgi,perl,,,,,,,,,,,,,,cgi,,cgi,,,,,,,,,,,,,,,,,,,,,,,,,,,,,cgi,perl,,,,,,,,,,,,,,,,,,,,,,,,,,,,,,,,,,,,cgi,perl,,,,,,,,,,,,,,cgi,perl,,,,,,,,,,,,,,,,,,,,
6a2f8faa0de103506950dbab,21586,perl,,,,,,,,,,,,,,,linux,,linux,,,,,,,,,,,,,,,,,,,,,,,,,,,,,cgi,perl,,,,,,,,,,,,,,,,,,,,,,,,,,,,,,,,,,,,perl,,,,,,,,,,,,,,,perl,,,,,,,,,,,,,,,,,,,,,
6a2f8faa0de103506950dbac,22205,java,jsp,,,,,,,,,,,,,,linux,,java,,,,,,,,,,,,,,,,,,,,,,,,,,,,,java,jsp,,,,,,,,,,,,,,,,,,,,,,,,,,,,,,,,,,,,java,jsp,,,,,,,,,,,,,,java,jsp,,,,,,,,,,,,,,,,,,,,
6a2f8faa0de103506950dbad,16891,cgi,macos,,,,,,,,,,,,,,cgi,,unixware,,,,,,,,,,,,,,,,,,,,,,,,,,,,,macos,,,,,,,,,,,,,,,,,,,,,,,,,,,,,,,,,,,,,cgi,macos,perl,,,,,,,,,,,,,cgi,macos,,,,,,,,,,,,,,,,,,,,
6a2f8faa0de103506950dbae,22555,asp,windows,,,,,,,,,,,,,,asp,,asp,,,,,,,,,,,,,,,,,,,,,,,,,,,,,asp,windows,,,,,,,,,,,,,,,,,,,,,,,,,,,,,,,,,,,,windows,,,,,,,,,,,,,,,asp,windows,,,,,,,,,,,,,,,,,,,,
6a2f8faa0de103506950dbaf,21730,cgi,perl,,,,,,,,,,,,,,cgi,,,,,,,,,,,,,,,,,,,,,,,,,,,,,,,cgi,perl,,,,,,,,,,,,,,,,,,,,,,,,,,,,,,,,,,,,cgi,perl,,,,,,,,,,,,,,cgi,perl,,,,,,,,,,,,,,,,,,,,
6a2f8faa0de103506950dbb0,21729,perl,,,,,,,,,,,,,,,cgi,,,,,,,,,,,,,,,,,,,,,,,,,,,,,,,perl,,,,,,,,,,,,,,,,,,,,,,,,,,,,,,,,,,,,,,,,,,,,,,,,,,,,cgi,perl,,,,,,,,,,,,,,,,,,,,
6a2f8faa0de103506950dbb1,26,bsd,linux,,,,,,,,,,,,,,linux,,bsd,linux,,,,,,,,,,,,,,,,,,,,,,,,,,,,,,,,,,,,,,,,,,,,,,,,,,,,,,,,,,,,,,,,,,,,,,,,,,,,,,,,aix,bsd,hp-ux,irix,linux,qnx,sco,solaris,tru64,unixware,vxworks,,,,,,,,,,,
6a2f8faa0de103506950dbb2,22665,java,jsp,windows,,,,,,,,,,,,,windows,,java,windows,,,,,,,,,,,,,,,,,,,,,,,,,,,,java,jsp,windows,,,,,,,,,,,,,,,,,,,,,,,,,,,,,,,,,,,java,jsp,windows,,,,,,,,,,,,,java,jsp,windows,,,,,,,,,,,,,,,,,,,
6a2f8faa0de103506950dbb3,22753,,,,,,,,,,,,,,,,cgi,,linux,x86,,,,,,,,,,,,,,,,,,,,,,,,,,,,,,,,,,,,,,,,,,,,,,,,,,,,,,,,,,,,,,,,,,,,,,,,,,,,,,,,cgi,,,,,,,,,,,,,,,,,,,,,
6a2f8faa0de103506950dbb4,22754,,,,,,,,,,,,,,,,cgi,,perl,,,,,,,,,,,,,,,,,,,,,,,,,,,,,,,,,,,,,,,,,,,,,,,,,,,,,,,,,,,,,,,,,,,,,,,,,,,,,,,,,cgi,,,,,,,,,,,,,,,,,,,,,
6a2f8faa0de103506950dbb5,41,cgi,,,,,,,,,,,,,,,linux,,linux,x86,,,,,,,,,,,,,,,,,,,,,,,,,,,,,,,,,,,,,,,,,,,,,,,,,,,,,,,,,,,,,,,,,cgi,php,,,,,,,,,,,,,,cgi,,,,,,,,,,,,,,,,,,,,,
6a2f8faa0de103506950dbb6,22783,windows,xml,,,,,,,,,,,,,,windows,,windows,,,,,,,,,,,,,,,,,,,,,,,,,,,,,windows,xml,,,,,,,,,,,,,,,,,,,,,,,,,,,,,,,,,,,,windows,xml,,,,,,,,,,,,,,windows,xml,,,,,,,,,,,,,,,,,,,,
6a2f8faa0de103506950dbb7,23800,ios,macos,,,,,,,,,,,,,,macos,,cgi,macos,,,,,,,,,,,,,,,,,,,,,,,,,,,,ios,macos,,,,,,,,,,,,,,,,,,,,,,,,,,,,,,,,,,,,ios,macos,,,,,,,,,,,,,,ios,macos,,,,,,,,,,,,,,,,,,,,
6a2f8faa0de103506950dbb8,22949,netware,perl,,,,,,,,,,,,,,netware,,cgi,netware,,,,,,,,,,,,,,,,,,,,,,,,,,,,netware,perl,,,,,,,,,,,,,,,,,,,,,,,,,,,,,,,,,,,,netware,perl,,,,,,,,,,,,,,netware,perl,,,,,,,,,,,,,,,,,,,,
6a2f8faa0de103506950dbb9,585,windows,xml,,,,,,,,,,,,,,windows,,windows,,,,,,,,,,,,,,,,,,,,,,,,,,,,,windows,xml,,,,,,,,,,,,,,,,,,,,,,,,,,,,,,,,,,,,windows,xml,,,,,,,,,,,,,,windows,xml,,,,,,,,,,,,,,,,,,,,
6a2f8faa0de103506950dbba,23069,windows,,,,,,,,,,,,,,,multiple,,,,,,,,,,,,,,,,,,,,,,,,,,,,,,,windows,,,,,,,,,,,,,,,,,,,,,,,,,,,,,,,,,,,,,windows,,,,,,,,,,,,,,,windows,,,,,,,,,,,,,,,,,,,,,
6a2f8faa0de103506950dbbb,95,bsd,linux,windows,,,,,,,,,,,,,multiple,,unixware,windows,,,,,,,,,,,,,,,,,,,,,,,,,,,,bsd,linux,windows,,,,,,,,,,,,,,,,,,,,,,,,,,,,,,,,,,,windows,,,,,,,,,,,,,,,bsd,linux,windows,,,,,,,,,,,,,,,,,,,
6a2f8faa0de103506950dbbc,22499,perl,,,,,,,,,,,,,,,cgi,,cgi,,,,,,,,,,,,,,,,,,,,,,,,,,,,,perl,,,,,,,,,,,,,,,,,,,,,,,,,,,,,,,,,,,,,perl,,,,,,,,,,,,,,,perl,,,,,,,,,,,,,,,,,,,,,
6a2f8faa0de103506950dbbd,713,unixware,,,,,,,,,,,,,,,solaris,,solaris,sparc,,,,,,,,,,,,,,,,,,,,,,,,,,,,unixware,,,,,,,,,,,,,,,,,,,,,,,,,,,,,,,,,,,,,unixware,,,,,,,,,,,,,,,unixware,,,,,,,,,,,,,,,,,,,,,
6a2f8faa0de103506950dbbe,714,unixware,,,,,,,,,,,,,,,solaris,,solaris,sparc,,,,,,,,,,,,,,,,,,,,,,,,,,,,unixware,,,,,,,,,,,,,,,,,,,,,,,,,,,,,,,,,,,,,unixware,,,,,,,,,,,,,,,unixware,,,,,,,,,,,,,,,,,,,,,
6a2f8faa0de103506950dbbf,23295,cgi,,,,,,,,,,,,,,,linux,,linux,,,,,,,,,,,,,,,,,,,,,,,,,,,,,cgi,,,,,,,,,,,,,,,,,,,,,,,,,,,,,,,,,,,,,cgi,,,,,,,,,,,,,,,cgi,,,,,,,,,,,,,,,,,,,,,
6a2f8faa0de103506950dbc0,16812,cgi,windows,,,,,,,,,,,,,,windows,,windows,x86,,,,,,,,,,,,,,,,,,,,,,,,,,,,cgi,,,,,,,,,,,,,,,,,,,,,,,,,,,,,,,,,,,,,cgi,,,,,,,,,,,,,,,cgi,windows,,,,,,,,,,,,,,,,,,,,
6a2f8faa0de103506950dbc1,23501,cgi,windows,,,,,,,,,,,,,,windows,,windows,,,,,,,,,,,,,,,,,,,,,,,,,,,,,cgi,,,,,,,,,,,,,,,,,,,,,,,,,,,,,,,,,,,,,cgi,,,,,,,,,,,,,,,cgi,windows,,,,,,,,,,,,,,,,,,,,
6a2f8faa0de103506950dbc2,23502,cgi,windows,,,,,,,,,,,,,,windows,,windows,,,,,,,,,,,,,,,,,,,,,,,,,,,,,cgi,,,,,,,,,,,,,,,,,,,,,,,,,,,,,,,,,,,,,cgi,,,,,,,,,,,,,,,cgi,windows,,,,,,,,,,,,,,,,,,,,
6a2f8faa0de103506950dbc3,23238,php,unix,windows,,,,,,,,,,,,,php,,php,,,,,,,,,,,,,,,,,,,,,,,,,,,,,php,unix,windows,,,,,,,,,,,,,,,,,,,,,,,,,,,,,,,,,,,php,unix,windows,,,,,,,,,,,,,php,unix,windows,,,,,,,,,,,,,,,,,,,
6a2f8faa0de103506950dbc4,22868,,,,,,,,,,,,,,,,asp,,php,,,,,,,,,,,,,,,,,,,,,,,,,,,,,,,,,,,,,,,,,,,,,,,,,,,,,,,,,,,,,,,,,,,,,,,,,,,,,,,,,asp,,,,,,,,,,,,,,,,,,,,,
6a2f8faa0de103506950dbc5,22202,cgi,perl,,,,,,,,,,,,,,php,,php,,,,,,,,,,,,,,,,,,,,,,,,,,,,,cgi,perl,,,,,,,,,,,,,,,,,,,,,,,,,,,,,,,,,,,,cgi,perl,,,,,,,,,,,,,,cgi,perl,,,,,,,,,,,,,,,,,,,,
6a2f8faa0de103506950dbc6,22260,cgi,perl,,,,,,,,,,,,,,cgi,,cgi,linux,,,,,,,,,,,,,,,,,,,,,,,,,,,,cgi,perl,,,,,,,,,,,,,,,,,,,,,,,,,,,,,,,,,,,,cgi,perl,,,,,,,,,,,,,,cgi,perl,,,,,,,,,,,,,,,,,,,,
6a2f8faa0de103506950dbc7,23275,perl,,,,,,,,,,,,,,,cgi,,cgi,,,,,,,,,,,,,,,,,,,,,,,,,,,,,perl,,,,,,,,,,,,,,,,,,,,,,,,,,,,,,,,,,,,,perl,,,,,,,,,,,,,,,perl,,,,,,,,,,,,,,,,,,,,,
6a2f8faa0de103506950dbc8,23257,java,,,,,,,,,,,,,,,multiple,,cgi,java,,,,,,,,,,,,,,,,,,,,,,,,,,,,java,,,,,,,,,,,,,,,,,,,,,,,,,,,,,,,,,,,,,java,,,,,,,,,,,,,,,java,,,,,,,,,,,,,,,,,,,,,
6a2f8faa0de103506950dbc9,23266,perl,,,,,,,,,,,,,,,cgi,,cgi,,,,,,,,,,,,,,,,,,,,,,,,,,,,,perl,,,,,,,,,,,,,,,,,,,,,,,,,,,,,,,,,,,,,perl,,,,,,,,,,,,,,,perl,,,,,,,,,,,,,,,,,,,,,
6a2f8faa0de103506950dbca,23682,aix,bsd,hp-ux,irix,linux,sco,solaris,tru64,unixware,,,,,,,linux,,unixware,,,,,,,,,,,,,,,,,,,,,,,,,,,,,linux,x86,,,,,,,,,,,,,,,,,,,,,,,,,,,,,,,,,,,,aix,bsd,hp-ux,irix,linux,sco,solaris,tru64,unixware,,,,,,,aix,bsd,hp-ux,irix,linux,sco,solaris,tru64,unixware,,,,,,,,,,,,,
6a2f8faa0de103506950dbcb,601,c,,,,,,,,,,,,,,,linux,,,,,,,,,,,,,,,,,,,,,,,,,,,,,,,c,,,,,,,,,,,,,,,,,,,,,,,,,,,,,,,,,,,,,xml,,,,,,,,,,,,,,,c,,,,,,,,,,,,,,,,,,,,,
6a2f8faa0de103506950dbcc,17488,windows,xml,,,,,,,,,,,,,,windows,,windows,,,,,,,,,,,,,,,,,,,,,,,,,,,,,xml,,,,,,,,,,,,,,,,,,,,,,,,,,,,,,,,,,,,,windows,xml,,,,,,,,,,,,,,xml,,,,,,,,,,,,,,,,,,,,,
6a2f8faa0de103506950dbcd,24077,aspx,windows,,,,,,,,,,,,,,windows,,windows,,,,,,,,,,,,,,,,,,,,,,,,,,,,,aspx,windows,,,,,,,,,,,,,,,,,,,,,,,,,,,,,,,,,,,,aspx,perl,,,,,,,,,,,,,,aspx,windows,,,,,,,,,,,,,,,,,,,,
6a2f8faa0de103506950dbce,23636,perl,php,,,,,,,,,,,,,,php,,php,,,,,,,,,,,,,,,,,,,,,,,,,,,,,perl,,,,,,,,,,,,,,,,,,,,,,,,,,,,,,,,,,,,,perl,php,,,,,,,,,,,,,,perl,,,,,,,,,,,,,,,,,,,,,
6a2f8faa0de103506950dbcf,23637,perl,php,,,,,,,,,,,,,,php,,php,,,,,,,,,,,,,,,,,,,,,,,,,,,,,perl,,,,,,,,,,,,,,,,,,,,,,,,,,,,,,,,,,,,,perl,php,,,,,,,,,,,,,,perl,,,,,,,,,,,,,,,,,,,,,
6a2f8faa0de103506950dbd0,23715,windows,,,,,,,,,,,,,,,windows,,perl,,,,,,,,,,,,,,,,,,,,,,,,,,,,,,,,,,,,,,,,,,,,,,,,,,,,,,,,,,,,,,,,,,windows,,,,,,,,,,,,,,,windows,,,,,,,,,,,,,,,,,,,,,
6a2f8faa0de103506950dbd1,24080,,,,,,,,,,,,,,,,windows,,linux,perl,,,,,,,,,,,,,,,,,,,,,,,,,,,,,,,,,,,,,,,,,,,,,,,,,,,,,,,,,,,,,,,,,,,,,,,,,,,,,,,,windows,,,,,,,,,,,,,,,,,,,,,
6a2f8faa0de103506950dbd2,360,x86-64,,,,,,,,,,,,,,,multiple,,perl,,,,,,,,,,,,,,,,,,,,,,,,,,,,,x86-64,,,,,,,,,,,,,,,,,,,,,,,,,,,,,,,,,,,,,linux,x86-64,,,,,,,,,,,,,,x86-64,,,,,,,,,,,,,,,,,,,,,
6a2f8faa0de103506950dbd3,371,linux,x86-64,,,,,,,,,,,,,,linux,,linux,,,,,,,,,,,,,,,,,,,,,,,,,,,,,x86-64,,,,,,,,,,,,,,,,,,,,,,,,,,,,,,,,,,,,,linux,x86-64,,,,,,,,,,,,,,x86-64,,,,,,,,,,,,,,,,,,,,,
6a2f8faa0de103506950dbd4,24293,unixware,,,,,,,,,,,,,,,sco,,sco,x86,,,,,,,,,,,,,,,,,,,,,,,,,,,,unixware,,,,,,,,,,,,,,,,,,,,,,,,,,,,,,,,,,,,,unixware,,,,,,,,,,,,,,,unixware,,,,,,,,,,,,,,,,,,,,,
6a2f8faa0de103506950dbd5,418,windows,xml,,,,,,,,,,,,,,windows,,php,windows,,,,,,,,,,,,,,,,,,,,,,,,,,,,windows,xml,,,,,,,,,,,,,,,,,,,,,,,,,,,,,,,,,,,,windows,xml,,,,,,,,,,,,,,windows,xml,,,,,,,,,,,,,,,,,,,,
6a2f8faa0de103506950dbd6,24666,aspx,windows,,,,,,,,,,,,,,asp,,aspx,,,,,,,,,,,,,,,,,,,,,,,,,,,,,aspx,windows,,,,,,,,,,,,,,,,,,,,,,,,,,,,,,,,,,,,aspx,windows,,,,,,,,,,,,,,aspx,windows,,,,,,,,,,,,,,,,,,,,
6a2f8faa0de103506950dbd7,559,linux,windows,,,,,,,,,,,,,,windows,,windows,,,,,,,,,,,,,,,,,,,,,,,,,,,,,linux,windows,,,,,,,,,,,,,,,,,,,,,,,,,,,,,,,,,,,,linux,windows,,,,,,,,,,,,,,linux,windows,,,,,,,,,,,,,,,,,,,,
6a2f8faa0de103506950dbd8,7887,linux,windows,,,,,,,,,,,,,,windows,,perl,,,,,,,,,,,,,,,,,,,,,,,,,,,,,linux,windows,,,,,,,,,,,,,,,,,,,,,,,,,,,,,,,,,,,,linux,windows,,,,,,,,,,,,,,linux,windows,,,,,,,,,,,,,,,,,,,,
6a2f8faa0de103506950dbd9,7888,linux,windows,,,,,,,,,,,,,,windows,,windows,,,,,,,,,,,,,,,,,,,,,,,,,,,,,linux,windows,,,,,,,,,,,,,,,,,,,,,,,,,,,,,,,,,,,,linux,windows,,,,,,,,,,,,,,linux,windows,,,,,,,,,,,,,,,,,,,,
6a2f8faa0de103506950dbda,8267,linux,windows,,,,,,,,,,,,,,windows,,python,windows,,,,,,,,,,,,,,,,,,,,,,,,,,,,linux,windows,,,,,,,,,,,,,,,,,,,,,,,,,,,,,,,,,,,,linux,windows,,,,,,,,,,,,,,linux,windows,,,,,,,,,,,,,,,,,,,,
6a2f8faa0de103506950dbdb,16688,linux,windows,,,,,,,,,,,,,,windows,,windows,,,,,,,,,,,,,,,,,,,,,,,,,,,,,linux,windows,,,,,,,,,,,,,,,,,,,,,,,,,,,,,,,,,,,,linux,windows,,,,,,,,,,,,,,linux,windows,,,,,,,,,,,,,,,,,,,,
6a2f8faa0de103506950dbdc,17600,linux,windows,,,,,,,,,,,,,,windows,,windows,,,,,,,,,,,,,,,,,,,,,,,,,,,,,linux,windows,,,,,,,,,,,,,,,,,,,,,,,,,,,,,,,,,,,,linux,windows,,,,,,,,,,,,,,linux,windows,,,,,,,,,,,,,,,,,,,,
6a2f8faa0de103506950dbdd,629,perl,linux,windows,,,,,,,,,,,,,multiple,,,,,,,,,,,,,,,,,,,,,,,,,,,,,,,perl,linux,windows,,,,,,,,,,,,,,,,,,,,,,,,,,,,,,,,,,,perl,linux,windows,,,,,,,,,,,,,perl,linux,windows,,,,,,,,,,,,,,,,,,,
6a2f8faa0de103506950dbde,24806,perl,,,,,,,,,,,,,,,php,,linux,php,,,,,,,,,,,,,,,,,,,,,,,,,,,,perl,,,,,,,,,,,,,,,,,,,,,,,,,,,,,,,,,,,,,perl,,,,,,,,,,,,,,,perl,,,,,,,,,,,,,,,,,,,,,
6a2f8faa0de103506950dbdf,775,python,,,,,,,,,,,,,,,linux,,linux,x86,,,,,,,,,,,,,,,,,,,,,,,,,,,,python,,,,,,,,,,,,,,,,,,,,,,,,,,,,,,,,,,,,,python,,,,,,,,,,,,,,,python,,,,,,,,,,,,,,,,,,,,,
6a2f8faa0de103506950dbe0,3099,python,,,,,,,,,,,,,,,linux,,linux,x86,,,,,,,,,,,,,,,,,,,,,,,,,,,,python,,,,,,,,,,,,,,,,,,,,,,,,,,,,,,,,,,,,,python,,,,,,,,,,,,,,,python,,,,,,,,,,,,,,,,,,,,,
6a2f8faa0de103506950dbe1,10029,python,,,,,,,,,,,,,,,linux,,linux,x86,,,,,,,,,,,,,,,,,,,,,,,,,,,,python,,,,,,,,,,,,,,,,,,,,,,,,,,,,,,,,,,,,,python,,,,,,,,,,,,,,,python,,,,,,,,,,,,,,,,,,,,,
6a2f8faa0de103506950dbe2,16853,python,,,,,,,,,,,,,,,linux,,linux,x86,,,,,,,,,,,,,,,,,,,,,,,,,,,,python,,,,,,,,,,,,,,,,,,,,,,,,,,,,,,,,,,,,,python,,,,,,,,,,,,,,,python,,,,,,,,,,,,,,,,,,,,,
6a2f8faa0de103506950dbe3,23508,windows,,,,,,,,,,,,,,,hardware,,linux,x86,x86-64,,,,,,,,,,,,,,,,,,,,,,,,,,,,,,,,,,,,,,,,,,,,,,,,,,,,,,,,,,,,,,,,windows,,,,,,,,,,,,,,,windows,,,,,,,,,,,,,,,,,,,,,
6a2f8faa0de103506950dbe4,10037,windows,,,,,,,,,,,,,,,cgi,,bsd,cgi,,,,,,,,,,,,,,,,,,,,,,,,,,,,windows,,,,,,,,,,,,,,,,,,,,,,,,,,,,,,,,,,,,,windows,,,,,,,,,,,,,,,windows,,,,,,,,,,,,,,,,,,,,,
6a2f8faa0de103506950dbe5,24199,asp,,,,,,,,,,,,,,,php,,php,,,,,,,,,,,,,,,,,,,,,,,,,,,,,asp,,,,,,,,,,,,,,,,,,,,,,,,,,,,,,,,,,,,,asp,,,,,,,,,,,,,,,asp,,,,,,,,,,,,,,,,,,,,,
6a2f8faa0de103506950dbe6,24161,asp,linux,windows,,,,,,,,,,,,,windows,,asp,,,,,,,,,,,,,,,,,,,,,,,,,,,,,asp,linux,windows,,,,,,,,,,,,,,,,,,,,,,,,,,,,,,,,,,,asp,linux,windows,,,,,,,,,,,,,asp,linux,windows,,,,,,,,,,,,,,,,,,,
6a2f8faa0de103506950dbe7,24162,asp,linux,windows,,,,,,,,,,,,,windows,,asp,,,,,,,,,,,,,,,,,,,,,,,,,,,,,asp,linux,windows,,,,,,,,,,,,,,,,,,,,,,,,,,,,,,,,,,,asp,linux,windows,,,,,,,,,,,,,asp,linux,windows,,,,,,,,,,,,,,,,,,,
6a2f8faa0de103506950dbe8,24163,asp,linux,windows,,,,,,,,,,,,,windows,,asp,,,,,,,,,,,,,,,,,,,,,,,,,,,,,asp,linux,windows,,,,,,,,,,,,,,,,,,,,,,,,,,,,,,,,,,,asp,linux,windows,,,,,,,,,,,,,asp,linux,windows,,,,,,,,,,,,,,,,,,,
6a2f8faa0de103506950dbe9,43815,jsp,,,,,,,,,,,,,,,asp,,java,,,,,,,,,,,,,,,,,,,,,,,,,,,,,jsp,,,,,,,,,,,,,,,,,,,,,,,,,,,,,,,,,,,,,jsp,,,,,,,,,,,,,,,jsp,,,,,,,,,,,,,,,,,,,,,
6a2f8faa0de103506950dbea,9915,macos,,,,,,,,,,,,,,,multiple,,unixware,,,,,,,,,,,,,,,,,,,,,,,,,,,,,macos,,,,,,,,,,,,,,,,,,,,,,,,,,,,,,,,,,,,,macos,,,,,,,,,,,,,,,macos,,,,,,,,,,,,,,,,,,,,,
6a2f8faa0de103506950dbeb,23559,perl,,,,,,,,,,,,,,,windows,,windows,,,,,,,,,,,,,,,,,,,,,,,,,,,,,perl,,,,,,,,,,,,,,,,,,,,,,,,,,,,,,,,,,,,,perl,,,,,,,,,,,,,,,perl,,,,,,,,,,,,,,,,,,,,,
6a2f8faa0de103506950dbec,9912,perl,,,,,,,,,,,,,,,cgi,,unix,,,,,,,,,,,,,,,,,,,,,,,,,,,,,perl,,,,,,,,,,,,,,,,,,,,,,,,,,,,,,,,,,,,,perl,,,,,,,,,,,,,,,perl,,,,,,,,,,,,,,,,,,,,,
6a2f8faa0de103506950dbed,16905,perl,,,,,,,,,,,,,,,cgi,,unixware,,,,,,,,,,,,,,,,,,,,,,,,,,,,,perl,,,,,,,,,,,,,,,,,,,,,,,,,,,,,,,,,,,,,perl,,,,,,,,,,,,,,,perl,,,,,,,,,,,,,,,,,,,,,
6a2f8faa0de103506950dbee,25072,php,,,,,,,,,,,,,,,multiple,,,,,,,,,,,,,,,,,,,,,,,,,,,,,,,php,,,,,,,,,,,,,,,,,,,,,,,,,,,,,,,,,,,,,php,,,,,,,,,,,,,,,php,,,,,,,,,,,,,,,,,,,,,
6a2f8faa0de103506950dbef,817,perl,,,,,,,,,,,,,,,cgi,,cgi,,,,,,,,,,,,,,,,,,,,,,,,,,,,,perl,,,,,,,,,,,,,,,,,,,,,,,,,,,,,,,,,,,,,perl,,,,,,,,,,,,,,,perl,,,,,,,,,,,,,,,,,,,,,
6a2f8faa0de103506950dbf0,853,perl,,,,,,,,,,,,,,,cgi,,bsd,,,,,,,,,,,,,,,,,,,,,,,,,,,,,perl,,,,,,,,,,,,,,,,,,,,,,,,,,,,,,,,,,,,,perl,,,,,,,,,,,,,,,perl,,,,,,,,,,,,,,,,,,,,,
6a2f8faa0de103506950dbf1,25110,aspx,,,,,,,,,,,,,,,asp,,asp,,,,,,,,,,,,,,,,,,,,,,,,,,,,,aspx,,,,,,,,,,,,,,,,,,,,,,,,,,,,,,,,,,,,,aspx,,,,,,,,,,,,,,,aspx,,,,,,,,,,,,,,,,,,,,,
6a2f8faa0de103506950dbf2,856,symbian,,,,,,,,,,,,,,,hardware,,java,,,,,,,,,,,,,,,,,,,,,,,,,,,,,symbian,,,,,,,,,,,,,,,,,,,,,,,,,,,,,,,,,,,,,symbian,,,,,,,,,,,,,,,symbian,,,,,,,,,,,,,,,,,,,,,
6a2f8faa0de103506950dbf3,25199,perl,,,,,,,,,,,,,,,php,,cgi,,,,,,,,,,,,,,,,,,,,,,,,,,,,,perl,,,,,,,,,,,,,,,,,,,,,,,,,,,,,,,,,,,,,perl,,,,,,,,,,,,,,,perl,,,,,,,,,,,,,,,,,,,,,
6a2f8faa0de103506950dbf4,25252,,,,,,,,,,,,,,,,asp,,,,,,,,,,,,,,,,,,,,,,,,,,,,,,,,,,,,,,,,,,,,,,,,,,,,,,,,,,,,,,,,,,,,,,,,,,,,,,,,,,,asp,,,,,,,,,,,,,,,,,,,,,
6a2f8faa0de103506950dbf5,25269,java,jsp,,,,,,,,,,,,,,jsp,,java,,,,,,,,,,,,,,,,,,,,,,,,,,,,,java,jsp,,,,,,,,,,,,,,,,,,,,,,,,,,,,,,,,,,,,,,,,,,,,,,,,,,,jsp,,,,,,,,,,,,,,,,,,,,,
6a2f8faa0de103506950dbf6,25353,windows,,,,,,,,,,,,,,,unix,,cgi,,,,,,,,,,,,,,,,,,,,,,,,,,,,,windows,,,,,,,,,,,,,,,,,,,,,,,,,,,,,,,,,,,,,windows,,,,,,,,,,,,,,,windows,,,,,,,,,,,,,,,,,,,,,
6a2f8faa0de103506950dbf7,25391,perl,php,,,,,,,,,,,,,,multiple,,php,,,,,,,,,,,,,,,,,,,,,,,,,,,,,perl,php,,,,,,,,,,,,,,,,,,,,,,,,,,,,,,,,,,,,linux,perl,php,solaris,windows,,,,,,,,,,,perl,php,,,,,,,,,,,,,,,,,,,,
6a2f8faa0de103506950dbf8,25420,java,jsp,,,,,,,,,,,,,,multiple,,java,,,,,,,,,,,,,,,,,,,,,,,,,,,,,java,jsp,,,,,,,,,,,,,,,,,,,,,,,,,,,,,,,,,,,,java,jsp,,,,,,,,,,,,,,java,jsp,,,,,,,,,,,,,,,,,,,,
6a2f8faa0de103506950dbf9,1124,windows,,,,,,,,,,,,,,,linux,,perl,,,,,,,,,,,,,,,,,,,,,,,,,,,,,windows,,,,,,,,,,,,,,,,,,,,,,,,,,,,,,,,,,,,,windows,,,,,,,,,,,,,,,windows,,,,,,,,,,,,,,,,,,,,,
6a2f8faa0de103506950dbfa,25822,javascript,xml,,,,,,,,,,,,,,windows,,windows,xml,,,,,,,,,,,,,,,,,,,,,,,,,,,,javascript,xml,,,,,,,,,,,,,,,,,,,,,,,,,,,,,,,,,,,,javascript,xml,,,,,,,,,,,,,,javascript,xml,,,,,,,,,,,,,,,,,,,,
6a2f8faa0de103506950dbfb,972,,,,,,,,,,,,,,,,solaris,,solaris,sparc,,,,,,,,,,,,,,,,,,,,,,,,,,,,,,,,,,,,,,,,,,,,,,,,,,,,,,,,,,,,,,,,,,,,,,,,,,,,,,,,windows,,,,,,,,,,,,,,,,,,,,,
6a2f8faa0de103506950dbfc,25594,cgi,perl,,,,,,,,,,,,,,cgi,,cgi,,,,,,,,,,,,,,,,,,,,,,,,,,,,,cgi,perl,,,,,,,,,,,,,,,,,,,,,,,,,,,,,,,,,,,,cgi,perl,,,,,,,,,,,,,,perl,,,,,,,,,,,,,,,,,,,,,
6a2f8faa0de103506950dbfd,1150,novell,,,,,,,,,,,,,,,windows,,windows,x86,,,,,,,,,,,,,,,,,,,,,,,,,,,,novell,,,,,,,,,,,,,,,,,,,,,,,,,,,,,,,,,,,,,novell,,,,,,,,,,,,,,,novell,,,,,,,,,,,,,,,,,,,,,
6a2f8faa0de103506950dbfe,16815,novell,,,,,,,,,,,,,,,windows,,windows,,,,,,,,,,,,,,,,,,,,,,,,,,,,,novell,,,,,,,,,,,,,,,,,,,,,,,,,,,,,,,,,,,,,novell,,,,,,,,,,,,,,,novell,,,,,,,,,,,,,,,,,,,,,
6a2f8faa0de103506950dbff,987,asp,,,,,,,,,,,,,,,windows,,,,,,,,,,,,,,,,,,,,,,,,,,,,,,,asp,,,,,,,,,,,,,,,,,,,,,,,,,,,,,,,,,,,,,asp,,,,,,,,,,,,,,,asp,,,,,,,,,,,,,,,,,,,,,
6a2f8faa0de103506950dc00,1078,php,xml,,,,,,,,,,,,,,php,,php,,,,,,,,,,,,,,,,,,,,,,,,,,,,,php,xml,,,,,,,,,,,,,,,,,,,,,,,,,,,,,,,,,,,,php,xml,,,,,,,,,,,,,,php,xml,,,,,,,,,,,,,,,,,,,,
6a2f8faa0de103506950dc01,1083,php,xml,,,,,,,,,,,,,,php,,php,,,,,,,,,,,,,,,,,,,,,,,,,,,,,php,xml,,,,,,,,,,,,,,,,,,,,,,,,,,,,,,,,,,,,php,xml,,,,,,,,,,,,,,php,xml,,,,,,,,,,,,,,,,,,,,
6a2f8faa0de103506950dc02,1084,php,xml,,,,,,,,,,,,,,php,,php,,,,,,,,,,,,,,,,,,,,,,,,,,,,,php,xml,,,,,,,,,,,,,,,,,,,,,,,,,,,,,,,,,,,,php,xml,,,,,,,,,,,,,,php,xml,,,,,,,,,,,,,,,,,,,,
6a2f8faa0de103506950dc03,16882,php,xml,,,,,,,,,,,,,,php,,php,solaris,,,,,,,,,,,,,,,,,,,,,,,,,,,,php,xml,,,,,,,,,,,,,,,,,,,,,,,,,,,,,,,,,,,,php,xml,,,,,,,,,,,,,,php,xml,,,,,,,,,,,,,,,,,,,,
6a2f8faa0de103506950dc04,43829,php,xml,,,,,,,,,,,,,,php,,php,,,,,,,,,,,,,,,,,,,,,,,,,,,,,php,xml,,,,,,,,,,,,,,,,,,,,,,,,,,,,,,,,,,,,php,xml,,,,,,,,,,,,,,php,xml,,,,,,,,,,,,,,,,,,,,
6a2f8faa0de103506950dc05,1040,perl,,,,,,,,,,,,,,,cgi,,windows,,,,,,,,,,,,,,,,,,,,,,,,,,,,,perl,,,,,,,,,,,,,,,,,,,,,,,,,,,,,,,,,,,,,perl,,,,,,,,,,,,,,,perl,,,,,,,,,,,,,,,,,,,,,
6a2f8faa0de103506950dc06,1077,php,xml,,,,,,,,,,,,,,php,,bsd,php,,,,,,,,,,,,,,,,,,,,,,,,,,,,php,xml,,,,,,,,,,,,,,,,,,,,,,,,,,,,,,,,,,,,php,xml,,,,,,,,,,,,,,php,xml,,,,,,,,,,,,,,,,,,,,
6a2f8faa0de103506950dc07,1082,php,xml,,,,,,,,,,,,,,php,,php,,,,,,,,,,,,,,,,,,,,,,,,,,,,,php,xml,,,,,,,,,,,,,,,,,,,,,,,,,,,,,,,,,,,,php,xml,,,,,,,,,,,,,,xml,,,,,,,,,,,,,,,,,,,,,
6a2f8faa0de103506950dc08,43827,php,xml,,,,,,,,,,,,,,php,,php,,,,,,,,,,,,,,,,,,,,,,,,,,,,,php,xml,,,,,,,,,,,,,,,,,,,,,,,,,,,,,,,,,,,,php,xml,,,,,,,,,,,,,,xml,,,,,,,,,,,,,,,,,,,,,
6a2f8faa0de103506950dc09,25948,novell,,,,,,,,,,,,,,,windows,,windows,,,,,,,,,,,,,,,,,,,,,,,,,,,,,novell,,,,,,,,,,,,,,,,,,,,,,,,,,,,,,,,,,,,,novell,,,,,,,,,,,,,,,novell,,,,,,,,,,,,,,,,,,,,,
6a2f8faa0de103506950dc0a,25858,php,,,,,,,,,,,,,,,asp,,asp,,,,,,,,,,,,,,,,,,,,,,,,,,,,,php,,,,,,,,,,,,,,,,,,,,,,,,,,,,,,,,,,,,,php,,,,,,,,,,,,,,,php,,,,,,,,,,,,,,,,,,,,,
6a2f8faa0de103506950dc0b,27069,macos,windows,,,,,,,,,,,,,,windows,,,,,,,,,,,,,,,,,,,,,,,,,,,,,,,macos,,,,,,,,,,,,,,,,,,,,,,,,,,,,,,,,,,,,,macos,windows,,,,,,,,,,,,,,macos,windows,,,,,,,,,,,,,,,,,,,,
6a2f8faa0de103506950dc0c,1120,perl,,,,,,,,,,,,,,,cgi,,cgi,linux,,,,,,,,,,,,,,,,,,,,,,,,,,,,perl,,,,,,,,,,,,,,,,,,,,,,,,,,,,,,,,,,,,,perl,,,,,,,,,,,,,,,perl,,,,,,,,,,,,,,,,,,,,,
6a2f8faa0de103506950dc0d,1152,novell,windows,,,,,,,,,,,,,,windows,,win2003,win2k,windows,winnt,winxp,x86,,,,,,,,,,,,,,,,,,,,,,,,novell,windows,,,,,,,,,,,,,,,,,,,,,,,,,,,,,,,,,,,,novell,,,,,,,,,,,,,,,novell,windows,,,,,,,,,,,,,,,,,,,,
6a2f8faa0de103506950dc0e,16769,novell,windows,,,,,,,,,,,,,,windows,,windows,,,,,,,,,,,,,,,,,,,,,,,,,,,,,novell,windows,,,,,,,,,,,,,,,,,,,,,,,,,,,,,,,,,,,,novell,,,,,,,,,,,,,,,novell,windows,,,,,,,,,,,,,,,,,,,,
6a2f8faa0de103506950dc0f,10028,linux,mips,,,,,,,,,,,,,,cgi,,linux,mips,,,,,,,,,,,,,,,,,,,,,,,,,,,,linux,,,,,,,,,,,,,,,,,,,,,,,,,,,,,,,,,,,,,,,,,,,,,,,,,,,,linux,mips,,,,,,,,,,,,,,,,,,,,
6a2f8faa0de103506950dc10,16854,linux,mips,,,,,,,,,,,,,,hardware,,linux,mips,,,,,,,,,,,,,,,,,,,,,,,,,,,,linux,,,,,,,,,,,,,,,,,,,,,,,,,,,,,,,,,,,,,,,,,,,,,,,,,,,,linux,mips,,,,,,,,,,,,,,,,,,,,
6a2f8faa0de103506950dc11,16892,perl,,,,,,,,,,,,,,,php,,unixware,,,,,,,,,,,,,,,,,,,,,,,,,,,,,perl,,,,,,,,,,,,,,,,,,,,,,,,,,,,,,,,,,,,,perl,,,,,,,,,,,,,,,perl,,,,,,,,,,,,,,,,,,,,,
6a2f8faa0de103506950dc12,26260,perl,,,,,,,,,,,,,,,php,,cgi,,,,,,,,,,,,,,,,,,,,,,,,,,,,,perl,,,,,,,,,,,,,,,,,,,,,,,,,,,,,,,,,,,,,perl,,,,,,,,,,,,,,,perl,,,,,,,,,,,,,,,,,,,,,
6a2f8faa0de103506950dc13,26302,perl,,,,,,,,,,,,,,,php,,php,,,,,,,,,,,,,,,,,,,,,,,,,,,,,perl,,,,,,,,,,,,,,,,,,,,,,,,,,,,,,,,,,,,,perl,,,,,,,,,,,,,,,perl,,,,,,,,,,,,,,,,,,,,,
6a2f8faa0de103506950dc14,1534,sco,unixware,,,,,,,,,,,,,,sco,,sco,x86,,,,,,,,,,,,,,,,,,,,,,,,,,,,sco,unixware,,,,,,,,,,,,,,,,,,,,,,,,,,,,,,,,,,,,sco,unixware,,,,,,,,,,,,,,sco,unixware,,,,,,,,,,,,,,,,,,,,
6a2f8faa0de103506950dc15,26532,java,jsp,,,,,,,,,,,,,,jsp,,java,,,,,,,,,,,,,,,,,,,,,,,,,,,,,java,jsp,,,,,,,,,,,,,,,,,,,,,,,,,,,,,,,,,,,,jsp,,,,,,,,,,,,,,,jsp,,,,,,,,,,,,,,,,,,,,,
6a2f8faa0de103506950dc16,18571,java,jsp,,,,,,,,,,,,,,php,,java,windows,x86,,,,,,,,,,,,,,,,,,,,,,,,,,,java,jsp,,,,,,,,,,,,,,,,,,,,,,,,,,,,,,,,,,,,java,jsp,,,,,,,,,,,,,,java,jsp,,,,,,,,,,,,,,,,,,,,
6a2f8faa0de103506950dc17,16907,java,,,,,,,,,,,,,,,hardware,,unix,,,,,,,,,,,,,,,,,,,,,,,,,,,,,java,,,,,,,,,,,,,,,,,,,,,,,,,,,,,,,,,,,,,java,,,,,,,,,,,,,,,java,,,,,,,,,,,,,,,,,,,,,
6a2f8faa0de103506950dc18,26811,linux,x86,,,,,,,,,,,,,,linux,,linux,,,,,,,,,,,,,,,,,,,,,,,,,,,,,linux,x86,,,,,,,,,,,,,,,,,,,,,,,,,,,,,,,,,,,,linux,x86,,,,,,,,,,,,,,linux,x86,,,,,,,,,,,,,,,,,,,,
6a2f8faa0de103506950dc19,26732,python,,,,,,,,,,,,,,,php,,python,,,,,,,,,,,,,,,,,,,,,,,,,,,,,,,,,,,,,,,,,,,,,,,,,,,,,,,,,,,,,,,,,,python,,,,,,,,,,,,,,,python,,,,,,,,,,,,,,,,,,,,,
6a2f8faa0de103506950dc1a,27057,perl,,,,,,,,,,,,,,,linux,,linux,python,,,,,,,,,,,,,,,,,,,,,,,,,,,,perl,,,,,,,,,,,,,,,,,,,,,,,,,,,,,,,,,,,,,perl,,,,,,,,,,,,,,,perl,,,,,,,,,,,,,,,,,,,,,
6a2f8faa0de103506950dc1b,26771,java,,,,,,,,,,,,,,,cgi,,windows,,,,,,,,,,,,,,,,,,,,,,,,,,,,,java,,,,,,,,,,,,,,,,,,,,,,,,,,,,,,,,,,,,,java,,,,,,,,,,,,,,,java,,,,,,,,,,,,,,,,,,,,,
6a2f8faa0de103506950dc1c,26773,java,jsp,,,,,,,,,,,,,,windows,,java,,,,,,,,,,,,,,,,,,,,,,,,,,,,,jsp,,,,,,,,,,,,,,,,,,,,,,,,,,,,,,,,,,,,,java,jsp,,,,,,,,,,,,,,java,jsp,,,,,,,,,,,,,,,,,,,,
6a2f8faa0de103506950dc1d,26774,java,jsp,,,,,,,,,,,,,,windows,,java,,,,,,,,,,,,,,,,,,,,,,,,,,,,,jsp,,,,,,,,,,,,,,,,,,,,,,,,,,,,,,,,,,,,,java,jsp,,,,,,,,,,,,,,java,jsp,,,,,,,,,,,,,,,,,,,,
6a2f8faa0de103506950dc1e,26775,java,jsp,,,,,,,,,,,,,,windows,,,,,,,,,,,,,,,,,,,,,,,,,,,,,,,jsp,,,,,,,,,,,,,,,,,,,,,,,,,,,,,,,,,,,,,java,jsp,,,,,,,,,,,,,,java,jsp,,,,,,,,,,,,,,,,,,,,
6a2f8faa0de103506950dc1f,26850,cgi,perl,,,,,,,,,,,,,,cgi,,cgi,,,,,,,,,,,,,,,,,,,,,,,,,,,,,cgi,perl,,,,,,,,,,,,,,,,,,,,,,,,,,,,,,,,,,,,cgi,perl,,,,,,,,,,,,,,cgi,perl,,,,,,,,,,,,,,,,,,,,
6a2f8faa0de103506950dc20,24634,hp-ux,,,,,,,,,,,,,,,windows,,linux,windows,,,,,,,,,,,,,,,,,,,,,,,,,,,,hp-ux,,,,,,,,,,,,,,,,,,,,,,,,,,,,,,,,,,,,,hp-ux,,,,,,,,,,,,,,,hp-ux,,,,,,,,,,,,,,,,,,,,,
6a2f8faa0de103506950dc21,24635,hp-ux,,,,,,,,,,,,,,,windows,,linux,windows,,,,,,,,,,,,,,,,,,,,,,,,,,,,hp-ux,,,,,,,,,,,,,,,,,,,,,,,,,,,,,,,,,,,,,hp-ux,,,,,,,,,,,,,,,hp-ux,,,,,,,,,,,,,,,,,,,,,
6a2f8faa0de103506950dc22,24636,hp-ux,,,,,,,,,,,,,,,windows,,linux,windows,,,,,,,,,,,,,,,,,,,,,,,,,,,,hp-ux,,,,,,,,,,,,,,,,,,,,,,,,,,,,,,,,,,,,,hp-ux,,,,,,,,,,,,,,,hp-ux,,,,,,,,,,,,,,,,,,,,,
6a2f8faa0de103506950dc23,24637,hp-ux,,,,,,,,,,,,,,,windows,,linux,windows,,,,,,,,,,,,,,,,,,,,,,,,,,,,hp-ux,,,,,,,,,,,,,,,,,,,,,,,,,,,,,,,,,,,,,hp-ux,,,,,,,,,,,,,,,hp-ux,,,,,,,,,,,,,,,,,,,,,
6a2f8faa0de103506950dc24,26864,cgi,perl,,,,,,,,,,,,,,cgi,,cgi,,,,,,,,,,,,,,,,,,,,,,,,,,,,,cgi,perl,,,,,,,,,,,,,,,,,,,,,,,,,,,,,,,,,,,,cgi,perl,,,,,,,,,,,,,,cgi,perl,,,,,,,,,,,,,,,,,,,,
6a2f8faa0de103506950dc25,26856,,,,,,,,,,,,,,,,php,,,,,,,,,,,,,,,,,,,,,,,,,,,,,,,,,,,,,,,,,,,,,,,,,,,,,,,,,,,,,,,,,,,,,,,,,,,,,,,,,,,php,,,,,,,,,,,,,,,,,,,,,
6a2f8faa0de103506950dc26,26948,aspx,,,,,,,,,,,,,,,asp,,php,,,,,,,,,,,,,,,,,,,,,,,,,,,,,aspx,,,,,,,,,,,,,,,,,,,,,,,,,,,,,,,,,,,,,aspx,,,,,,,,,,,,,,,aspx,,,,,,,,,,,,,,,,,,,,,
6a2f8faa0de103506950dc27,26949,aspx,,,,,,,,,,,,,,,asp,,,,,,,,,,,,,,,,,,,,,,,,,,,,,,,aspx,,,,,,,,,,,,,,,,,,,,,,,,,,,,,,,,,,,,,aspx,,,,,,,,,,,,,,,aspx,,,,,,,,,,,,,,,,,,,,,
6a2f8faa0de103506950dc28,1381,windows,,,,,,,,,,,,,,,windows,,windows,x86,,,,,,,,,,,,,,,,,,,,,,,,,,,,,,,,,,,,,,,,,,,,,,,,,,,,,,,,,,,,,,,,,,,,,,,,,,,,,,,,windows,,,,,,,,,,,,,,,,,,,,,
6a2f8faa0de103506950dc29,27088,cgi,perl,,,,,,,,,,,,,,cgi,,cgi,,,,,,,,,,,,,,,,,,,,,,,,,,,,,cgi,perl,,,,,,,,,,,,,,,,,,,,,,,,,,,,,,,,,,,,cgi,perl,,,,,,,,,,,,,,cgi,perl,,,,,,,,,,,,,,,,,,,,
6a2f8faa0de103506950dc2a,1474,javascript,,,,,,,,,,,,,,,linux,,linux,x86,,,,,,,,,,,,,,,,,,,,,,,,,,,,javascript,,,,,,,,,,,,,,,,,,,,,,,,,,,,,,,,,,,,,javascript,xml,,,,,,,,,,,,,,javascript,,,,,,,,,,,,,,,,,,,,,
6a2f8faa0de103506950dc2b,1480,javascript,,,,,,,,,,,,,,,macos,,macos,ppc,,,,,,,,,,,,,,,,,,,,,,,,,,,,javascript,,,,,,,,,,,,,,,,,,,,,,,,,,,,,,,,,,,,,javascript,xml,,,,,,,,,,,,,,javascript,,,,,,,,,,,,,,,,,,,,,
6a2f8faa0de103506950dc2c,16301,javascript,,,,,,,,,,,,,,,multiple,,linux,macos,ppc,x86,,,,,,,,,,,,,,,,,,,,,,,,,,javascript,,,,,,,,,,,,,,,,,,,,,,,,,,,,,,,,,,,,,javascript,xml,,,,,,,,,,,,,,javascript,,,,,,,,,,,,,,,,,,,,,
6a2f8faa0de103506950dc2d,1422,,,,,,,,,,,,,,,,windows,,linux,,,,,,,,,,,,,,,,,,,,,,,,,,,,,,,,,,,,,,,,,,,,,,,,,,,,,,,,,,,,,,,,,,,,,,,,,,,,,,,,,windows,,,,,,,,,,,,,,,,,,,,,
6a2f8faa0de103506950dc2e,16870,macos,,,,,,,,,,,,,,,multiple,,macos,x86,,,,,,,,,,,,,,,,,,,,,,,,,,,,macos,,,,,,,,,,,,,,,,,,,,,,,,,,,,,,,,,,,,,macos,,,,,,,,,,,,,,,macos,,,,,,,,,,,,,,,,,,,,,
6a2f8faa0de103506950dc2f,27151,java,jsp,,,,,,,,,,,,,,asp,,java,,,,,,,,,,,,,,,,,,,,,,,,,,,,,java,jsp,,,,,,,,,,,,,,,,,,,,,,,,,,,,,,,,,,,,jsp,,,,,,,,,,,,,,,java,jsp,,,,,,,,,,,,,,,,,,,,
6a2f8faa0de103506950dc30,1471,perl,,,,,,,,,,,,,,,cgi,,cgi,,,,,,,,,,,,,,,,,,,,,,,,,,,,,perl,,,,,,,,,,,,,,,,,,,,,,,,,,,,,,,,,,,,,perl,,,,,,,,,,,,,,,perl,,,,,,,,,,,,,,,,,,,,,
6a2f8faa0de103506950dc31,27197,php,xml,,,,,,,,,,,,,,php,,php,,,,,,,,,,,,,,,,,,,,,,,,,,,,,xml,,,,,,,,,,,,,,,,,,,,,,,,,,,,,,,,,,,,,php,xml,,,,,,,,,,,,,,php,xml,,,,,,,,,,,,,,,,,,,,
6a2f8faa0de103506950dc32,27230,perl,,,,,,,,,,,,,,,php,,,,,,,,,,,,,,,,,,,,,,,,,,,,,,,perl,,,,,,,,,,,,,,,,,,,,,,,,,,,,,,,,,,,,,perl,,,,,,,,,,,,,,,perl,,,,,,,,,,,,,,,,,,,,,
6a2f8faa0de103506950dc33,1596,aix,bsd,hp-ux,irix,linux,sco,solaris,tru64,unixware,,,,,,,linux,,,,,,,,,,,,,,,,,,,,,,,,,,,,,,,aix,bsd,hp-ux,irix,linux,sco,solaris,tru64,unixware,,,,,,,,,,,,,,,,,,,,,,,,,,,,,solaris,x86,,,,,,,,,,,,,,aix,bsd,hp-ux,irix,linux,sco,solaris,tru64,unixware,,,,,,,,,,,,,
6a2f8faa0de103506950dc34,45922,aix,bsd,hp-ux,irix,linux,sco,solaris,tru64,unixware,x86,,,,,,multiple,,bsd,linux,solaris,sparc,x86,,,,,,,,,,,,,,,,,,,,,,,,,aix,bsd,hp-ux,irix,linux,sco,solaris,tru64,unixware,,,,,,,,,,,,,,,,,,,,,,,,,,,,,solaris,x86,linux,,,,,,,,,,,,,aix,bsd,hp-ux,irix,linux,sco,solaris,tru64,unixware,,,,,,,,,,,,,
6a2f8faa0de103506950dc35,27248,asp,,,,,,,,,,,,,,,php,,php,,,,,,,,,,,,,,,,,,,,,,,,,,,,,asp,,,,,,,,,,,,,,,,,,,,,,,,,,,,,,,,,,,,,asp,,,,,,,,,,,,,,,asp,,,,,,,,,,,,,,,,,,,,,
6a2f8faa0de103506950dc36,1517,php,,,,,,,,,,,,,,,php,,php,windows,,,,,,,,,,,,,,,,,,,,,,,,,,,,,,,,,,,,,,,,,,,,,,,,,,,,,,,,,,,,,,,,,,,,,,,,,,,,,,,,php,,,,,,,,,,,,,,,,,,,,,
6a2f8faa0de103506950dc37,1489,php,,,,,,,,,,,,,,,multiple,,,,,,,,,,,,,,,,,,,,,,,,,,,,,,,php,,,,,,,,,,,,,,,,,,,,,,,,,,,,,,,,,,,,,php,,,,,,,,,,,,,,,php,,,,,,,,,,,,,,,,,,,,,
6a2f8faa0de103506950dc38,12382,php,,,,,,,,,,,,,,,multiple,,linux,php,,,,,,,,,,,,,,,,,,,,,,,,,,,,php,,,,,,,,,,,,,,,,,,,,,,,,,,,,,,,,,,,,,php,,,,,,,,,,,,,,,php,,,,,,,,,,,,,,,,,,,,,
6a2f8faa0de103506950dc39,27312,generator,,,,,,,,,,,,,,,php,,php,,,,,,,,,,,,,,,,,,,,,,,,,,,,,generator,,,,,,,,,,,,,,,,,,,,,,,,,,,,,,,,,,,,,generator,,,,,,,,,,,,,,,generator,,,,,,,,,,,,,,,,,,,,,
6a2f8faa0de103506950dc3a,16549,javascript,windows,,,,,,,,,,,,,,windows,,windows,,,,,,,,,,,,,,,,,,,,,,,,,,,,,javascript,windows,,,,,,,,,,,,,,,,,,,,,,,,,,,,,,,,,,,,javascript,windows,,,,,,,,,,,,,,javascript,windows,,,,,,,,,,,,,,,,,,,,
6a2f8faa0de103506950dc3b,27365,xml,,,,,,,,,,,,,,,multiple,,,,,,,,,,,,,,,,,,,,,,,,,,,,,,,xml,,,,,,,,,,,,,,,,,,,,,,,,,,,,,,,,,,,,,xml,,,,,,,,,,,,,,,xml,,,,,,,,,,,,,,,,,,,,,
6a2f8faa0de103506950dc3c,1572,linux,,,,,,,,,,,,,,,multiple,,,,,,,,,,,,,,,,,,,,,,,,,,,,,,,linux,,,,,,,,,,,,,,,,,,,,,,,,,,,,,,,,,,,,,linux,,,,,,,,,,,,,,,linux,,,,,,,,,,,,,,,,,,,,,
6a2f8faa0de103506950dc3d,27476,.net,windows,,,,,,,,,,,,,,windows,,.net,windows,,,,,,,,,,,,,,,,,,,,,,,,,,,,windows,,,,,,,,,,,,,,,,,,,,,,,,,,,,,,,,,,,,,.net,windows,,,,,,,,,,,,,,.net,windows,,,,,,,,,,,,,,,,,,,,
6a2f8faa0de103506950dc3e,27582,generator,php,,,,,,,,,,,,,,php,,php,,,,,,,,,,,,,,,,,,,,,,,,,,,,,generator,php,,,,,,,,,,,,,,,,,,,,,,,,,,,,,,,,,,,,generator,php,,,,,,,,,,,,,,generator,php,,,,,,,,,,,,,,,,,,,,
6a2f8faa0de103506950dc3f,1677,php,,,,,,,,,,,,,,,cgi,,cgi,,,,,,,,,,,,,,,,,,,,,,,,,,,,,php,,,,,,,,,,,,,,,,,,,,,,,,,,,,,,,,,,,,,php,,,,,,,,,,,,,,,php,,,,,,,,,,,,,,,,,,,,,
6a2f8faa0de103506950dc40,27689,cgi,perl,,,,,,,,,,,,,,cgi,,cgi,,,,,,,,,,,,,,,,,,,,,,,,,,,,,cgi,perl,,,,,,,,,,,,,,,,,,,,,,,,,,,,,,,,,,,,cgi,perl,,,,,,,,,,,,,,cgi,perl,,,,,,,,,,,,,,,,,,,,
6a2f8faa0de103506950dc41,1755,perl,php,,,,,,,,,,,,,,cgi,,php,,,,,,,,,,,,,,,,,,,,,,,,,,,,,perl,,,,,,,,,,,,,,,,,,,,,,,,,,,,,,,,,,,,,perl,php,,,,,,,,,,,,,,perl,,,,,,,,,,,,,,,,,,,,,
6a2f8faa0de103506950dc42,28100,cfm,windows,,,,,,,,,,,,,,cfm,,cfm,,,,,,,,,,,,,,,,,,,,,,,,,,,,,cfm,windows,,,,,,,,,,,,,,,,,,,,,,,,,,,,,,,,,,,,cfm,windows,,,,,,,,,,,,,,cfm,windows,,,,,,,,,,,,,,,,,,,,
6a2f8faa0de103506950dc43,27882,java,windows,,,,,,,,,,,,,,java,,java,,,,,,,,,,,,,,,,,,,,,,,,,,,,,java,windows,,,,,,,,,,,,,,,,,,,,,,,,,,,,,,,,,,,,java,windows,,,,,,,,,,,,,,java,windows,,,,,,,,,,,,,,,,,,,,
6a2f8faa0de103506950dc44,27895,cgi,perl,,,,,,,,,,,,,,cgi,,cgi,,,,,,,,,,,,,,,,,,,,,,,,,,,,,cgi,perl,,,,,,,,,,,,,,,,,,,,,,,,,,,,,,,,,,,,cgi,perl,,,,,,,,,,,,,,cgi,perl,,,,,,,,,,,,,,,,,,,,
6a2f8faa0de103506950dc45,27902,perl,,,,,,,,,,,,,,,linux,,linux,php,,,,,,,,,,,,,,,,,,,,,,,,,,,,perl,,,,,,,,,,,,,,,,,,,,,,,,,,,,,,,,,,,,,perl,xml,,,,,,,,,,,,,,perl,,,,,,,,,,,,,,,,,,,,,
6a2f8faa0de103506950dc46,32760,asp,,,,,,,,,,,,,,,php,,,,,,,,,,,,,,,,,,,,,,,,,,,,,,,asp,,,,,,,,,,,,,,,,,,,,,,,,,,,,,,,,,,,,,asp,,,,,,,,,,,,,,,asp,,,,,,,,,,,,,,,,,,,,,
6a2f8faa0de103506950dc47,39274,windows,,,,,,,,,,,,,,,windows,,windows,x86,,,,,,,,,,,,,,,,,,,,,,,,,,,,,,,,,,,,,,,,,,,,,,,,,,,,,,,,,,,,,,,,,windows,,,,,,,,,,,,,,,windows,,,,,,,,,,,,,,,,,,,,,
6a2f8faa0de103506950dc48,2082,java,,,,,,,,,,,,,,,multiple,,linux,windows,,,,,,,,,,,,,,,,,,,,,,,,,,,,java,,,,,,,,,,,,,,,,,,,,,,,,,,,,,,,,,,,,,java,,,,,,,,,,,,,,,java,,,,,,,,,,,,,,,,,,,,,
6a2f8faa0de103506950dc49,9946,java,,,,,,,,,,,,,,,multiple,,java,linux,macos,ppc,windows,x86,,,,,,,,,,,,,,,,,,,,,,,,java,,,,,,,,,,,,,,,,,,,,,,,,,,,,,,,,,,,,,java,,,,,,,,,,,,,,,java,,,,,,,,,,,,,,,,,,,,,
6a2f8faa0de103506950dc4a,16300,java,,,,,,,,,,,,,,,multiple,,java,linux,macos,windows,x86,,,,,,,,,,,,,,,,,,,,,,,,,java,,,,,,,,,,,,,,,,,,,,,,,,,,,,,,,,,,,,,java,,,,,,,,,,,,,,,java,,,,,,,,,,,,,,,,,,,,,
6a2f8faa0de103506950dc4b,2143,perl,,,,,,,,,,,,,,,php,,cgi,,,,,,,,,,,,,,,,,,,,,,,,,,,,,perl,,,,,,,,,,,,,,,,,,,,,,,,,,,,,,,,,,,,,perl,,,,,,,,,,,,,,,perl,,,,,,,,,,,,,,,,,,,,,
6a2f8faa0de103506950dc4c,2094,bsd,linux,windows,,,,,,,,,,,,,windows,,,,,,,,,,,,,,,,,,,,,,,,,,,,,,,bsd,linux,windows,,,,,,,,,,,,,,,,,,,,,,,,,,,,,,,,,,,bsd,linux,windows,,,,,,,,,,,,,bsd,linux,windows,,,,,,,,,,,,,,,,,,,
6a2f8faa0de103506950dc4d,28384,c,xml,,,,,,,,,,,,,,linux,,,,,,,,,,,,,,,,,,,,,,,,,,,,,,,c,xml,,,,,,,,,,,,,,,,,,,,,,,,,,,,,,,,,,,,c,xml,,,,,,,,,,,,,,c,xml,,,,,,,,,,,,,,,,,,,,
6a2f8faa0de103506950dc4e,2186,php,,,,,,,,,,,,,,,asp,,asp,,,,,,,,,,,,,,,,,,,,,,,,,,,,,php,,,,,,,,,,,,,,,,,,,,,,,,,,,,,,,,,,,,,php,,,,,,,,,,,,,,,php,,,,,,,,,,,,,,,,,,,,,
6a2f8faa0de103506950dc4f,2421,php,,,,,,,,,,,,,,,asp,,asp,,,,,,,,,,,,,,,,,,,,,,,,,,,,,php,,,,,,,,,,,,,,,,,,,,,,,,,,,,,,,,,,,,,php,,,,,,,,,,,,,,,php,,,,,,,,,,,,,,,,,,,,,
6a2f8faa0de103506950dc50,28380,javascript,xml,,,,,,,,,,,,,,linux,,javascript,,,,,,,,,,,,,,,,,,,,,,,,,,,,,javascript,xml,,,,,,,,,,,,,,,,,,,,,,,,,,,,,,,,,,,,javascript,xml,,,,,,,,,,,,,,javascript,xml,,,,,,,,,,,,,,,,,,,,
6a2f8faa0de103506950dc51,28342,windows,,,,,,,,,,,,,,,php,,php,,,,,,,,,,,,,,,,,,,,,,,,,,,,,windows,,,,,,,,,,,,,,,,,,,,,,,,,,,,,,,,,,,,,windows,,,,,,,,,,,,,,,windows,,,,,,,,,,,,,,,,,,,,,
6a2f8faa0de103506950dc52,28521,macos,windows,,,,,,,,,,,,,,macos,,macos,,,,,,,,,,,,,,,,,,,,,,,,,,,,,macos,windows,,,,,,,,,,,,,,,,,,,,,,,,,,,,,,,,,,,,macos,windows,,,,,,,,,,,,,,macos,windows,,,,,,,,,,,,,,,,,,,,
6a2f8faa0de103506950dc53,2330,solaris,sparc,unixware,,,,,,,,,,,,,solaris,,solaris,sparc,,,,,,,,,,,,,,,,,,,,,,,,,,,,solaris,unixware,,,,,,,,,,,,,,,,,,,,,,,,,,,,,,,,,,,,aix,arm,bsd,hp-ux,irix,linux,mips,ppc,sco,solaris,sparc,tru64,unixware,x86,x86-64,solaris,unixware,,,,,,,,,,,,,,,,,,,,
6a2f8faa0de103506950dc54,2331,solaris,unixware,x86,,,,,,,,,,,,,solaris,,solaris,x86,,,,,,,,,,,,,,,,,,,,,,,,,,,,solaris,unixware,,,,,,,,,,,,,,,,,,,,,,,,,,,,,,,,,,,,aix,arm,bsd,hp-ux,irix,linux,mips,ppc,sco,solaris,sparc,tru64,unixware,x86,x86-64,solaris,unixware,,,,,,,,,,,,,,,,,,,,
6a2f8faa0de103506950dc55,2332,sco,solaris,unixware,x86,,,,,,,,,,,,sco,,sco,unixware,x86,,,,,,,,,,,,,,,,,,,,,,,,,,,solaris,unixware,,,,,,,,,,,,,,,,,,,,,,,,,,,,,,,,,,,,aix,arm,bsd,hp-ux,irix,linux,mips,ppc,sco,solaris,sparc,tru64,unixware,x86,x86-64,solaris,unixware,,,,,,,,,,,,,,,,,,,,
6a2f8faa0de103506950dc56,2360,solaris,sparc,unixware,,,,,,,,,,,,,solaris,,solaris,sparc,,,,,,,,,,,,,,,,,,,,,,,,,,,,solaris,unixware,,,,,,,,,,,,,,,,,,,,,,,,,,,,,,,,,,,,aix,arm,bsd,hp-ux,irix,linux,mips,ppc,sco,solaris,sparc,tru64,unixware,x86,x86-64,solaris,unixware,,,,,,,,,,,,,,,,,,,,
6a2f8faa0de103506950dc57,2338,xml,,,,,,,,,,,,,,,linux,,linux,x86,,,,,,,,,,,,,,,,,,,,,,,,,,,,xml,,,,,,,,,,,,,,,,,,,,,,,,,,,,,,,,,,,,,xml,,,,,,,,,,,,,,,xml,,,,,,,,,,,,,,,,,,,,,
6a2f8faa0de103506950dc58,28639,javascript,macos,windows,xml,,,,,,,,,,,,linux,,windows,,,,,,,,,,,,,,,,,,,,,,,,,,,,,javascript,macos,windows,xml,,,,,,,,,,,,,,,,,,,,,,,,,,,,,,,,,,javascript,macos,windows,xml,,,,,,,,,,,,javascript,macos,windows,xml,,,,,,,,,,,,,,,,,,
6a2f8faa0de103506950dc59,16773,novell,,,,,,,,,,,,,,,windows,,windows,,,,,,,,,,,,,,,,,,,,,,,,,,,,,novell,,,,,,,,,,,,,,,,,,,,,,,,,,,,,,,,,,,,,novell,,,,,,,,,,,,,,,novell,,,,,,,,,,,,,,,,,,,,,
6a2f8faa0de103506950dc5a,2639,bsd,,,,,,,,,,,,,,,bsd,,bsd,,,,,,,,,,,,,,,,,,,,,,,,,,,,,bsd,,,,,,,,,,,,,,,,,,,,,,,,,,,,,,,,,,,,,bsd,,,,,,,,,,,,,,,bsd,,,,,,,,,,,,,,,,,,,,,
6a2f8faa0de103506950dc5b,2651,asp,,,,,,,,,,,,,,,windows,,windows,,,,,,,,,,,,,,,,,,,,,,,,,,,,,asp,,,,,,,,,,,,,,,,,,,,,,,,,,,,,,,,,,,,,asp,,,,,,,,,,,,,,,asp,,,,,,,,,,,,,,,,,,,,,
6a2f8faa0de103506950dc5c,3220,netware,windows,,,,,,,,,,,,,,windows,,windows,,,,,,,,,,,,,,,,,,,,,,,,,,,,,netware,,,,,,,,,,,,,,,,,,,,,,,,,,,,,,,,,,,,,netware,novell,windows,,,,,,,,,,,,,netware,,,,,,,,,,,,,,,,,,,,,
6a2f8faa0de103506950dc5d,29146,netware,novell,windows,,,,,,,,,,,,,windows,,novell,windows,,,,,,,,,,,,,,,,,,,,,,,,,,,,netware,,,,,,,,,,,,,,,,,,,,,,,,,,,,,,,,,,,,,netware,novell,windows,,,,,,,,,,,,,netware,,,,,,,,,,,,,,,,,,,,,
6a2f8faa0de103506950dc5e,29538,netware,windows,,,,,,,,,,,,,,windows,,windows,,,,,,,,,,,,,,,,,,,,,,,,,,,,,netware,,,,,,,,,,,,,,,,,,,,,,,,,,,,,,,,,,,,,netware,novell,windows,,,,,,,,,,,,,netware,,,,,,,,,,,,,,,,,,,,,
6a2f8faa0de103506950dc5f,29007,javascript,macos,,,,,,,,,,,,,,macos,,javascript,,,,,,,,,,,,,,,,,,,,,,,,,,,,,macos,,,,,,,,,,,,,,,,,,,,,,,,,,,,,,,,,,,,,ios,macos,,,,,,,,,,,,,,javascript,macos,,,,,,,,,,,,,,,,,,,,
6a2f8faa0de103506950dc60,29096,windows,x86,,,,,,,,,,,,,,windows,,linux,windows,,,,,,,,,,,,,,,,,,,,,,,,,,,,windows,x86,,,,,,,,,,,,,,,,,,,,,,,,,,,,,,,,,,,,windows,x86,,,,,,,,,,,,,,windows,x86,,,,,,,,,,,,,,,,,,,,
6a2f8faa0de103506950dc61,16488,novell,,,,,,,,,,,,,,,windows,,windows,,,,,,,,,,,,,,,,,,,,,,,,,,,,,novell,,,,,,,,,,,,,,,,,,,,,,,,,,,,,,,,,,,,,novell,,,,,,,,,,,,,,,novell,,,,,,,,,,,,,,,,,,,,,
6a2f8faa0de103506950dc62,2949,windows,,,,,,,,,,,,,,,multiple,,linux,,,,,,,,,,,,,,,,,,,,,,,,,,,,,windows,,,,,,,,,,,,,,,,,,,,,,,,,,,,,,,,,,,,,windows,x86,,,,,,,,,,,,,,windows,,,,,,,,,,,,,,,,,,,,,
6a2f8faa0de103506950dc63,2874,bsd,macos,,,,,,,,,,,,,,bsd,,bsd,x86,,,,,,,,,,,,,,,,,,,,,,,,,,,,bsd,macos,,,,,,,,,,,,,,,,,,,,,,,,,,,,,,,,,,,,bsd,macos,,,,,,,,,,,,,,bsd,macos,,,,,,,,,,,,,,,,,,,,
6a2f8faa0de103506950dc64,29204,bsd,macos,,,,,,,,,,,,,,bsd,netbsd-x86,bsd,x86,,,,,,,,,,,,,,,,,,,,,,,,,,,,bsd,macos,,,,,,,,,,,,,,,,,,,,,,,,,,,,,,,,,,,,bsd,macos,,,,,,,,,,,,,,bsd,macos,,,,,,,,,,,,,,,,,,,,
6a2f8faa0de103506950dc65,29301,java,jsp,,,,,,,,,,,,,,jsp,,java,,,,,,,,,,,,,,,,,,,,,,,,,,,,,jsp,,,,,,,,,,,,,,,,,,,,,,,,,,,,,,,,,,,,,java,jsp,,,,,,,,,,,,,,java,jsp,,,,,,,,,,,,,,,,,,,,
6a2f8faa0de103506950dc66,29308,java,jsp,,,,,,,,,,,,,,php,,java,,,,,,,,,,,,,,,,,,,,,,,,,,,,,java,jsp,,,,,,,,,,,,,,,,,,,,,,,,,,,,,,,,,,,,java,jsp,,,,,,,,,,,,,,java,jsp,,,,,,,,,,,,,,,,,,,,
6a2f8faa0de103506950dc67,16478,novell,,,,,,,,,,,,,,,windows,,windows,,,,,,,,,,,,,,,,,,,,,,,,,,,,,novell,,,,,,,,,,,,,,,,,,,,,,,,,,,,,,,,,,,,,novell,,,,,,,,,,,,,,,novell,,,,,,,,,,,,,,,,,,,,,
6a2f8faa0de103506950dc68,2979,cgi,php,,,,,,,,,,,,,,php,,php,,,,,,,,,,,,,,,,,,,,,,,,,,,,,cgi,php,,,,,,,,,,,,,,,,,,,,,,,,,,,,,,,,,,,,cgi,php,,,,,,,,,,,,,,cgi,php,,,,,,,,,,,,,,,,,,,,
6a2f8faa0de103506950dc69,29047,cgi,php,,,,,,,,,,,,,,php,,perl,php,,,,,,,,,,,,,,,,,,,,,,,,,,,,cgi,php,,,,,,,,,,,,,,,,,,,,,,,,,,,,,,,,,,,,cgi,php,,,,,,,,,,,,,,cgi,php,,,,,,,,,,,,,,,,,,,,
6a2f8faa0de103506950dc6a,28817,windows,,,,,,,,,,,,,,,multiple,,,,,,,,,,,,,,,,,,,,,,,,,,,,,,,windows,,,,,,,,,,,,,,,,,,,,,,,,,,,,,,,,,,,,,windows,,,,,,,,,,,,,,,windows,,,,,,,,,,,,,,,,,,,,,
6a2f8faa0de103506950dc6b,3064,macos,windows,,,,,,,,,,,,,,multiple,,macos,,,,,,,,,,,,,,,,,,,,,,,,,,,,,macos,windows,,,,,,,,,,,,,,,,,,,,,,,,,,,,,,,,,,,,macos,windows,,,,,,,,,,,,,,macos,windows,,,,,,,,,,,,,,,,,,,,
6a2f8faa0de103506950dc6c,3072,macos,windows,,,,,,,,,,,,,,windows,,windows,,,,,,,,,,,,,,,,,,,,,,,,,,,,,macos,windows,,,,,,,,,,,,,,,,,,,,,,,,,,,,,,,,,,,,macos,windows,,,,,,,,,,,,,,macos,windows,,,,,,,,,,,,,,,,,,,,
6a2f8faa0de103506950dc6d,16527,macos,windows,,,,,,,,,,,,,,windows,,windows,,,,,,,,,,,,,,,,,,,,,,,,,,,,,macos,windows,,,,,,,,,,,,,,,,,,,,,,,,,,,,,,,,,,,,macos,windows,,,,,,,,,,,,,,macos,windows,,,,,,,,,,,,,,,,,,,,
6a2f8faa0de103506950dc6e,3069,,,,,,,,,,,,,,,,macos,,macos,ppc,,,,,,,,,,,,,,,,,,,,,,,,,,,,,,,,,,,,,,,,,,,,,,,,,,,,,,,,,,,,,,,,,,,,,,,,,,,,,,,,c,,,,,,,,,,,,,,,,,,,,,
6a2f8faa0de103506950dc6f,3070,,,,,,,,,,,,,,,,macos,,macos,x86,,,,,,,,,,,,,,,,,,,,,,,,,,,,,,,,,,,,,,,,,,,,,,,,,,,,,,,,,,,,,,,,,,,,,,,,,,,,,,,,c,,,,,,,,,,,,,,,,,,,,,
6a2f8faa0de103506950dc70,30281,aspx,windows,,,,,,,,,,,,,,windows,,asp,,,,,,,,,,,,,,,,,,,,,,,,,,,,,aspx,windows,,,,,,,,,,,,,,,,,,,,,,,,,,,,,,,,,,,,aspx,windows,,,,,,,,,,,,,,aspx,windows,,,,,,,,,,,,,,,,,,,,
6a2f8faa0de103506950dc71,29390,cgi,perl,,,,,,,,,,,,,,cgi,,cgi,,,,,,,,,,,,,,,,,,,,,,,,,,,,,cgi,perl,,,,,,,,,,,,,,,,,,,,,,,,,,,,,,,,,,,,cgi,perl,,,,,,,,,,,,,,cgi,perl,,,,,,,,,,,,,,,,,,,,
6a2f8faa0de103506950dc72,29392,cgi,perl,,,,,,,,,,,,,,cgi,,cgi,,,,,,,,,,,,,,,,,,,,,,,,,,,,,cgi,perl,,,,,,,,,,,,,,,,,,,,,,,,,,,,,,,,,,,,cgi,perl,,,,,,,,,,,,,,cgi,perl,,,,,,,,,,,,,,,,,,,,
6a2f8faa0de103506950dc73,29394,cgi,perl,,,,,,,,,,,,,,cgi,,cgi,,,,,,,,,,,,,,,,,,,,,,,,,,,,,cgi,perl,,,,,,,,,,,,,,,,,,,,,,,,,,,,,,,,,,,,cgi,perl,,,,,,,,,,,,,,cgi,perl,,,,,,,,,,,,,,,,,,,,
6a2f8faa0de103506950dc74,29396,cgi,perl,,,,,,,,,,,,,,cgi,,cgi,,,,,,,,,,,,,,,,,,,,,,,,,,,,,cgi,perl,,,,,,,,,,,,,,,,,,,,,,,,,,,,,,,,,,,,cgi,perl,,,,,,,,,,,,,,cgi,perl,,,,,,,,,,,,,,,,,,,,
6a2f8faa0de103506950dc75,29452,bsd,macos,,,,,,,,,,,,,,macos,,macos,,,,,,,,,,,,,,,,,,,,,,,,,,,,,bsd,macos,,,,,,,,,,,,,,,,,,,,,,,,,,,,,,,,,,,,bsd,macos,,,,,,,,,,,,,,bsd,macos,,,,,,,,,,,,,,,,,,,,
6a2f8faa0de103506950dc76,29457,aspx,,,,,,,,,,,,,,,asp,,asp,,,,,,,,,,,,,,,,,,,,,,,,,,,,,aspx,,,,,,,,,,,,,,,,,,,,,,,,,,,,,,,,,,,,,aspx,,,,,,,,,,,,,,,aspx,,,,,,,,,,,,,,,,,,,,,
6a2f8faa0de103506950dc77,30781,php,,,,,,,,,,,,,,,macos,,macos,,,,,,,,,,,,,,,,,,,,,,,,,,,,,php,,,,,,,,,,,,,,,,,,,,,,,,,,,,,,,,,,,,,php,,,,,,,,,,,,,,,php,,,,,,,,,,,,,,,,,,,,,
6a2f8faa0de103506950dc78,29739,java,,,,,,,,,,,,,,,linux,,java,,,,,,,,,,,,,,,,,,,,,,,,,,,,,,,,,,,,,,,,,,,,,,,,,,,,,,,,,,,,,,,,,,java,jsp,,,,,,,,,,,,,,java,,,,,,,,,,,,,,,,,,,,,
6a2f8faa0de103506950dc79,3233,asp,windows,,,,,,,,,,,,,,asp,,asp,,,,,,,,,,,,,,,,,,,,,,,,,,,,,asp,windows,,,,,,,,,,,,,,,,,,,,,,,,,,,,,,,,,,,,asp,windows,,,,,,,,,,,,,,asp,windows,,,,,,,,,,,,,,,,,,,,
6a2f8faa0de103506950dc7a,3224,windows,x86,,,,,,,,,,,,,,windows,,linux,,,,,,,,,,,,,,,,,,,,,,,,,,,,,windows,x86,,,,,,,,,,,,,,,,,,,,,,,,,,,,,,,,,,,,windows,x86,,,,,,,,,,,,,,windows,x86,,,,,,,,,,,,,,,,,,,,
6a2f8faa0de103506950dc7b,18174,ashx,windows,,,,,,,,,,,,,,windows,,windows,,,,,,,,,,,,,,,,,,,,,,,,,,,,,ashx,windows,,,,,,,,,,,,,,,,,,,,,,,,,,,,,,,,,,,,ashx,windows,,,,,,,,,,,,,,ashx,windows,,,,,,,,,,,,,,,,,,,,
6a2f8faa0de103506950dc7c,16798,java,,,,,,,,,,,,,,,windows,,windows,,,,,,,,,,,,,,,,,,,,,,,,,,,,,java,,,,,,,,,,,,,,,,,,,,,,,,,,,,,,,,,,,,,java,jsp,,,,,,,,,,,,,,java,,,,,,,,,,,,,,,,,,,,,
6a2f8faa0de103506950dc7d,29616,macos,windows,xml,,,,,,,,,,,,,macos,,ppc,x86,xml,,,,,,,,,,,,,,,,,,,,,,,,,,,macos,windows,xml,,,,,,,,,,,,,,,,,,,,,,,,,,,,,,,,,,,macos,windows,xml,,,,,,,,,,,,,macos,windows,xml,,,,,,,,,,,,,,,,,,,
6a2f8faa0de103506950dc7e,16318,java,,,,,,,,,,,,,,,multiple,,java,linux,windows,,,,,,,,,,,,,,,,,,,,,,,,,,,java,,,,,,,,,,,,,,,,,,,,,,,,,,,,,,,,,,,,,java,,,,,,,,,,,,,,,java,,,,,,,,,,,,,,,,,,,,,
6a2f8faa0de103506950dc7f,21080,java,,,,,,,,,,,,,,,multiple,,java,linux,windows,,,,,,,,,,,,,,,,,,,,,,,,,,,java,,,,,,,,,,,,,,,,,,,,,,,,,,,,,,,,,,,,,java,,,,,,,,,,,,,,,java,,,,,,,,,,,,,,,,,,,,,
6a2f8faa0de103506950dc80,16310,php,,,,,,,,,,,,,,,multiple,,linux,php,x86,,,,,,,,,,,,,,,,,,,,,,,,,,,php,,,,,,,,,,,,,,,,,,,,,,,,,,,,,,,,,,,,,php,,,,,,,,,,,,,,,php,,,,,,,,,,,,,,,,,,,,,
6a2f8faa0de103506950dc81,3397,windows,,,,,,,,,,,,,,,windows,,perl,windows,,,,,,,,,,,,,,,,,,,,,,,,,,,,,,,,,,,,,,,,,,,,,,,,,,,,,,,,,,,,,,,,,,,,,,,,,,,,,,,,windows,,,,,,,,,,,,,,,,,,,,,
6a2f8faa0de103506950dc82,29715,java,,,,,,,,,,,,,,,php,,,,,,,,,,,,,,,,,,,,,,,,,,,,,,,java,,,,,,,,,,,,,,,,,,,,,,,,,,,,,,,,,,,,,java,,,,,,,,,,,,,,,java,,,,,,,,,,,,,,,,,,,,,
6a2f8faa0de103506950dc83,30052,java,jsp,,,,,,,,,,,,,,multiple,,java,,,,,,,,,,,,,,,,,,,,,,,,,,,,,java,jsp,,,,,,,,,,,,,,,,,,,,,,,,,,,,,,,,,,,,jsp,,,,,,,,,,,,,,,java,jsp,,,,,,,,,,,,,,,,,,,,
6a2f8faa0de103506950dc84,3425,perl,php,python,,,,,,,,,,,,,multiple,,php,,,,,,,,,,,,,,,,,,,,,,,,,,,,,perl,php,python,,,,,,,,,,,,,,,,,,,,,,,,,,,,,,,,,,,java,perl,php,python,,,,,,,,,,,,perl,php,python,,,,,,,,,,,,,,,,,,,
6a2f8faa0de103506950dc85,29712,linux,php,,,,,,,,,,,,,,php,,php,,,,,,,,,,,,,,,,,,,,,,,,,,,,,linux,php,,,,,,,,,,,,,,,,,,,,,,,,,,,,,,,,,,,,linux,php,,,,,,,,,,,,,,linux,php,,,,,,,,,,,,,,,,,,,,
6a2f8faa0de103506950dc86,30163,windows,,,,,,,,,,,,,,,multiple,,,,,,,,,,,,,,,,,,,,,,,,,,,,,,,windows,,,,,,,,,,,,,,,,,,,,,,,,,,,,,,,,,,,,,windows,,,,,,,,,,,,,,,windows,,,,,,,,,,,,,,,,,,,,,
6a2f8faa0de103506950dc87,3589,cgi,,,,,,,,,,,,,,,windows,,windows,x86,,,,,,,,,,,,,,,,,,,,,,,,,,,,cgi,,,,,,,,,,,,,,,,,,,,,,,,,,,,,,,,,,,,,cgi,,,,,,,,,,,,,,,cgi,,,,,,,,,,,,,,,,,,,,,
6a2f8faa0de103506950dc88,3656,php,xml,,,,,,,,,,,,,,php,,linux,php,,,,,,,,,,,,,,,,,,,,,,,,,,,,php,xml,,,,,,,,,,,,,,,,,,,,,,,,,,,,,,,,,,,,php,xml,,,,,,,,,,,,,,php,xml,,,,,,,,,,,,,,,,,,,,
6a2f8faa0de103506950dc89,3645,linux,php,,,,,,,,,,,,,,php,,linux,php,,,,,,,,,,,,,,,,,,,,,,,,,,,,php,,,,,,,,,,,,,,,,,,,,,,,,,,,,,,,,,,,,,php,,,,,,,,,,,,,,,linux,php,,,,,,,,,,,,,,,,,,,,
6a2f8faa0de103506950dc8a,9943,java,macos,,,,,,,,,,,,,,multiple,,java,macos,windows,,,,,,,,,,,,,,,,,,,,,,,,,,,java,macos,,,,,,,,,,,,,,,,,,,,,,,,,,,,,,,,,,,,java,macos,,,,,,,,,,,,,,java,macos,,,,,,,,,,,,,,,,,,,,
6a2f8faa0de103506950dc8b,16295,java,macos,,,,,,,,,,,,,,multiple,,java,macos,ppc,windows,x86,,,,,,,,,,,,,,,,,,,,,,,,,java,macos,,,,,,,,,,,,,,,,,,,,,,,,,,,,,,,,,,,,java,macos,,,,,,,,,,,,,,java,macos,,,,,,,,,,,,,,,,,,,,
6a2f8faa0de103506950dc8c,29884,java,macos,,,,,,,,,,,,,,multiple,,java,macos,windows,,,,,,,,,,,,,,,,,,,,,,,,,,,java,macos,,,,,,,,,,,,,,,,,,,,,,,,,,,,,,,,,,,,java,macos,,,,,,,,,,,,,,java,macos,,,,,,,,,,,,,,,,,,,,
6a2f8faa0de103506950dc8d,30493,windows,xml,,,,,,,,,,,,,,windows,,windows,,,,,,,,,,,,,,,,,,,,,,,,,,,,,windows,xml,,,,,,,,,,,,,,,,,,,,,,,,,,,,,,,,,,,,windows,xml,,,,,,,,,,,,,,windows,xml,,,,,,,,,,,,,,,,,,,,
6a2f8faa0de103506950dc8e,29898,php,windows,,,,,,,,,,,,,,php,,php,,,,,,,,,,,,,,,,,,,,,,,,,,,,,php,windows,,,,,,,,,,,,,,,,,,,,,,,,,,,,,,,,,,,,php,windows,,,,,,,,,,,,,,php,windows,,,,,,,,,,,,,,,,,,,,
6a2f8faa0de103506950dc8f,4359,macos,,,,,,,,,,,,,,,multiple,,windows,,,,,,,,,,,,,,,,,,,,,,,,,,,,,macos,,,,,,,,,,,,,,,,,,,,,,,,,,,,,,,,,,,,,macos,,,,,,,,,,,,,,,macos,,,,,,,,,,,,,,,,,,,,,
6a2f8faa0de103506950dc90,30292,macos,,,,,,,,,,,,,,,multiple,,perl,windows,,,,,,,,,,,,,,,,,,,,,,,,,,,,macos,,,,,,,,,,,,,,,,,,,,,,,,,,,,,,,,,,,,,macos,,,,,,,,,,,,,,,macos,,,,,,,,,,,,,,,,,,,,,
6a2f8faa0de103506950dc91,30228,ios,macos,,,,,,,,,,,,,,macos,,safari,,,,,,,,,,,,,,,,,,,,,,,,,,,,,ios,macos,,,,,,,,,,,,,,,,,,,,,,,,,,,,,,,,,,,,ios,macos,,,,,,,,,,,,,,ios,macos,,,,,,,,,,,,,,,,,,,,
6a2f8faa0de103506950dc92,9950,aix,bsd,hp-ux,linux,solaris,unixware,windows,,,,,,,,,linux,,linux,x86,,,,,,,,,,,,,,,,,,,,,,,,,,,,aix,bsd,hp-ux,irix,linux,qnx,sco,solaris,tru64,unixware,vxworks,windows,,,,,,,,,,,,,,,,,,,,,,,,,,linux,unixware,windows,,,,,,,,,,,,,aix,bsd,hp-ux,linux,solaris,unixware,,,,,,,,,,,,,,,,
6a2f8faa0de103506950dc93,16329,aix,bsd,hp-ux,linux,solaris,unixware,windows,,,,,,,,,solaris,,solaris,sparc,x86,,,,,,,,,,,,,,,,,,,,,,,,,,,aix,bsd,hp-ux,irix,linux,qnx,sco,solaris,tru64,unixware,vxworks,windows,,,,,,,,,,,,,,,,,,,,,,,,,,linux,unixware,windows,,,,,,,,,,,,,aix,bsd,hp-ux,linux,solaris,unixware,,,,,,,,,,,,,,,,
6a2f8faa0de103506950dc94,16859,aix,bsd,hp-ux,linux,solaris,unixware,windows,,,,,,,,,linux,,linux,x86,,,,,,,,,,,,,,,,,,,,,,,,,,,,aix,bsd,hp-ux,irix,linux,qnx,sco,solaris,tru64,unixware,vxworks,windows,,,,,,,,,,,,,,,,,,,,,,,,,,linux,unixware,windows,,,,,,,,,,,,,aix,bsd,hp-ux,linux,solaris,unixware,,,,,,,,,,,,,,,,
6a2f8faa0de103506950dc95,16875,aix,bsd,hp-ux,linux,solaris,unixware,windows,,,,,,,,,macos,,macos,ppc,x86,,,,,,,,,,,,,,,,,,,,,,,,,,,aix,bsd,hp-ux,irix,linux,qnx,sco,solaris,tru64,unixware,vxworks,windows,,,,,,,,,,,,,,,,,,,,,,,,,,linux,unixware,windows,,,,,,,,,,,,,aix,bsd,hp-ux,linux,solaris,unixware,,,,,,,,,,,,,,,,
6a2f8faa0de103506950dc96,29950,javascript,macos,,,,,,,,,,,,,,macos,,macos,,,,,,,,,,,,,,,,,,,,,,,,,,,,,javascript,macos,,,,,,,,,,,,,,,,,,,,,,,,,,,,,,,,,,,,javascript,macos,,,,,,,,,,,,,,javascript,macos,,,,,,,,,,,,,,,,,,,,
6a2f8faa0de103506950dc97,30078,javascript,macos,,,,,,,,,,,,,,multiple,,ios,macos,,,,,,,,,,,,,,,,,,,,,,,,,,,,javascript,macos,,,,,,,,,,,,,,,,,,,,,,,,,,,,,,,,,,,,javascript,,,,,,,,,,,,,,,javascript,macos,,,,,,,,,,,,,,,,,,,,
6a2f8faa0de103506950dc98,30080,linux,x86-64,,,,,,,,,,,,,,linux,,linux,,,,,,,,,,,,,,,,,,,,,,,,,,,,,linux,x86-64,,,,,,,,,,,,,,,,,,,,,,,,,,,,,,,,,,,,linux,x86-64,,,,,,,,,,,,,,linux,x86-64,,,,,,,,,,,,,,,,,,,,
6a2f8faa0de103506950dc99,3991,alpha,php,,,,,,,,,,,,,,php,,php,,,,,,,,,,,,,,,,,,,,,,,,,,,,,alpha,php,,,,,,,,,,,,,,,,,,,,,,,,,,,,,,,,,,,,alpha,php,,,,,,,,,,,,,,alpha,php,,,,,,,,,,,,,,,,,,,,
6a2f8faa0de103506950dc9a,30299,asp,,,,,,,,,,,,,,,php,,,,,,,,,,,,,,,,,,,,,,,,,,,,,,,asp,,,,,,,,,,,,,,,,,,,,,,,,,,,,,,,,,,,,,asp,,,,,,,,,,,,,,,asp,,,,,,,,,,,,,,,,,,,,,
6a2f8faa0de103506950dc9b,4039,php,xml,,,,,,,,,,,,,,php,,php,,,,,,,,,,,,,,,,,,,,,,,,,,,,,php,xml,,,,,,,,,,,,,,,,,,,,,,,,,,,,,,,,,,,,php,xml,,,,,,,,,,,,,,php,xml,,,,,,,,,,,,,,,,,,,,
6a2f8faa0de103506950dc9c,30186,windows,,,,,,,,,,,,,,,linux,,,,,,,,,,,,,,,,,,,,,,,,,,,,,,,windows,,,,,,,,,,,,,,,,,,,,,,,,,,,,,,,,,,,,,windows,,,,,,,,,,,,,,,windows,,,,,,,,,,,,,,,,,,,,,
6a2f8faa0de103506950dc9d,30271,jsp,,,,,,,,,,,,,,,java,,java,,,,,,,,,,,,,,,,,,,,,,,,,,,,,jsp,,,,,,,,,,,,,,,,,,,,,,,,,,,,,,,,,,,,,jsp,,,,,,,,,,,,,,,jsp,,,,,,,,,,,,,,,,,,,,,
6a2f8faa0de103506950dc9e,30272,jsp,,,,,,,,,,,,,,,java,,java,,,,,,,,,,,,,,,,,,,,,,,,,,,,,jsp,,,,,,,,,,,,,,,,,,,,,,,,,,,,,,,,,,,,,jsp,,,,,,,,,,,,,,,jsp,,,,,,,,,,,,,,,,,,,,,
6a2f8faa0de103506950dc9f,30273,jsp,,,,,,,,,,,,,,,java,,java,,,,,,,,,,,,,,,,,,,,,,,,,,,,,jsp,,,,,,,,,,,,,,,,,,,,,,,,,,,,,,,,,,,,,jsp,,,,,,,,,,,,,,,jsp,,,,,,,,,,,,,,,,,,,,,
6a2f8faa0de103506950dca0,30274,jsp,,,,,,,,,,,,,,,java,,,,,,,,,,,,,,,,,,,,,,,,,,,,,,,jsp,,,,,,,,,,,,,,,,,,,,,,,,,,,,,,,,,,,,,jsp,,,,,,,,,,,,,,,jsp,,,,,,,,,,,,,,,,,,,,,
6a2f8faa0de103506950dca1,30275,jsp,,,,,,,,,,,,,,,java,,java,,,,,,,,,,,,,,,,,,,,,,,,,,,,,jsp,,,,,,,,,,,,,,,,,,,,,,,,,,,,,,,,,,,,,jsp,,,,,,,,,,,,,,,jsp,,,,,,,,,,,,,,,,,,,,,
6a2f8faa0de103506950dca2,4175,php,,,,,,,,,,,,,,,multiple,,php,windows,,,,,,,,,,,,,,,,,,,,,,,,,,,,php,,,,,,,,,,,,,,,,,,,,,,,,,,,,,,,,,,,,,php,,,,,,,,,,,,,,,php,,,,,,,,,,,,,,,,,,,,,
6a2f8faa0de103506950dca3,30426,aspx,,,,,,,,,,,,,,,asp,,,,,,,,,,,,,,,,,,,,,,,,,,,,,,,aspx,,,,,,,,,,,,,,,,,,,,,,,,,,,,,,,,,,,,,aspx,,,,,,,,,,,,,,,aspx,,,,,,,,,,,,,,,,,,,,,
6a2f8faa0de103506950dca4,4260,php,,,,,,,,,,,,,,,multiple,,php,windows,,,,,,,,,,,,,,,,,,,,,,,,,,,,php,,,,,,,,,,,,,,,,,,,,,,,,,,,,,,,,,,,,,php,,,,,,,,,,,,,,,php,,,,,,,,,,,,,,,,,,,,,
6a2f8faa0de103506950dca5,30484,bsd,,,,,,,,,,,,,,,bsd,,linux,,,,,,,,,,,,,,,,,,,,,,,,,,,,,bsd,,,,,,,,,,,,,,,,,,,,,,,,,,,,,,,,,,,,,bsd,,,,,,,,,,,,,,,bsd,,,,,,,,,,,,,,,,,,,,,
6a2f8faa0de103506950dca6,4282,go,,,,,,,,,,,,,,,php,,php,,,,,,,,,,,,,,,,,,,,,,,,,,,,,go,,,,,,,,,,,,,,,,,,,,,,,,,,,,,,,,,,,,,go,,,,,,,,,,,,,,,go,,,,,,,,,,,,,,,,,,,,,
6a2f8faa0de103506950dca7,9586,,,,,,,,,,,,,,,,windows,,python,windows,,,,,,,,,,,,,,,,,,,,,,,,,,,,,,,,,,,,,,,,,,,,,,,,,,,,,,,,,,,,,,,,,,,,,,,,,,,,,,,,alpha,,,,,,,,,,,,,,,,,,,,,
6a2f8faa0de103506950dca8,4314,perl,php,,,,,,,,,,,,,,windows,,php,,,,,,,,,,,,,,,,,,,,,,,,,,,,,perl,php,,,,,,,,,,,,,,,,,,,,,,,,,,,,,,,,,,,,perl,php,,,,,,,,,,,,,,perl,php,,,,,,,,,,,,,,,,,,,,
6a2f8faa0de103506950dca9,30767,macos,,,,,,,,,,,,,,,windows,,windows,,,,,,,,,,,,,,,,,,,,,,,,,,,,,macos,,,,,,,,,,,,,,,,,,,,,,,,,,,,,,,,,,,,,ios,macos,,,,,,,,,,,,,,macos,,,,,,,,,,,,,,,,,,,,,
6a2f8faa0de103506950dcaa,4683,linux,,,,,,,,,,,,,,,windows,,windows,,,,,,,,,,,,,,,,,,,,,,,,,,,,,linux,,,,,,,,,,,,,,,,,,,,,,,,,,,,,,,,,,,,,linux,,,,,,,,,,,,,,,linux,,,,,,,,,,,,,,,,,,,,,
6a2f8faa0de103506950dcab,4542,linux,,,,,,,,,,,,,,,linux,,linux,python,,,,,,,,,,,,,,,,,,,,,,,,,,,,,,,,,,,,,,,,,,,,,,,,,,,,,,,,,,,,,,,,,,,,,,,,,,,,,,,,linux,,,,,,,,,,,,,,,,,,,,,
6a2f8faa0de103506950dcac,30584,,,,,,,,,,,,,,,,linux,,python,,,,,,,,,,,,,,,,,,,,,,,,,,,,,,,,,,,,,,,,,,,,,,,,,,,,,,,,,,,,,,,,,,,,,,,,,,,,,,,,,linux,,,,,,,,,,,,,,,,,,,,,
6a2f8faa0de103506950dcad,4540,java,,,,,,,,,,,,,,,multiple,,,,,,,,,,,,,,,,,,,,,,,,,,,,,,,java,,,,,,,,,,,,,,,,,,,,,,,,,,,,,,,,,,,,,java,,,,,,,,,,,,,,,java,,,,,,,,,,,,,,,,,,,,,
6a2f8faa0de103506950dcae,10514,php,,,,,,,,,,,,,,,windows,,,,,,,,,,,,,,,,,,,,,,,,,,,,,,,php,,,,,,,,,,,,,,,,,,,,,,,,,,,,,,,,,,,,,php,,,,,,,,,,,,,,,php,,,,,,,,,,,,,,,,,,,,,
6a2f8faa0de103506950dcaf,4436,,,,,,,,,,,,,,,,php,,,,,,,,,,,,,,,,,,,,,,,,,,,,,,,,,,,,,,,,,,,,,,,,,,,,,,,,,,,,,,,,,,,,,,,,,,,,,,,,,,,php,,,,,,,,,,,,,,,,,,,,,
6a2f8faa0de103506950dcb0,30641,asp,php,,,,,,,,,,,,,,php,,php,,,,,,,,,,,,,,,,,,,,,,,,,,,,,asp,php,,,,,,,,,,,,,,,,,,,,,,,,,,,,,,,,,,,,asp,,,,,,,,,,,,,,,asp,php,,,,,,,,,,,,,,,,,,,,
6a2f8faa0de103506950dcb1,4601,bsd,solaris,,,,,,,,,,,,,,multiple,,linux,,,,,,,,,,,,,,,,,,,,,,,,,,,,,bsd,solaris,,,,,,,,,,,,,,,,,,,,,,,,,,,,,,,,,,,,bsd,solaris,,,,,,,,,,,,,,bsd,solaris,,,,,,,,,,,,,,,,,,,,
6a2f8faa0de103506950dcb2,4552,java,,,,,,,,,,,,,,,linux,,java,,,,,,,,,,,,,,,,,,,,,,,,,,,,,,,,,,,,,,,,,,,,,,,,,,,,,,,,,,,,,,,,,,java,jsp,,,,,,,,,,,,,,java,,,,,,,,,,,,,,,,,,,,,
6a2f8faa0de103506950dcb3,30681,windows,x86-64,,,,,,,,,,,,,,windows,,windows,,,,,,,,,,,,,,,,,,,,,,,,,,,,,windows,x86-64,,,,,,,,,,,,,,,,,,,,,,,,,,,,,,,,,,,,windows,x86-64,,,,,,,,,,,,,,windows,x86-64,,,,,,,,,,,,,,,,,,,,
6a2f8faa0de103506950dcb4,30678,windows,,,,,,,,,,,,,,,multiple,,java,,,,,,,,,,,,,,,,,,,,,,,,,,,,,windows,,,,,,,,,,,,,,,,,,,,,,,,,,,,,,,,,,,,,windows,,,,,,,,,,,,,,,windows,,,,,,,,,,,,,,,,,,,,,
6a2f8faa0de103506950dcb5,30704,java,jsp,,,,,,,,,,,,,,jsp,,java,,,,,,,,,,,,,,,,,,,,,,,,,,,,,java,jsp,,,,,,,,,,,,,,,,,,,,,,,,,,,,,,,,,,,,jsp,,,,,,,,,,,,,,,jsp,,,,,,,,,,,,,,,,,,,,,
6a2f8faa0de103506950dcb6,18914,netware,,,,,,,,,,,,,,,windows,,python,windows,,,,,,,,,,,,,,,,,,,,,,,,,,,,netware,,,,,,,,,,,,,,,,,,,,,,,,,,,,,,,,,,,,,netware,,,,,,,,,,,,,,,netware,,,,,,,,,,,,,,,,,,,,,
6a2f8faa0de103506950dcb7,5152,aix,bsd,hp-ux,linux,solaris,unixware,,,,,,,,,,multiple,,linux,,,,,,,,,,,,,,,,,,,,,,,,,,,,,aix,bsd,hp-ux,irix,linux,sco,solaris,tru64,unixware,,,,,,,,,,,,,,,,,,,,,,,,,,,,,solaris,x86,,,,,,,,,,,,,,aix,bsd,hp-ux,linux,solaris,unixware,,,,,,,,,,,,,,,,
6a2f8faa0de103506950dcb8,4648,macos,windows,,,,,,,,,,,,,,multiple,,python,windows,,,,,,,,,,,,,,,,,,,,,,,,,,,,macos,windows,,,,,,,,,,,,,,,,,,,,,,,,,,,,,,,,,,,,macos,windows,,,,,,,,,,,,,,macos,windows,,,,,,,,,,,,,,,,,,,,
6a2f8faa0de103506950dcb9,4651,macos,windows,,,,,,,,,,,,,,windows,,windows,,,,,,,,,,,,,,,,,,,,,,,,,,,,,macos,windows,,,,,,,,,,,,,,,,,,,,,,,,,,,,,,,,,,,,macos,windows,,,,,,,,,,,,,,macos,windows,,,,,,,,,,,,,,,,,,,,
6a2f8faa0de103506950dcba,4657,macos,windows,,,,,,,,,,,,,,windows,,python,windows,,,,,,,,,,,,,,,,,,,,,,,,,,,,macos,windows,,,,,,,,,,,,,,,,,,,,,,,,,,,,,,,,,,,,macos,windows,,,,,,,,,,,,,,macos,windows,,,,,,,,,,,,,,,,,,,,
6a2f8faa0de103506950dcbb,4664,macos,windows,,,,,,,,,,,,,,windows,,linux,perl,windows,windows vista,windows xp sp2,,,,,,,,,,,,,,,,,,,,,,,,,macos,windows,,,,,,,,,,,,,,,,,,,,,,,,,,,,,,,,,,,,macos,windows,,,,,,,,,,,,,,macos,windows,,,,,,,,,,,,,,,,,,,,
6a2f8faa0de103506950dcbc,6013,macos,windows,,,,,,,,,,,,,,macos,,macos,x86,,,,,,,,,,,,,,,,,,,,,,,,,,,,macos,windows,,,,,,,,,,,,,,,,,,,,,,,,,,,,,,,,,,,,macos,windows,,,,,,,,,,,,,,macos,windows,,,,,,,,,,,,,,,,,,,,
6a2f8faa0de103506950dcbd,11027,macos,windows,,,,,,,,,,,,,,windows,,windows,,,,,,,,,,,,,,,,,,,,,,,,,,,,,macos,windows,,,,,,,,,,,,,,,,,,,,,,,,,,,,,,,,,,,,macos,windows,,,,,,,,,,,,,,macos,windows,,,,,,,,,,,,,,,,,,,,
6a2f8faa0de103506950dcbe,16424,macos,windows,,,,,,,,,,,,,,windows,,windows,,,,,,,,,,,,,,,,,,,,,,,,,,,,,macos,windows,,,,,,,,,,,,,,,,,,,,,,,,,,,,,,,,,,,,macos,windows,,,,,,,,,,,,,,macos,windows,,,,,,,,,,,,,,,,,,,,
6a2f8faa0de103506950dcbf,16873,macos,windows,,,,,,,,,,,,,,macos,,macos,ppc,x86,,,,,,,,,,,,,,,,,,,,,,,,,,,macos,windows,,,,,,,,,,,,,,,,,,,,,,,,,,,,,,,,,,,,macos,windows,,,,,,,,,,,,,,macos,windows,,,,,,,,,,,,,,,,,,,,
6a2f8faa0de103506950dcc0,4647,cgi,perl,,,,,,,,,,,,,,cgi,,perl,,,,,,,,,,,,,,,,,,,,,,,,,,,,,cgi,,,,,,,,,,,,,,,,,,,,,,,,,,,,,,,,,,,,,cgi,,,,,,,,,,,,,,,cgi,perl,,,,,,,,,,,,,,,,,,,,
6a2f8faa0de103506950dcc1,4671,linux,php,,,,,,,,,,,,,,php,,php,,,,,,,,,,,,,,,,,,,,,,,,,,,,,linux,php,,,,,,,,,,,,,,,,,,,,,,,,,,,,,,,,,,,,linux,php,,,,,,,,,,,,,,linux,php,,,,,,,,,,,,,,,,,,,,
6a2f8faa0de103506950dcc2,4649,asp,,,,,,,,,,,,,,,php,,,,,,,,,,,,,,,,,,,,,,,,,,,,,,,asp,,,,,,,,,,,,,,,,,,,,,,,,,,,,,,,,,,,,,asp,,,,,,,,,,,,,,,asp,,,,,,,,,,,,,,,,,,,,,
6a2f8faa0de103506950dcc3,4689,macos,x86,,,,,,,,,,,,,,macos,,macos,ppc,x86,,,,,,,,,,,,,,,,,,,,,,,,,,,macos,x86,,,,,,,,,,,,,,,,,,,,,,,,,,,,,,,,,,,,macos,,,,,,,,,,,,,,,macos,,,,,,,,,,,,,,,,,,,,,
6a2f8faa0de103506950dcc4,30845,aspx,,,,,,,,,,,,,,,asp,,windows,,,,,,,,,,,,,,,,,,,,,,,,,,,,,aspx,,,,,,,,,,,,,,,,,,,,,,,,,,,,,,,,,,,,,aspx,,,,,,,,,,,,,,,aspx,,,,,,,,,,,,,,,,,,,,,
6a2f8faa0de103506950dcc5,4700,cgi,windows,,,,,,,,,,,,,,windows,,windows,,,,,,,,,,,,,,,,,,,,,,,,,,,,,cgi,windows,,,,,,,,,,,,,,,,,,,,,,,,,,,,,,,,,,,,cgi,,,,,,,,,,,,,,,cgi,windows,,,,,,,,,,,,,,,,,,,,
6a2f8faa0de103506950dcc6,4747,php,windows,,,,,,,,,,,,,,windows,,windows,,,,,,,,,,,,,,,,,,,,,,,,,,,,,php,,,,,,,,,,,,,,,,,,,,,,,,,,,,,,,,,,,,,perl,php,windows,,,,,,,,,,,,,php,,,,,,,,,,,,,,,,,,,,,
6a2f8faa0de103506950dcc7,4730,asp,windows,,,,,,,,,,,,,,asp,,asp,windows,,,,,,,,,,,,,,,,,,,,,,,,,,,,asp,,,,,,,,,,,,,,,,,,,,,,,,,,,,,,,,,,,,,asp,,,,,,,,,,,,,,,asp,windows,,,,,,,,,,,,,,,,,,,,
6a2f8faa0de103506950dcc8,30901,linux,php,windows,,,,,,,,,,,,,windows,,perl,php,python,ruby,windows,,,,,,,,,,,,,,,,,,,,,,,,,linux,php,windows,,,,,,,,,,,,,,,,,,,,,,,,,,,,,,,,,,,linux,php,windows,,,,,,,,,,,,,linux,php,windows,,,,,,,,,,,,,,,,,,,
6a2f8faa0de103506950dcc9,4793,php,,,,,,,,,,,,,,,php,,,,,,,,,,,,,,,,,,,,,,,,,,,,,,,,,,,,,,,,,,,,,,,,,,,,,,,,,,,,,,,,,,,,php,,,,,,,,,,,,,,,php,,,,,,,,,,,,,,,,,,,,,
6a2f8faa0de103506950dcca,18564,php,,,,,,,,,,,,,,,php,,linux,php,,,,,,,,,,,,,,,,,,,,,,,,,,,,,,,,,,,,,,,,,,,,,,,,,,,,,,,,,,,,,,,,,php,,,,,,,,,,,,,,,php,,,,,,,,,,,,,,,,,,,,,
6a2f8faa0de103506950dccb,5918,,,,,,,,,,,,,,,,windows,,,,,,,,,,,,,,,,,,,,,,,,,,,,,,,,,,,,,,,,,,,,,,,,,,,,,,,,,,,,,,,,,,,,,,,,,,,,,,,,,,,windows,,,,,,,,,,,,,,,,,,,,,
6a2f8faa0de103506950dccc,30991,windows,,,,,,,,,,,,,,,multiple,,,,,,,,,,,,,,,,,,,,,,,,,,,,,,,windows,,,,,,,,,,,,,,,,,,,,,,,,,,,,,,,,,,,,,windows,,,,,,,,,,,,,,,windows,,,,,,,,,,,,,,,,,,,,,
6a2f8faa0de103506950dccd,31006,java,jsp,,,,,,,,,,,,,,jsp,,jsp,,,,,,,,,,,,,,,,,,,,,,,,,,,,,java,jsp,,,,,,,,,,,,,,,,,,,,,,,,,,,,,,,,,,,,java,jsp,,,,,,,,,,,,,,java,jsp,,,,,,,,,,,,,,,,,,,,
6a2f8faa0de103506950dcce,31024,jsp,,,,,,,,,,,,,,,hardware,,,,,,,,,,,,,,,,,,,,,,,,,,,,,,,jsp,,,,,,,,,,,,,,,,,,,,,,,,,,,,,,,,,,,,,jsp,,,,,,,,,,,,,,,jsp,,,,,,,,,,,,,,,,,,,,,
6a2f8faa0de103506950dccf,31021,ios,macos,,,,,,,,,,,,,,macos,,macos,,,,,,,,,,,,,,,,,,,,,,,,,,,,,ios,macos,,,,,,,,,,,,,,,,,,,,,,,,,,,,,,,,,,,,ios,macos,,,,,,,,,,,,,,ios,macos,,,,,,,,,,,,,,,,,,,,
6a2f8faa0de103506950dcd0,31010,xml,,,,,,,,,,,,,,,multiple,,oracle database,,,,,,,,,,,,,,,,,,,,,,,,,,,,,xml,,,,,,,,,,,,,,,,,,,,,,,,,,,,,,,,,,,,,xml,,,,,,,,,,,,,,,xml,,,,,,,,,,,,,,,,,,,,,
6a2f8faa0de103506950dcd1,31039,windows,,,,,,,,,,,,,,,windows,,linux,windows,,,,,,,,,,,,,,,,,,,,,,,,,,,,,,,,,,,,,,,,,,,,,,,,,,,,,,,,,,,,,,,,,windows,,,,,,,,,,,,,,,windows,,,,,,,,,,,,,,,,,,,,,
6a2f8faa0de103506950dcd2,31051,javascript,,,,,,,,,,,,,,,linux,,javascript,,,,,,,,,,,,,,,,,,,,,,,,,,,,,,,,,,,,,,,,,,,,,,,,,,,,,,,,,,,,,,,,,,,,,,,,,,,,,,,,,javascript,,,,,,,,,,,,,,,,,,,,,
6a2f8faa0de103506950dcd3,5078,java,jsp,,,,,,,,,,,,,,windows,,java,windows,,,,,,,,,,,,,,,,,,,,,,,,,,,,java,jsp,,,,,,,,,,,,,,,,,,,,,,,,,,,,,,,,,,,,java,jsp,,,,,,,,,,,,,,java,jsp,,,,,,,,,,,,,,,,,,,,
6a2f8faa0de103506950dcd4,31072,java,jsp,,,,,,,,,,,,,,windows,,java,,,,,,,,,,,,,,,,,,,,,,,,,,,,,java,jsp,,,,,,,,,,,,,,,,,,,,,,,,,,,,,,,,,,,,java,jsp,,,,,,,,,,,,,,java,jsp,,,,,,,,,,,,,,,,,,,,
6a2f8faa0de103506950dcd5,20171,jsp,,,,,,,,,,,,,,,php,,java,,,,,,,,,,,,,,,,,,,,,,,,,,,,,jsp,,,,,,,,,,,,,,,,,,,,,,,,,,,,,,,,,,,,,jsp,,,,,,,,,,,,,,,jsp,,,,,,,,,,,,,,,,,,,,,
6a2f8faa0de103506950dcd6,31132,windows,,,,,,,,,,,,,,,hardware,,,,,,,,,,,,,,,,,,,,,,,,,,,,,,,windows,,,,,,,,,,,,,,,,,,,,,,,,,,,,,,,,,,,,,windows,,,,,,,,,,,,,,,windows,,,,,,,,,,,,,,,,,,,,,
6a2f8faa0de103506950dcd7,5151,macos,,,,,,,,,,,,,,,ios,,ios,,,,,,,,,,,,,,,,,,,,,,,,,,,,,macos,,,,,,,,,,,,,,,,,,,,,,,,,,,,,,,,,,,,,macos,,,,,,,,,,,,,,,macos,,,,,,,,,,,,,,,,,,,,,
6a2f8faa0de103506950dcd8,5180,linux,php,,,,,,,,,,,,,,php,,php,,,,,,,,,,,,,,,,,,,,,,,,,,,,,linux,php,,,,,,,,,,,,,,,,,,,,,,,,,,,,,,,,,,,,linux,php,,,,,,,,,,,,,,linux,php,,,,,,,,,,,,,,,,,,,,
6a2f8faa0de103506950dcd9,5215,ruby,,,,,,,,,,,,,,,multiple,,macos,ruby,windows,,,,,,,,,,,,,,,,,,,,,,,,,,,ruby,,,,,,,,,,,,,,,,,,,,,,,,,,,,,,,,,,,,,ruby,,,,,,,,,,,,,,,ruby,,,,,,,,,,,,,,,,,,,,,
6a2f8faa0de103506950dcda,31378,windows,,,,,,,,,,,,,,,multiple,,,,,,,,,,,,,,,,,,,,,,,,,,,,,,,windows,,,,,,,,,,,,,,,,,,,,,,,,,,,,,,,,,,,,,windows,,,,,,,,,,,,,,,windows,,,,,,,,,,,,,,,,,,,,,
6a2f8faa0de103506950dcdb,31365,java,jsp,,,,,,,,,,,,,,php,,java,,,,,,,,,,,,,,,,,,,,,,,,,,,,,java,jsp,,,,,,,,,,,,,,,,,,,,,,,,,,,,,,,,,,,,java,jsp,,,,,,,,,,,,,,java,jsp,,,,,,,,,,,,,,,,,,,,
6a2f8faa0de103506950dcdc,31366,java,jsp,,,,,,,,,,,,,,php,,java,,,,,,,,,,,,,,,,,,,,,,,,,,,,,java,jsp,,,,,,,,,,,,,,,,,,,,,,,,,,,,,,,,,,,,java,jsp,,,,,,,,,,,,,,java,jsp,,,,,,,,,,,,,,,,,,,,
6a2f8faa0de103506950dcdd,31550,bsd,macos,,,,,,,,,,,,,,bsd,,bsd,php,,,,,,,,,,,,,,,,,,,,,,,,,,,,bsd,macos,,,,,,,,,,,,,,,,,,,,,,,,,,,,,,,,,,,,bsd,x86,,,,,,,,,,,,,,bsd,macos,,,,,,,,,,,,,,,,,,,,
6a2f8faa0de103506950dcde,31411,windows,,,,,,,,,,,,,,,cgi,,windows,,,,,,,,,,,,,,,,,,,,,,,,,,,,,,,,,,,,,,,,,,,,,,,,,,,,,,,,,,,,,,,,,,windows,,,,,,,,,,,,,,,windows,,,,,,,,,,,,,,,,,,,,,
6a2f8faa0de103506950dcdf,5270,,,,,,,,,,,,,,,,windows,,python,,,,,,,,,,,,,,,,,,,,,,,,,,,,,,,,,,,,,,,,,,,,,,,,,,,,,,,,,,,,,,,,,,,,,,,,,,,,,,,,,windows,,,,,,,,,,,,,,,,,,,,,
6a2f8faa0de103506950dce0,31475,java,jsp,,,,,,,,,,,,,,jsp,,jsp,,,,,,,,,,,,,,,,,,,,,,,,,,,,,java,jsp,,,,,,,,,,,,,,,,,,,,,,,,,,,,,,,,,,,,java,jsp,,,,,,,,,,,,,,java,jsp,,,,,,,,,,,,,,,,,,,,
6a2f8faa0de103506950dce1,32489,asp,windows,,,,,,,,,,,,,,windows,,windows,,,,,,,,,,,,,,,,,,,,,,,,,,,,,asp,,,,,,,,,,,,,,,,,,,,,,,,,,,,,,,,,,,,,asp,windows,,,,,,,,,,,,,,asp,windows,,,,,,,,,,,,,,,,,,,,
6a2f8faa0de103506950dce2,5422,,,,,,,,,,,,,,,,php,,,,,,,,,,,,,,,,,,,,,,,,,,,,,,,,,,,,,,,,,,,,,,,,,,,,,,,,,,,,,,,,,,,,,,,,,,,,,,,,,,,php,,,,,,,,,,,,,,,,,,,,,
6a2f8faa0de103506950dce3,31537,perl,,,,,,,,,,,,,,,cgi,,,,,,,,,,,,,,,,,,,,,,,,,,,,,,,perl,,,,,,,,,,,,,,,,,,,,,,,,,,,,,,,,,,,,,perl,,,,,,,,,,,,,,,perl,,,,,,,,,,,,,,,,,,,,,
6a2f8faa0de103506950dce4,31538,perl,,,,,,,,,,,,,,,cgi,,,,,,,,,,,,,,,,,,,,,,,,,,,,,,,perl,,,,,,,,,,,,,,,,,,,,,,,,,,,,,,,,,,,,,perl,,,,,,,,,,,,,,,perl,,,,,,,,,,,,,,,,,,,,,
6a2f8faa0de103506950dce5,5515,novell,,,,,,,,,,,,,,,windows,,windows,,,,,,,,,,,,,,,,,,,,,,,,,,,,,novell,,,,,,,,,,,,,,,,,,,,,,,,,,,,,,,,,,,,,novell,,,,,,,,,,,,,,,novell,,,,,,,,,,,,,,,,,,,,,
6a2f8faa0de103506950dce6,5600,cgi,java,jsp,php,,,,,,,,,,,,php,,php,,,,,,,,,,,,,,,,,,,,,,,,,,,,,cgi,java,jsp,php,,,,,,,,,,,,,,,,,,,,,,,,,,,,,,,,,,cgi,java,jsp,php,,,,,,,,,,,,cgi,java,php,,,,,,,,,,,,,,,,,,,
6a2f8faa0de103506950dce7,6043,macos,xml,,,,,,,,,,,,,,macos,,macos,,,,,,,,,,,,,,,,,,,,,,,,,,,,,macos,xml,,,,,,,,,,,,,,,,,,,,,,,,,,,,,,,,,,,,macos,xml,,,,,,,,,,,,,,macos,xml,,,,,,,,,,,,,,,,,,,,
6a2f8faa0de103506950dce8,5638,asp,,,,,,,,,,,,,,,php,,asp,,,,,,,,,,,,,,,,,,,,,,,,,,,,,aspx,,,,,,,,,,,,,,,,,,,,,,,,,,,,,,,,,,,,,asp,,,,,,,,,,,,,,,asp,,,,,,,,,,,,,,,,,,,,,
6a2f8faa0de103506950dce9,31817,java,,,,,,,,,,,,,,,multiple,,windows,,,,,,,,,,,,,,,,,,,,,,,,,,,,,java,,,,,,,,,,,,,,,,,,,,,,,,,,,,,,,,,,,,,java,,,,,,,,,,,,,,,java,,,,,,,,,,,,,,,,,,,,,
6a2f8faa0de103506950dcea,31858,perl,,,,,,,,,,,,,,,php,,cgi,,,,,,,,,,,,,,,,,,,,,,,,,,,,,perl,,,,,,,,,,,,,,,,,,,,,,,,,,,,,,,,,,,,,perl,,,,,,,,,,,,,,,perl,,,,,,,,,,,,,,,,,,,,,
6a2f8faa0de103506950dceb,5767,php,xml,,,,,,,,,,,,,,php,,php,,,,,,,,,,,,,,,,,,,,,,,,,,,,,php,xml,,,,,,,,,,,,,,,,,,,,,,,,,,,,,,,,,,,,php,xml,,,,,,,,,,,,,,php,xml,,,,,,,,,,,,,,,,,,,,
6a2f8faa0de103506950dcec,5895,asp,,,,,,,,,,,,,,,php,,asp,,,,,,,,,,,,,,,,,,,,,,,,,,,,,,,,,,,,,,,,,,,,,,,,,,,,,,,,,,,,,,,,,,,,,,,,,,,,,,,,,asp,,,,,,,,,,,,,,,,,,,,,
6a2f8faa0de103506950dced,7006,javascript,,,,,,,,,,,,,,,windows,,,,,,,,,,,,,,,,,,,,,,,,,,,,,,,javascript,,,,,,,,,,,,,,,,,,,,,,,,,,,,,,,,,,,,,javascript,,,,,,,,,,,,,,,javascript,,,,,,,,,,,,,,,,,,,,,
6a2f8faa0de103506950dcee,16504,javascript,,,,,,,,,,,,,,,windows,,windows,,,,,,,,,,,,,,,,,,,,,,,,,,,,,javascript,,,,,,,,,,,,,,,,,,,,,,,,,,,,,,,,,,,,,javascript,,,,,,,,,,,,,,,javascript,,,,,,,,,,,,,,,,,,,,,
6a2f8faa0de103506950dcef,16624,javascript,,,,,,,,,,,,,,,windows,,windows,,,,,,,,,,,,,,,,,,,,,,,,,,,,,javascript,,,,,,,,,,,,,,,,,,,,,,,,,,,,,,,,,,,,,javascript,,,,,,,,,,,,,,,javascript,,,,,,,,,,,,,,,,,,,,,
6a2f8faa0de103506950dcf0,32046,java,jsp,,,,,,,,,,,,,,jsp,,java,,,,,,,,,,,,,,,,,,,,,,,,,,,,,java,jsp,,,,,,,,,,,,,,,,,,,,,,,,,,,,,,,,,,,,jsp,,,,,,,,,,,,,,,jsp,,,,,,,,,,,,,,,,,,,,,
6a2f8faa0de103506950dcf1,32084,perl,,,,,,,,,,,,,,,multiple,,linux,perl,,,,,,,,,,,,,,,,,,,,,,,,,,,,perl,,,,,,,,,,,,,,,,,,,,,,,,,,,,,,,,,,,,,perl,,,,,,,,,,,,,,,perl,,,,,,,,,,,,,,,,,,,,,
6a2f8faa0de103506950dcf2,6149,php,windows,,,,,,,,,,,,,,php,,php,,,,,,,,,,,,,,,,,,,,,,,,,,,,,windows,,,,,,,,,,,,,,,,,,,,,,,,,,,,,,,,,,,,,php,windows,,,,,,,,,,,,,,windows,,,,,,,,,,,,,,,,,,,,,
6a2f8faa0de103506950dcf3,6108,cgi,perl,,,,,,,,,,,,,,cgi,,cgi,,,,,,,,,,,,,,,,,,,,,,,,,,,,,cgi,perl,,,,,,,,,,,,,,,,,,,,,,,,,,,,,,,,,,,,cgi,perl,,,,,,,,,,,,,,cgi,perl,,,,,,,,,,,,,,,,,,,,
6a2f8faa0de103506950dcf4,6239,ruby,,,,,,,,,,,,,,,multiple,,linux,ruby,x86,,,,,,,,,,,,,,,,,,,,,,,,,,,ruby,,,,,,,,,,,,,,,,,,,,,,,,,,,,,,,,,,,,,ruby,,,,,,,,,,,,,,,ruby,,,,,,,,,,,,,,,,,,,,,
6a2f8faa0de103506950dcf5,32126,aspx,,,,,,,,,,,,,,,php,,,,,,,,,,,,,,,,,,,,,,,,,,,,,,,aspx,,,,,,,,,,,,,,,,,,,,,,,,,,,,,,,,,,,,,aspx,,,,,,,,,,,,,,,aspx,,,,,,,,,,,,,,,,,,,,,
6a2f8faa0de103506950dcf6,8798,xml,,,,,,,,,,,,,,,windows,,macos,x86,,,,,,,,,,,,,,,,,,,,,,,,,,,,xml,,,,,,,,,,,,,,,,,,,,,,,,,,,,,,,,,,,,,xml,,,,,,,,,,,,,,,xml,,,,,,,,,,,,,,,,,,,,,
6a2f8faa0de103506950dcf7,32229,windows,,,,,,,,,,,,,,,windows,,,,,,,,,,,,,,,,,,,,,,,,,,,,,,,,,,,,,,,,,,,,,,,,,,,,,,,,,,,,,,,,,,,,windows,,,,,,,,,,,,,,,windows,,,,,,,,,,,,,,,,,,,,,
6a2f8faa0de103506950dcf8,32292,ruby,xml,,,,,,,,,,,,,,linux,,ruby,,,,,,,,,,,,,,,,,,,,,,,,,,,,,ruby,xml,,,,,,,,,,,,,,,,,,,,,,,,,,,,,,,,,,,,ruby,xml,,,,,,,,,,,,,,ruby,xml,,,,,,,,,,,,,,,,,,,,
6a2f8faa0de103506950dcf9,32303,,,,,,,,,,,,,,,,linux,,aspx,,,,,,,,,,,,,,,,,,,,,,,,,,,,,,,,,,,,,,,,,,,,,,,,,,,,,,,,,,,,,,,,,,,,,,,,,,,,,,,,,.net,,,,,,,,,,,,,,,,,,,,,
6a2f8faa0de103506950dcfa,7196,windows,xml,,,,,,,,,,,,,,windows,,windows,,,,,,,,,,,,,,,,,,,,,,,,,,,,,windows,xml,,,,,,,,,,,,,,,,,,,,,,,,,,,,,,,,,,,,jsp,windows,xml,,,,,,,,,,,,,windows,xml,,,,,,,,,,,,,,,,,,,,
6a2f8faa0de103506950dcfb,6471,macos,windows,,,,,,,,,,,,,,multiple,,macos,,,,,,,,,,,,,,,,,,,,,,,,,,,,,macos,windows,,,,,,,,,,,,,,,,,,,,,,,,,,,,,,,,,,,,macos,windows,,,,,,,,,,,,,,macos,windows,,,,,,,,,,,,,,,,,,,,
6a2f8faa0de103506950dcfc,19295,linux,android,macos,solaris,windows,,,,,,,,,,,windows,,windows,,,,,,,,,,,,,,,,,,,,,,,,,,,,,linux,android,macos,solaris,windows,,,,,,,,,,,,,,,,,,,,,,,,,,,,,,,,,linux,android,macos,solaris,windows,,,,,,,,,,,linux,android,macos,solaris,windows,,,,,,,,,,,,,,,,,
6a2f8faa0de103506950dcfd,32399,bsd,solaris,,,,,,,,,,,,,,unix,,,,,,,,,,,,,,,,,,,,,,,,,,,,,,,bsd,solaris,,,,,,,,,,,,,,,,,,,,,,,,,,,,,,,,,,,,bsd,solaris,,,,,,,,,,,,,,bsd,solaris,,,,,,,,,,,,,,,,,,,,
6a2f8faa0de103506950dcfe,6537,windows,xml,,,,,,,,,,,,,,windows,,windows,,,,,,,,,,,,,,,,,,,,,,,,,,,,,windows,xml,,,,,,,,,,,,,,,,,,,,,,,,,,,,,,,,,,,,windows,xml,,,,,,,,,,,,,,windows,xml,,,,,,,,,,,,,,,,,,,,
6a2f8faa0de103506950dcff,6403,cgi,php,,,,,,,,,,,,,,php,,php,,,,,,,,,,,,,,,,,,,,,,,,,,,,,cgi,php,,,,,,,,,,,,,,,,,,,,,,,,,,,,,,,,,,,,cgi,php,,,,,,,,,,,,,,cgi,php,,,,,,,,,,,,,,,,,,,,
6a2f8faa0de103506950dd00,16552,java,windows,,,,,,,,,,,,,,windows,,windows,,,,,,,,,,,,,,,,,,,,,,,,,,,,,java,windows,,,,,,,,,,,,,,,,,,,,,,,,,,,,,,,,,,,,java,,,,,,,,,,,,,,,java,windows,,,,,,,,,,,,,,,,,,,,
6a2f8faa0de103506950dd01,6651,vxworks,,,,,,,,,,,,,,,windows,,windows,,,,,,,,,,,,,,,,,,,,,,,,,,,,,vxworks,,,,,,,,,,,,,,,,,,,,,,,,,,,,,,,,,,,,,vxworks,,,,,,,,,,,,,,,,,,,,,,,,,,,,,,,,,,,,
6a2f8faa0de103506950dd02,4918,windows,,,,,,,,,,,,,,,windows,,windows,x86,,,,,,,,,,,,,,,,,,,,,,,,,,,,,,,,,,,,,,,,,,,,,,,,,,,,,,,,,,,,,,,,,windows,,,,,,,,,,,,,,,windows,,,,,,,,,,,,,,,,,,,,,
6a2f8faa0de103506950dd03,10229,python,,,,,,,,,,,,,,,multiple,,linux,ppc,python,sparc,x86,x86-64,,,,,,,,,,,,,,,,,,,,,,,,python,,,,,,,,,,,,,,,,,,,,,,,,,,,,,,,,,,,,,python,,,,,,,,,,,,,,,python,,,,,,,,,,,,,,,,,,,,,
6a2f8faa0de103506950dd04,32193,hp-ux,,,,,,,,,,,,,,,multiple,,openvms,,,,,,,,,,,,,,,,,,,,,,,,,,,,,hp-ux,,,,,,,,,,,,,,,,,,,,,,,,,,,,,,,,,,,,,alpha,,,,,,,,,,,,,,,hp-ux,,,,,,,,,,,,,,,,,,,,,
6a2f8faa0de103506950dd05,32596,php,xml,,,,,,,,,,,,,,multiple,,php,,,,,,,,,,,,,,,,,,,,,,,,,,,,,php,xml,,,,,,,,,,,,,,,,,,,,,,,,,,,,,,,,,,,,php,xml,,,,,,,,,,,,,,php,xml,,,,,,,,,,,,,,,,,,,,
6a2f8faa0de103506950dd06,32645,perl,,,,,,,,,,,,,,,php,,php,,,,,,,,,,,,,,,,,,,,,,,,,,,,,perl,,,,,,,,,,,,,,,,,,,,,,,,,,,,,,,,,,,,,perl,,,,,,,,,,,,,,,perl,,,,,,,,,,,,,,,,,,,,,
6a2f8faa0de103506950dd07,9948,java,solaris,,,,,,,,,,,,,,multiple,,linux,solaris,windows,,,,,,,,,,,,,,,,,,,,,,,,,,,java,,,,,,,,,,,,,,,,,,,,,,,,,,,,,,,,,,,,,java,solaris,,,,,,,,,,,,,,java,,,,,,,,,,,,,,,,,,,,,
6a2f8faa0de103506950dd08,16293,java,solaris,,,,,,,,,,,,,,multiple,,java,linux,macos,solaris,windows,,,,,,,,,,,,,,,,,,,,,,,,,java,,,,,,,,,,,,,,,,,,,,,,,,,,,,,,,,,,,,,java,solaris,,,,,,,,,,,,,,java,,,,,,,,,,,,,,,,,,,,,
6a2f8faa0de103506950dd09,16302,java,solaris,,,,,,,,,,,,,,multiple,,java,linux,macos,solaris,windows,,,,,,,,,,,,,,,,,,,,,,,,,java,,,,,,,,,,,,,,,,,,,,,,,,,,,,,,,,,,,,,java,solaris,,,,,,,,,,,,,,java,,,,,,,,,,,,,,,,,,,,,
6a2f8faa0de103506950dd0a,7113,php,,,,,,,,,,,,,,,php,,,,,,,,,,,,,,,,,,,,,,,,,,,,,,,,,,,,,,,,,,,,,,,,,,,,,,,,,,,,,,,,,,,,php,,,,,,,,,,,,,,,php,,,,,,,,,,,,,,,,,,,,,
6a2f8faa0de103506950dd0b,5192,asp,,,,,,,,,,,,,,,php,,php,,,,,,,,,,,,,,,,,,,,,,,,,,,,,asp,,,,,,,,,,,,,,,,,,,,,,,,,,,,,,,,,,,,,asp,,,,,,,,,,,,,,,asp,,,,,,,,,,,,,,,,,,,,,
6a2f8faa0de103506950dd0c,7372,,,,,,,,,,,,,,,,asp,,,,,,,,,,,,,,,,,,,,,,,,,,,,,,,,,,,,,,,,,,,,,,,,,,,,,,,,,,,,,,,,,,,,,,,,,,,,,,,,,,,asp,,,,,,,,,,,,,,,,,,,,,
6a2f8faa0de103506950dd0d,7289,asp,aspx,,,,,,,,,,,,,,php,,aspx,,,,,,,,,,,,,,,,,,,,,,,,,,,,,asp,aspx,,,,,,,,,,,,,,,,,,,,,,,,,,,,,,,,,,,,asp,aspx,,,,,,,,,,,,,,asp,aspx,,,,,,,,,,,,,,,,,,,,
6a2f8faa0de103506950dd0e,7491,,,,,,,,,,,,,,,,asp,,,,,,,,,,,,,,,,,,,,,,,,,,,,,,,,,,,,,,,,,,,,,,,,,,,,,,,,,,,,,,,,,,,,php,,,,,,,,,,,,,,,asp,,,,,,,,,,,,,,,,,,,,,
6a2f8faa0de103506950dd0f,7466,,,,,,,,,,,,,,,,asp,,,,,,,,,,,,,,,,,,,,,,,,,,,,,,,,,,,,,,,,,,,,,,,,,,,,,,,,,,,,,,,,,,,,,,,,,,,,,,,,,,,asp,,,,,,,,,,,,,,,,,,,,,
6a2f8faa0de103506950dd10,7472,,,,,,,,,,,,,,,,asp,,php,,,,,,,,,,,,,,,,,,,,,,,,,,,,,,,,,,,,,,,,,,,,,,,,,,,,,,,,,,,,,,,,,,,,,,,,,,,,,,,,,asp,,,,,,,,,,,,,,,,,,,,,
6a2f8faa0de103506950dd11,7470,,,,,,,,,,,,,,,,asp,,php,,,,,,,,,,,,,,,,,,,,,,,,,,,,,,,,,,,,,,,,,,,,,,,,,,,,,,,,,,,,,,,,,,,,,,,,,,,,,,,,,asp,,,,,,,,,,,,,,,,,,,,,
6a2f8faa0de103506950dd12,7471,,,,,,,,,,,,,,,,asp,,php,,,,,,,,,,,,,,,,,,,,,,,,,,,,,,,,,,,,,,,,,,,,,,,,,,,,,,,,,,,,,,,,,,,,,,,,,,,,,,,,,asp,,,,,,,,,,,,,,,,,,,,,
6a2f8faa0de103506950dd13,31591,windows,,,,,,,,,,,,,,,linux,,,,,,,,,,,,,,,,,,,,,,,,,,,,,,,windows,,,,,,,,,,,,,,,,,,,,,,,,,,,,,,,,,,,,,windows,,,,,,,,,,,,,,,windows,,,,,,,,,,,,,,,,,,,,,
6a2f8faa0de103506950dd14,7423,java,jsp,,,,,,,,,,,,,,asp,,java,,,,,,,,,,,,,,,,,,,,,,,,,,,,,java,jsp,,,,,,,,,,,,,,,,,,,,,,,,,,,,,,,,,,,,java,jsp,,,,,,,,,,,,,,java,jsp,,,,,,,,,,,,,,,,,,,,
6a2f8faa0de103506950dd15,7254,asp,,,,,,,,,,,,,,,php,,php,,,,,,,,,,,,,,,,,,,,,,,,,,,,,asp,,,,,,,,,,,,,,,,,,,,,,,,,,,,,,,,,,,,,asp,,,,,,,,,,,,,,,asp,,,,,,,,,,,,,,,,,,,,,
6a2f8faa0de103506950dd16,7271,asp,,,,,,,,,,,,,,,php,,php,,,,,,,,,,,,,,,,,,,,,,,,,,,,,asp,,,,,,,,,,,,,,,,,,,,,,,,,,,,,,,,,,,,,asp,,,,,,,,,,,,,,,asp,,,,,,,,,,,,,,,,,,,,,
6a2f8faa0de103506950dd17,7333,asp,,,,,,,,,,,,,,,php,,php,,,,,,,,,,,,,,,,,,,,,,,,,,,,,asp,,,,,,,,,,,,,,,,,,,,,,,,,,,,,,,,,,,,,asp,,,,,,,,,,,,,,,asp,,,,,,,,,,,,,,,,,,,,,
6a2f8faa0de103506950dd18,6500,,,,,,,,,,,,,,,,php,,,,,,,,,,,,,,,,,,,,,,,,,,,,,,,,,,,,,,,,,,,,,,,,,,,,,,,,,,,,,,,,,,,,,,,,,,,,,,,,,,,php,,,,,,,,,,,,,,,,,,,,,
6a2f8faa0de103506950dd19,5701,generator,php,,,,,,,,,,,,,,php,,php,,,,,,,,,,,,,,,,,,,,,,,,,,,,,generator,php,,,,,,,,,,,,,,,,,,,,,,,,,,,,,,,,,,,,generator,php,,,,,,,,,,,,,,generator,php,,,,,,,,,,,,,,,,,,,,
6a2f8faa0de103506950dd1a,5707,generator,php,,,,,,,,,,,,,,php,,php,,,,,,,,,,,,,,,,,,,,,,,,,,,,,generator,php,,,,,,,,,,,,,,,,,,,,,,,,,,,,,,,,,,,,generator,php,,,,,,,,,,,,,,generator,php,,,,,,,,,,,,,,,,,,,,
6a2f8faa0de103506950dd1b,7075,java,jsp,,,,,,,,,,,,,,jsp,,java,,,,,,,,,,,,,,,,,,,,,,,,,,,,,jsp,,,,,,,,,,,,,,,,,,,,,,,,,,,,,,,,,,,,,java,,,,,,,,,,,,,,,java,jsp,,,,,,,,,,,,,,,,,,,,
6a2f8faa0de103506950dd1c,5305,python,,,,,,,,,,,,,,,php,,linux,,,,,,,,,,,,,,,,,,,,,,,,,,,,,python,,,,,,,,,,,,,,,,,,,,,,,,,,,,,,,,,,,,,python,,,,,,,,,,,,,,,python,,,,,,,,,,,,,,,,,,,,,
6a2f8faa0de103506950dd1d,31466,cgi,perl,,,,,,,,,,,,,,cgi,,cgi,,,,,,,,,,,,,,,,,,,,,,,,,,,,,cgi,perl,,,,,,,,,,,,,,,,,,,,,,,,,,,,,,,,,,,,cgi,perl,,,,,,,,,,,,,,cgi,perl,,,,,,,,,,,,,,,,,,,,
6a2f8faa0de103506950dd1e,5733,asp,aspx,,,,,,,,,,,,,,php,,asp,windows,,,,,,,,,,,,,,,,,,,,,,,,,,,,asp,aspx,,,,,,,,,,,,,,,,,,,,,,,,,,,,,,,,,,,,asp,aspx,,,,,,,,,,,,,,asp,aspx,,,,,,,,,,,,,,,,,,,,
6a2f8faa0de103506950dd1f,6845,perl,,,,,,,,,,,,,,,cgi,,cgi,,,,,,,,,,,,,,,,,,,,,,,,,,,,,perl,,,,,,,,,,,,,,,,,,,,,,,,,,,,,,,,,,,,,perl,,,,,,,,,,,,,,,perl,,,,,,,,,,,,,,,,,,,,,
6a2f8faa0de103506950dd20,30999,windows,x86,,,,,,,,,,,,,,windows,,windows,,,,,,,,,,,,,,,,,,,,,,,,,,,,,windows,x86,,,,,,,,,,,,,,,,,,,,,,,,,,,,,,,,,,,,windows,x86,,,,,,,,,,,,,,windows,x86,,,,,,,,,,,,,,,,,,,,
6a2f8faa0de103506950dd21,7802,aspx,,,,,,,,,,,,,,,asp,,asp,,,,,,,,,,,,,,,,,,,,,,,,,,,,,aspx,,,,,,,,,,,,,,,,,,,,,,,,,,,,,,,,,,,,,aspx,,,,,,,,,,,,,,,aspx,,,,,,,,,,,,,,,,,,,,,
6a2f8faa0de103506950dd22,32731,asp,php,,,,,,,,,,,,,,asp,,asp,,,,,,,,,,,,,,,,,,,,,,,,,,,,,asp,php,,,,,,,,,,,,,,,,,,,,,,,,,,,,,,,,,,,,asp,php,,,,,,,,,,,,,,asp,php,,,,,,,,,,,,,,,,,,,,
6a2f8faa0de103506950dd23,7964,perl,php,,,,,,,,,,,,,,php,,php,,,,,,,,,,,,,,,,,,,,,,,,,,,,,perl,php,,,,,,,,,,,,,,,,,,,,,,,,,,,,,,,,,,,,perl,php,,,,,,,,,,,,,,perl,php,,,,,,,,,,,,,,,,,,,,
6a2f8faa0de103506950dd24,8008,cgi,,,,,,,,,,,,,,,hardware,,cgi,linux,,,,,,,,,,,,,,,,,,,,,,,,,,,,,,,,,,,,,,,,,,,,,,,,,,,,,,,,,,,,,,,,,cgi,,,,,,,,,,,,,,,cgi,,,,,,,,,,,,,,,,,,,,,
6a2f8faa0de103506950dd25,8406,bsd,,,,,,,,,,,,,,,bsd,,bsd,,,,,,,,,,,,,,,,,,,,,,,,,,,,,bsd,,,,,,,,,,,,,,,,,,,,,,,,,,,,,,,,,,,,,bsd,midnightbsd,,,,,,,,,,,,,,bsd,,,,,,,,,,,,,,,,,,,,,
6a2f8faa0de103506950dd26,8430,bsd,,,,,,,,,,,,,,,bsd,,bsd,,,,,,,,,,,,,,,,,,,,,,,,,,,,,bsd,,,,,,,,,,,,,,,,,,,,,,,,,,,,,,,,,,,,,bsd,midnightbsd,,,,,,,,,,,,,,bsd,,,,,,,,,,,,,,,,,,,,,
6a2f8faa0de103506950dd27,33058,bsd,,,,,,,,,,,,,,,multiple,,bsd,perl,php,,,,,,,,,,,,,,,,,,,,,,,,,,,bsd,,,,,,,,,,,,,,,,,,,,,,,,,,,,,,,,,,,,,bsd,,,,,,,,,,,,,,,bsd,,,,,,,,,,,,,,,,,,,,,
6a2f8faa0de103506950dd28,33363,bsd,,,,,,,,,,,,,,,multiple,,bsd,,,,,,,,,,,,,,,,,,,,,,,,,,,,,bsd,,,,,,,,,,,,,,,,,,,,,,,,,,,,,,,,,,,,,bsd,,,,,,,,,,,,,,,bsd,,,,,,,,,,,,,,,,,,,,,
6a2f8faa0de103506950dd29,33364,bsd,,,,,,,,,,,,,,,linux,,linux,,,,,,,,,,,,,,,,,,,,,,,,,,,,,bsd,,,,,,,,,,,,,,,,,,,,,,,,,,,,,,,,,,,,,bsd,,,,,,,,,,,,,,,bsd,,,,,,,,,,,,,,,,,,,,,
6a2f8faa0de103506950dd2a,33479,bsd,,,,,,,,,,,,,,,macos,,macos,,,,,,,,,,,,,,,,,,,,,,,,,,,,,bsd,,,,,,,,,,,,,,,,,,,,,,,,,,,,,,,,,,,,,bsd,,,,,,,,,,,,,,,bsd,,,,,,,,,,,,,,,,,,,,,
6a2f8faa0de103506950dd2b,33480,bsd,,,,,,,,,,,,,,,linux,,php,,,,,,,,,,,,,,,,,,,,,,,,,,,,,bsd,,,,,,,,,,,,,,,,,,,,,,,,,,,,,,,,,,,,,bsd,,,,,,,,,,,,,,,bsd,,,,,,,,,,,,,,,,,,,,,
6a2f8faa0de103506950dd2c,19137,windows,,,,,,,,,,,,,,,hardware,,linux,x86,,,,,,,,,,,,,,,,,,,,,,,,,,,,windows,,,,,,,,,,,,,,,,,,,,,,,,,,,,,,,,,,,,,windows,,,,,,,,,,,,,,,windows,,,,,,,,,,,,,,,,,,,,,
6a2f8faa0de103506950dd2d,32709,java,jsp,,,,,,,,,,,,,,jsp,,java,,,,,,,,,,,,,,,,,,,,,,,,,,,,,jsp,,,,,,,,,,,,,,,,,,,,,,,,,,,,,,,,,,,,,java,jsp,,,,,,,,,,,,,,java,jsp,,,,,,,,,,,,,,,,,,,,
6a2f8faa0de103506950dd2e,32710,java,jsp,,,,,,,,,,,,,,jsp,,java,,,,,,,,,,,,,,,,,,,,,,,,,,,,,jsp,,,,,,,,,,,,,,,,,,,,,,,,,,,,,,,,,,,,,java,jsp,,,,,,,,,,,,,,java,jsp,,,,,,,,,,,,,,,,,,,,
6a2f8faa0de103506950dd2f,32817,ios,macos,,,,,,,,,,,,,,macos,,macos,,,,,,,,,,,,,,,,,,,,,,,,,,,,,ios,macos,,,,,,,,,,,,,,,,,,,,,,,,,,,,,,,,,,,,ios,macos,,,,,,,,,,,,,,ios,macos,,,,,,,,,,,,,,,,,,,,
6a2f8faa0de103506950dd30,32832,linux,windows,,,,,,,,,,,,,,windows,,python,,,,,,,,,,,,,,,,,,,,,,,,,,,,,linux,windows,,,,,,,,,,,,,,,,,,,,,,,,,,,,,,,,,,,,linux,windows,,,,,,,,,,,,,,linux,windows,,,,,,,,,,,,,,,,,,,,
6a2f8faa0de103506950dd31,33020,aix,bsd,hp-ux,linux,macos,solaris,unixware,,,,,,,,,linux,,linux,python,,,,,,,,,,,,,,,,,,,,,,,,,,,,aix,alpha,android,arm,atheos,beos,bsd,crisv32,hp-ux,immunix,ios,irix,linux,macos,minix,mips,netware,novell,palm os,palm-os,plan9,ppc,qnx,sco,solaris,sparc,superh sh4,superh-sh4,system z,system-z,tru64,ultrix,unixware,vxworks,watchos,x86,x86-64,aix,bsd,hp-ux,linux,macos,solaris,unixware,,,,,,,,,aix,bsd,hp-ux,linux,macos,solaris,unixware,,,,,,,,,,,,,,,
6a2f8faa0de103506950dd32,8934,macos,windows,,,,,,,,,,,,,,windows,,windows,,,,,,,,,,,,,,,,,,,,,,,,,,,,,macos,windows,,,,,,,,,,,,,,,,,,,,,,,,,,,,,,,,,,,,macos,windows,,,,,,,,,,,,,,macos,windows,,,,,,,,,,,,,,,,,,,,
6a2f8faa0de103506950dd33,11138,macos,windows,,,,,,,,,,,,,,windows,,windows,x86,,,,,,,,,,,,,,,,,,,,,,,,,,,,macos,windows,,,,,,,,,,,,,,,,,,,,,,,,,,,,,,,,,,,,macos,windows,,,,,,,,,,,,,,macos,windows,,,,,,,,,,,,,,,,,,,,
6a2f8faa0de103506950dd34,16296,macos,windows,,,,,,,,,,,,,,macos,,macos,x86,,,,,,,,,,,,,,,,,,,,,,,,,,,,macos,windows,,,,,,,,,,,,,,,,,,,,,,,,,,,,,,,,,,,,macos,windows,,,,,,,,,,,,,,macos,windows,,,,,,,,,,,,,,,,,,,,
6a2f8faa0de103506950dd35,8862,macos,windows,,,,,,,,,,,,,,windows,,python,,,,,,,,,,,,,,,,,,,,,,,,,,,,,macos,windows,,,,,,,,,,,,,,,,,,,,,,,,,,,,,,,,,,,,macos,windows,,,,,,,,,,,,,,macos,windows,,,,,,,,,,,,,,,,,,,,
6a2f8faa0de103506950dd36,8325,windows,xml,,,,,,,,,,,,,,windows,,windows,,,,,,,,,,,,,,,,,,,,,,,,,,,,,windows,xml,,,,,,,,,,,,,,,,,,,,,,,,,,,,,,,,,,,,windows,xml,,,,,,,,,,,,,,windows,xml,,,,,,,,,,,,,,,,,,,,
6a2f8faa0de103506950dd37,8320,xml,,,,,,,,,,,,,,,multiple,,aix,android,arm,beos,bsd,hp-ux,ios,linux,macos,minix,mips,ppc,python,qnx,sco,solaris,sparc,superh sh4,superh-sh4,system z,system-z,tru64,ultrix,unixware,vxworks,windows,x86,x86-64,,xml,,,,,,,,,,,,,,,,,,,,,,,,,,,,,,,,,,,,,xml,,,,,,,,,,,,,,,xml,,,,,,,,,,,,,,,,,,,,,
6a2f8faa0de103506950dd38,16376,novell,windows,,,,,,,,,,,,,,windows,,windows,,,,,,,,,,,,,,,,,,,,,,,,,,,,,novell,windows,,,,,,,,,,,,,,,,,,,,,,,,,,,,,,,,,,,,novell,windows,,,,,,,,,,,,,,novell,,,,,,,,,,,,,,,,,,,,,
6a2f8faa0de103506950dd39,8489,,,,,,,,,,,,,,,,windows,,perl,,,,,,,,,,,,,,,,,,,,,,,,,,,,,,,,,,,,,,,,,,,,,,,,,,,,,,,,,,,,,,,,,,,,,,,,,,,,,,,,,windows,,,,,,,,,,,,,,,,,,,,,
6a2f8faa0de103506950dd3a,32969,php,,,,,,,,,,,,,,,php,,,,,,,,,,,,,,,,,,,,,,,,,,,,,,,,,,,,,,,,,,,,,,,,,,,,,,,,,,,,,,,,,,,,php,,,,,,,,,,,,,,,php,,,,,,,,,,,,,,,,,,,,,
6a2f8faa0de103506950dd3b,32968,php,xml,,,,,,,,,,,,,,php,,php,,,,,,,,,,,,,,,,,,,,,,,,,,,,,xml,,,,,,,,,,,,,,,,,,,,,,,,,,,,,,,,,,,,,php,xml,,,,,,,,,,,,,,xml,,,,,,,,,,,,,,,,,,,,,
6a2f8faa0de103506950dd3c,8569,javascript,,,,,,,,,,,,,,,linux,,linux,,,,,,,,,,,,,,,,,,,,,,,,,,,,,javascript,macos,windows,,,,,,,,,,,,,,,,,,,,,,,,,,,,,,,,,,,javascript,,,,,,,,,,,,,,,,,,,,,,,,,,,,,,,,,,,,
6a2f8faa0de103506950dd3d,8570,javascript,linux,,,,,,,,,,,,,,linux,,linux,,,,,,,,,,,,,,,,,,,,,,,,,,,,,javascript,linux,,,,,,,,,,,,,,,,,,,,,,,,,,,,,,,,,,,,javascript,linux,,,,,,,,,,,,,,javascript,linux,,,,,,,,,,,,,,,,,,,,
6a2f8faa0de103506950dd3e,36318,java,,,,,,,,,,,,,,,windows,,windows,,,,,,,,,,,,,,,,,,,,,,,,,,,,,java,,,,,,,,,,,,,,,,,,,,,,,,,,,,,,,,,,,,,java,,,,,,,,,,,,,,,java,,,,,,,,,,,,,,,,,,,,,
6a2f8faa0de103506950dd3f,16523,novell,,,,,,,,,,,,,,,windows,,windows,,,,,,,,,,,,,,,,,,,,,,,,,,,,,novell,,,,,,,,,,,,,,,,,,,,,,,,,,,,,,,,,,,,,novell,,,,,,,,,,,,,,,novell,,,,,,,,,,,,,,,,,,,,,
6a2f8faa0de103506950dd40,16543,novell,,,,,,,,,,,,,,,windows,,windows,x86,,,,,,,,,,,,,,,,,,,,,,,,,,,,novell,,,,,,,,,,,,,,,,,,,,,,,,,,,,,,,,,,,,,novell,,,,,,,,,,,,,,,novell,,,,,,,,,,,,,,,,,,,,,
6a2f8faa0de103506950dd41,33033,ios,,,,,,,,,,,,,,,multiple,,javascript,,,,,,,,,,,,,,,,,,,,,,,,,,,,,ios,,,,,,,,,,,,,,,,,,,,,,,,,,,,,,,,,,,,,ios,macos,,,,,,,,,,,,,,ios,,,,,,,,,,,,,,,,,,,,,
6a2f8faa0de103506950dd42,9160,ios,,,,,,,,,,,,,,,multiple,,ios,linux,windows,,,,,,,,,,,,,,,,,,,,,,,,,,,ios,,,,,,,,,,,,,,,,,,,,,,,,,,,,,,,,,,,,,ios,,,,,,,,,,,,,,,ios,,,,,,,,,,,,,,,,,,,,,
6a2f8faa0de103506950dd43,33034,ios,macos,xml,,,,,,,,,,,,,linux,,macos,,,,,,,,,,,,,,,,,,,,,,,,,,,,,ios,xml,,,,,,,,,,,,,,,,,,,,,,,,,,,,,,,,,,,,ios,macos,,,,,,,,,,,,,,ios,xml,,,,,,,,,,,,,,,,,,,,
6a2f8faa0de103506950dd44,33047,ios,,,,,,,,,,,,,,,multiple,,,,,,,,,,,,,,,,,,,,,,,,,,,,,,,ios,,,,,,,,,,,,,,,,,,,,,,,,,,,,,,,,,,,,,ios,macos,,,,,,,,,,,,,,ios,,,,,,,,,,,,,,,,,,,,,
6a2f8faa0de103506950dd45,33001,aix,,,,,,,,,,,,,,,php,,php,,,,,,,,,,,,,,,,,,,,,,,,,,,,,aix,,,,,,,,,,,,,,,,,,,,,,,,,,,,,,,,,,,,,aix,,,,,,,,,,,,,,,aix,,,,,,,,,,,,,,,,,,,,,
6a2f8faa0de103506950dd46,8842,xml,,,,,,,,,,,,,,,multiple,,linux,perl,,,,,,,,,,,,,,,,,,,,,,,,,,,,xml,,,,,,,,,,,,,,,,,,,,,,,,,,,,,,,,,,,,,xml,,,,,,,,,,,,,,,xml,,,,,,,,,,,,,,,,,,,,,
6a2f8faa0de103506950dd47,8922,javascript,,,,,,,,,,,,,,,windows,,windows,xml,,,,,,,,,,,,,,,,,,,,,,,,,,,,javascript,,,,,,,,,,,,,,,,,,,,,,,,,,,,,,,,,,,,,javascript,,,,,,,,,,,,,,,javascript,,,,,,,,,,,,,,,,,,,,,
6a2f8faa0de103506950dd48,16515,javascript,,,,,,,,,,,,,,,windows,,windows,,,,,,,,,,,,,,,,,,,,,,,,,,,,,javascript,,,,,,,,,,,,,,,,,,,,,,,,,,,,,,,,,,,,,javascript,,,,,,,,,,,,,,,javascript,,,,,,,,,,,,,,,,,,,,,
6a2f8faa0de103506950dd49,33164,ios,macos,,,,,,,,,,,,,,multiple,,,,,,,,,,,,,,,,,,,,,,,,,,,,,,,ios,macos,,,,,,,,,,,,,,,,,,,,,,,,,,,,,,,,,,,,ios,macos,,,,,,,,,,,,,,ios,macos,,,,,,,,,,,,,,,,,,,,
6a2f8faa0de103506950dd4a,9002,windows,,,,,,,,,,,,,,,windows,,windows,x86,,,,,,,,,,,,,,,,,,,,,,,,,,,,,,,,,,,,,,,,,,,,,,,,,,,,,,,,,,,,,,,,,,,,,,,,,,,,,,,,windows,,,,,,,,,,,,,,,,,,,,,
6a2f8faa0de103506950dd4b,16445,windows,,,,,,,,,,,,,,,windows,,windows,x86,,,,,,,,,,,,,,,,,,,,,,,,,,,,,,,,,,,,,,,,,,,,,,,,,,,,,,,,,,,,,,,,,,,,,,,,,,,,,,,,windows,,,,,,,,,,,,,,,,,,,,,
6a2f8faa0de103506950dd4c,16307,windows,,,,,,,,,,,,,,,multiple,,linux,windows,,,,,,,,,,,,,,,,,,,,,,,,,,,,windows,,,,,,,,,,,,,,,,,,,,,,,,,,,,,,,,,,,,,windows,,,,,,,,,,,,,,,windows,,,,,,,,,,,,,,,,,,,,,
6a2f8faa0de103506950dd4d,16788,php,,,,,,,,,,,,,,,cfm,,java,windows,,,,,,,,,,,,,,,,,,,,,,,,,,,,php,,,,,,,,,,,,,,,,,,,,,,,,,,,,,,,,,,,,,php,,,,,,,,,,,,,,,asp,cfm,php,,,,,,,,,,,,,,,,,,,
6a2f8faa0de103506950dd4e,50057,php,,,,,,,,,,,,,,,cfm,,java,windows,,,,,,,,,,,,,,,,,,,,,,,,,,,,php,,,,,,,,,,,,,,,,,,,,,,,,,,,,,,,,,,,,,php,,,,,,,,,,,,,,,asp,cfm,php,,,,,,,,,,,,,,,,,,,
6a2f8faa0de103506950dd4f,9137,javascript,,,,,,,,,,,,,,,windows,,javascript,,,,,,,,,,,,,,,,,,,,,,,,,,,,,,,,,,,,,,,,,,,,,,,,,,,,,,,,,,,,,,,,,,,,,,,,,,,,,,,,,javascript,,,,,,,,,,,,,,,,,,,,,
6a2f8faa0de103506950dd50,9214,,,,,,,,,,,,,,,,windows,,perl,,,,,,,,,,,,,,,,,,,,,,,,,,,,,,,,,,,,,,,,,,,,,,,,,,,,,,,,,,,,,,,,,,,,,,,,,,,,,,,,,javascript,,,,,,,,,,,,,,,,,,,,,
6a2f8faa0de103506950dd51,33178,java,,,,,,,,,,,,,,,php,,,,,,,,,,,,,,,,,,,,,,,,,,,,,,,java,,,,,,,,,,,,,,,,,,,,,,,,,,,,,,,,,,,,,java,,,,,,,,,,,,,,,java,,,,,,,,,,,,,,,,,,,,,
6a2f8faa0de103506950dd52,9209,cgi,linux,,,,,,,,,,,,,,hardware,,cgi,linux,,,,,,,,,,,,,,,,,,,,,,,,,,,,cgi,,,,,,,,,,,,,,,,,,,,,,,,,,,,,,,,,,,,,linux,,,,,,,,,,,,,,,cgi,linux,,,,,,,,,,,,,,,,,,,,
6a2f8faa0de103506950dd53,33229,bsd,x86,,,,,,,,,,,,,,bsd,,bsd,,,,,,,,,,,,,,,,,,,,,,,,,,,,,bsd,x86,,,,,,,,,,,,,,,,,,,,,,,,,,,,,,,,,,,,bsd,x86,,,,,,,,,,,,,,bsd,x86,,,,,,,,,,,,,,,,,,,,
6a2f8faa0de103506950dd54,10013,java,,,,,,,,,,,,,,,jsp,,java,,,,,,,,,,,,,,,,,,,,,,,,,,,,,java,,,,,,,,,,,,,,,,,,,,,,,,,,,,,,,,,,,,,,,,,,,,,,,,,,,,java,jsp,,,,,,,,,,,,,,,,,,,,
6a2f8faa0de103506950dd55,9140,cgi,perl,,,,,,,,,,,,,,cgi,,cgi,linux,,,,,,,,,,,,,,,,,,,,,,,,,,,,cgi,perl,,,,,,,,,,,,,,,,,,,,,,,,,,,,,,,,,,,,cgi,perl,,,,,,,,,,,,,,cgi,perl,,,,,,,,,,,,,,,,,,,,
6a2f8faa0de103506950dd56,35581,c,linux,,,,,,,,,,,,,,linux,,linux,,,,,,,,,,,,,,,,,,,,,,,,,,,,,c,,,,,,,,,,,,,,,,,,,,,,,,,,,,,,,,,,,,,c,linux,,,,,,,,,,,,,,c,,,,,,,,,,,,,,,,,,,,,
6a2f8faa0de103506950dd57,34904,java,jsp,,,,,,,,,,,,,,php,,java,,,,,,,,,,,,,,,,,,,,,,,,,,,,,java,jsp,,,,,,,,,,,,,,,,,,,,,,,,,,,,,,,,,,,,jsp,,,,,,,,,,,,,,,jsp,,,,,,,,,,,,,,,,,,,,,
6a2f8faa0de103506950dd58,8836,php,unix,,,,,,,,,,,,,,php,,php,unixware,,,,,,,,,,,,,,,,,,,,,,,,,,,,php,unix,,,,,,,,,,,,,,,,,,,,,,,,,,,,,,,,,,,,php,unix,,,,,,,,,,,,,,php,unix,,,,,,,,,,,,,,,,,,,,
6a2f8faa0de103506950dd59,16789,java,jsp,,,,,,,,,,,,,,multiple,,java,windows,,,,,,,,,,,,,,,,,,,,,,,,,,,,java,jsp,,,,,,,,,,,,,,,,,,,,,,,,,,,,,,,,,,,,java,jsp,,,,,,,,,,,,,,java,jsp,,,,,,,,,,,,,,,,,,,,
6a2f8faa0de103506950dd5a,33209,java,jsp,,,,,,,,,,,,,,jsp,,jsp,,,,,,,,,,,,,,,,,,,,,,,,,,,,,java,jsp,,,,,,,,,,,,,,,,,,,,,,,,,,,,,,,,,,,,java,jsp,,,,,,,,,,,,,,java,jsp,,,,,,,,,,,,,,,,,,,,
6a2f8faa0de103506950dd5b,9450,linux,php,windows,,,,,,,,,,,,,php,,php,windows,,,,,,,,,,,,,,,,,,,,,,,,,,,,linux,php,windows,,,,,,,,,,,,,,,,,,,,,,,,,,,,,,,,,,,apache,linux,php,windows,,,,,,,,,,,,linux,php,windows,,,,,,,,,,,,,,,,,,,
6a2f8faa0de103506950dd5c,12509,windows,,,,,,,,,,,,,,,macos,,macos,,,,,,,,,,,,,,,,,,,,,,,,,,,,,windows,,,,,,,,,,,,,,,,,,,,,,,,,,,,,,,,,,,,,windows,,,,,,,,,,,,,,,windows,,,,,,,,,,,,,,,,,,,,,
6a2f8faa0de103506950dd5d,9606,javascript,macos,,,,,,,,,,,,,,windows,windows-x86,windows,x86,,,,,,,,,,,,,,,,,,,,,,,,,,,,javascript,macos,,,,,,,,,,,,,,,,,,,,,,,,,,,,,,,,,,,,javascript,macos,,,,,,,,,,,,,,javascript,macos,,,,,,,,,,,,,,,,,,,,
6a2f8faa0de103506950dd5e,9726,php,,,,,,,,,,,,,,,multiple,,linux,php,,,,,,,,,,,,,,,,,,,,,,,,,,,,php,,,,,,,,,,,,,,,,,,,,,,,,,,,,,,,,,,,,,php,,,,,,,,,,,,,,,php,,,,,,,,,,,,,,,,,,,,,
6a2f8faa0de103506950dd5f,9841,aspx,,,,,,,,,,,,,,,asp,,asp,,,,,,,,,,,,,,,,,,,,,,,,,,,,,aspx,,,,,,,,,,,,,,,,,,,,,,,,,,,,,,,,,,,,,aspx,,,,,,,,,,,,,,,aspx,,,,,,,,,,,,,,,,,,,,,
6a2f8faa0de103506950dd60,16317,java,windows,xml,,,,,,,,,,,,,multiple,,java,linux,windows,,,,,,,,,,,,,,,,,,,,,,,,,,,java,windows,xml,,,,,,,,,,,,,,,,,,,,,,,,,,,,,,,,,,,java,jsp,windows,,,,,,,,,,,,,java,windows,xml,,,,,,,,,,,,,,,,,,,
6a2f8faa0de103506950dd61,31433,java,windows,xml,,,,,,,,,,,,,multiple,,java,linux,windows,,,,,,,,,,,,,,,,,,,,,,,,,,,java,windows,xml,,,,,,,,,,,,,,,,,,,,,,,,,,,,,,,,,,,java,jsp,windows,,,,,,,,,,,,,java,windows,xml,,,,,,,,,,,,,,,,,,,
6a2f8faa0de103506950dd62,9183,asp,,,,,,,,,,,,,,,php,,php,,,,,,,,,,,,,,,,,,,,,,,,,,,,,asp,,,,,,,,,,,,,,,,,,,,,,,,,,,,,,,,,,,,,asp,,,,,,,,,,,,,,,asp,,,,,,,,,,,,,,,,,,,,,
6a2f8faa0de103506950dd63,33310,linux,windows,,,,,,,,,,,,,,multiple,,bsd,windows,,,,,,,,,,,,,,,,,,,,,,,,,,,,linux,,,,,,,,,,,,,,,,,,,,,,,,,,,,,,,,,,,,,linux,windows,,,,,,,,,,,,,,linux,,,,,,,,,,,,,,,,,,,,,
6a2f8faa0de103506950dd64,9980,windows,,,,,,,,,,,,,,,hardware,,asp,,,,,,,,,,,,,,,,,,,,,,,,,,,,,windows,,,,,,,,,,,,,,,,,,,,,,,,,,,,,,,,,,,,,windows,,,,,,,,,,,,,,,windows,,,,,,,,,,,,,,,,,,,,,
6a2f8faa0de103506950dd65,9133,ruby,,,,,,,,,,,,,,,windows,,windows,,,,,,,,,,,,,,,,,,,,,,,,,,,,,ruby,,,,,,,,,,,,,,,,,,,,,,,,,,,,,,,,,,,,,ruby,,,,,,,,,,,,,,,ruby,,,,,,,,,,,,,,,,,,,,,
6a2f8faa0de103506950dd66,9683,novell,windows,,,,,,,,,,,,,,windows,,windows,,,,,,,,,,,,,,,,,,,,,,,,,,,,,novell,windows,,,,,,,,,,,,,,,,,,,,,,,,,,,,,,,,,,,,novell,windows,,,,,,,,,,,,,,novell,windows,,,,,,,,,,,,,,,,,,,,
6a2f8faa0de103506950dd67,16294,java,,,,,,,,,,,,,,,multiple,,java,macos,ppc,windows,x86,,,,,,,,,,,,,,,,,,,,,,,,,java,,,,,,,,,,,,,,,,,,,,,,,,,,,,,,,,,,,,,java,,,,,,,,,,,,,,,java,,,,,,,,,,,,,,,,,,,,,
6a2f8faa0de103506950dd68,33316,java,,,,,,,,,,,,,,,multiple,,java,macos,,,,,,,,,,,,,,,,,,,,,,,,,,,,java,,,,,,,,,,,,,,,,,,,,,,,,,,,,,,,,,,,,,java,,,,,,,,,,,,,,,java,,,,,,,,,,,,,,,,,,,,,
6a2f8faa0de103506950dd69,16298,java,,,,,,,,,,,,,,,multiple,,java,macos,ppc,windows,x86,,,,,,,,,,,,,,,,,,,,,,,,,java,,,,,,,,,,,,,,,,,,,,,,,,,,,,,,,,,,,,,java,,,,,,,,,,,,,,,java,,,,,,,,,,,,,,,,,,,,,
6a2f8faa0de103506950dd6a,10715,java,,,,,,,,,,,,,,,windows,,windows,x86,,,,,,,,,,,,,,,,,,,,,,,,,,,,java,,,,,,,,,,,,,,,,,,,,,,,,,,,,,,,,,,,,,java,solaris,,,,,,,,,,,,,,java,,,,,,,,,,,,,,,,,,,,,
6a2f8faa0de103506950dd6b,16622,macos,windows,,,,,,,,,,,,,,windows,,windows,,,,,,,,,,,,,,,,,,,,,,,,,,,,,macos,windows,,,,,,,,,,,,,,,,,,,,,,,,,,,,,,,,,,,,macos,windows,,,,,,,,,,,,,,macos,windows,,,,,,,,,,,,,,,,,,,,
6a2f8faa0de103506950dd6c,11172,macos,windows,,,,,,,,,,,,,,windows,,aspx,windows,,,,,,,,,,,,,,,,,,,,,,,,,,,,macos,windows,,,,,,,,,,,,,,,,,,,,,,,,,,,,,,,,,,,,macos,windows,,,,,,,,,,,,,,macos,windows,,,,,,,,,,,,,,,,,,,,
6a2f8faa0de103506950dd6d,11529,xml,,,,,,,,,,,,,,,multiple,,java,linux,windows,,,,,,,,,,,,,,,,,,,,,,,,,,,xml,,,,,,,,,,,,,,,,,,,,,,,,,,,,,,,,,,,,,cfm,xml,,,,,,,,,,,,,,xml,,,,,,,,,,,,,,,,,,,,,
6a2f8faa0de103506950dd6e,9483,php,,,,,,,,,,,,,,,windows,,windows,,,,,,,,,,,,,,,,,,,,,,,,,,,,,php,,,,,,,,,,,,,,,,,,,,,,,,,,,,,,,,,,,,,php,,,,,,,,,,,,,,,php,,,,,,,,,,,,,,,,,,,,,
6a2f8faa0de103506950dd6f,10178,ezine,php,,,,,,,,,,,,,,php,,php,,,,,,,,,,,,,,,,,,,,,,,,,,,,,ezine,php,,,,,,,,,,,,,,,,,,,,,,,,,,,,,,,,,,,,ezine,php,,,,,,,,,,,,,,ezine,php,,,,,,,,,,,,,,,,,,,,
6a2f8faa0de103506950dd70,10104,windows,,,,,,,,,,,,,,,windows,,,,,,,,,,,,,,,,,,,,,,,,,,,,,,,,,,,,,,,,,,,,,,,,,,,,,,,,,,,,,,,,,,,,windows,,,,,,,,,,,,,,,windows,,,,,,,,,,,,,,,,,,,,,
6a2f8faa0de103506950dd71,10221,windows,,,,,,,,,,,,,,,windows,,linux,python,,,,,,,,,,,,,,,,,,,,,,,,,,,,,,,,,,,,,,,,,,,,,,,,,,,,,,,,,,,,,,,,,windows,,,,,,,,,,,,,,,windows,,,,,,,,,,,,,,,,,,,,,
6a2f8faa0de103506950dd72,33211,java,,,,,,,,,,,,,,,multiple,,windows,,,,,,,,,,,,,,,,,,,,,,,,,,,,,java,,,,,,,,,,,,,,,,,,,,,,,,,,,,,,,,,,,,,java,,,,,,,,,,,,,,,java,,,,,,,,,,,,,,,,,,,,,
6a2f8faa0de103506950dd73,10618,macos,windows,,,,,,,,,,,,,,windows,,windows,,,,,,,,,,,,,,,,,,,,,,,,,,,,,macos,windows,,,,,,,,,,,,,,,,,,,,,,,,,,,,,,,,,,,,macos,windows,,,,,,,,,,,,,,macos,windows,,,,,,,,,,,,,,,,,,,,
6a2f8faa0de103506950dd74,16503,macos,windows,,,,,,,,,,,,,,windows,,windows,,,,,,,,,,,,,,,,,,,,,,,,,,,,,macos,windows,,,,,,,,,,,,,,,,,,,,,,,,,,,,,,,,,,,,macos,windows,,,,,,,,,,,,,,macos,windows,,,,,,,,,,,,,,,,,,,,
6a2f8faa0de103506950dd75,16623,macos,windows,,,,,,,,,,,,,,windows,,windows,,,,,,,,,,,,,,,,,,,,,,,,,,,,,macos,windows,,,,,,,,,,,,,,,,,,,,,,,,,,,,,,,,,,,,macos,windows,,,,,,,,,,,,,,macos,windows,,,,,,,,,,,,,,,,,,,,
6a2f8faa0de103506950dd76,10534,php,xml,,,,,,,,,,,,,,php,,php,,,,,,,,,,,,,,,,,,,,,,,,,,,,,php,xml,,,,,,,,,,,,,,,,,,,,,,,,,,,,,,,,,,,,php,xml,,,,,,,,,,,,,,php,xml,,,,,,,,,,,,,,,,,,,,
6a2f8faa0de103506950dd77,33291,asp,,,,,,,,,,,,,,,php,,php,,,,,,,,,,,,,,,,,,,,,,,,,,,,,asp,,,,,,,,,,,,,,,,,,,,,,,,,,,,,,,,,,,,,asp,,,,,,,,,,,,,,,asp,,,,,,,,,,,,,,,,,,,,,
6a2f8faa0de103506950dd78,33623,linux,perl,,,,,,,,,,,,,,linux,,linux,perl,,,,,,,,,,,,,,,,,,,,,,,,,,,,linux,perl,,,,,,,,,,,,,,,,,,,,,,,,,,,,,,,,,,,,linux,,,,,,,,,,,,,,,linux,,,,,,,,,,,,,,,,,,,,,
6a2f8faa0de103506950dd79,33351,novell,windows,,,,,,,,,,,,,,novell,,novell,,,,,,,,,,,,,,,,,,,,,,,,,,,,,novell,windows,,,,,,,,,,,,,,,,,,,,,,,,,,,,,,,,,,,,novell,windows,,,,,,,,,,,,,,novell,windows,,,,,,,,,,,,,,,,,,,,
6a2f8faa0de103506950dd7a,8785,aspx,,,,,,,,,,,,,,,asp,,asp,,,,,,,,,,,,,,,,,,,,,,,,,,,,,aspx,,,,,,,,,,,,,,,,,,,,,,,,,,,,,,,,,,,,,aspx,,,,,,,,,,,,,,,aspx,,,,,,,,,,,,,,,,,,,,,
6a2f8faa0de103506950dd7b,9341,,,,,,,,,,,,,,,,php,,,,,,,,,,,,,,,,,,,,,,,,,,,,,,,,,,,,,,,,,,,,,,,,,,,,,,,,,,,,,,,,,,,,,,,,,,,,,,,,,,,php,,,,,,,,,,,,,,,,,,,,,
6a2f8faa0de103506950dd7c,9956,palm os,palm-os,,,,,,,,,,,,,,hardware,,arm,,,,,,,,,,,,,,,,,,,,,,,,,,,,,palm os,palm-os,,,,,,,,,,,,,,,,,,,,,,,,,,,,,,,,,,,,palm os,palm-os,,,,,,,,,,,,,,palm os,palm-os,,,,,,,,,,,,,,,,,,,,
6a2f8faa0de103506950dd7d,36994,cgi,perl,,,,,,,,,,,,,,cgi,,cgi,,,,,,,,,,,,,,,,,,,,,,,,,,,,,cgi,perl,,,,,,,,,,,,,,,,,,,,,,,,,,,,,,,,,,,,cgi,perl,,,,,,,,,,,,,,cgi,perl,,,,,,,,,,,,,,,,,,,,
6a2f8faa0de103506950dd7e,8191,java,xml,,,,,,,,,,,,,,multiple,,xml,,,,,,,,,,,,,,,,,,,,,,,,,,,,,java,xml,,,,,,,,,,,,,,,,,,,,,,,,,,,,,,,,,,,,java,xml,,,,,,,,,,,,,,java,xml,,,,,,,,,,,,,,,,,,,,
6a2f8faa0de103506950dd7f,22406,ios,macos,,,,,,,,,,,,,,linux,,linux,x86,x86-64,,,,,,,,,,,,,,,,,,,,,,,,,,,ios,macos,,,,,,,,,,,,,,,,,,,,,,,,,,,,,,,,,,,,ios,macos,,,,,,,,,,,,,,ios,macos,,,,,,,,,,,,,,,,,,,,
6a2f8faa0de103506950dd80,33752,ios,macos,,,,,,,,,,,,,,linux,,macos,,,,,,,,,,,,,,,,,,,,,,,,,,,,,ios,macos,,,,,,,,,,,,,,,,,,,,,,,,,,,,,,,,,,,,ios,macos,,,,,,,,,,,,,,ios,macos,,,,,,,,,,,,,,,,,,,,
6a2f8faa0de103506950dd81,12425,ios,macos,,,,,,,,,,,,,,windows,,windows,,,,,,,,,,,,,,,,,,,,,,,,,,,,,ios,macos,,,,,,,,,,,,,,,,,,,,,,,,,,,,,,,,,,,,ios,macos,,,,,,,,,,,,,,,,,,,,,,,,,,,,,,,,,,,
6a2f8faa0de103506950dd82,16312,java,,,,,,,,,,,,,,,multiple,,java,linux,windows,,,,,,,,,,,,,,,,,,,,,,,,,,,java,,,,,,,,,,,,,,,,,,,,,,,,,,,,,,,,,,,,,java,,,,,,,,,,,,,,,java,,,,,,,,,,,,,,,,,,,,,
6a2f8faa0de103506950dd83,16315,java,,,,,,,,,,,,,,,multiple,,java,linux,windows,,,,,,,,,,,,,,,,,,,,,,,,,,,java,,,,,,,,,,,,,,,,,,,,,,,,,,,,,,,,,,,,,java,,,,,,,,,,,,,,,java,,,,,,,,,,,,,,,,,,,,,
6a2f8faa0de103506950dd84,33483,java,,,,,,,,,,,,,,,multiple,,linux,python,,,,,,,,,,,,,,,,,,,,,,,,,,,,java,,,,,,,,,,,,,,,,,,,,,,,,,,,,,,,,,,,,,java,,,,,,,,,,,,,,,java,,,,,,,,,,,,,,,,,,,,,
6a2f8faa0de103506950dd85,33563,ios,macos,,,,,,,,,,,,,,windows,,macos,,,,,,,,,,,,,,,,,,,,,,,,,,,,,ios,macos,,,,,,,,,,,,,,,,,,,,,,,,,,,,,,,,,,,,ios,macos,,,,,,,,,,,,,,ios,macos,,,,,,,,,,,,,,,,,,,,
6a2f8faa0de103506950dd86,11009,netware,,,,,,,,,,,,,,,multiple,,novell netware,,,,,,,,,,,,,,,,,,,,,,,,,,,,,netware,,,,,,,,,,,,,,,,,,,,,,,,,,,,,,,,,,,,,netware,,,,,,,,,,,,,,,netware,,,,,,,,,,,,,,,,,,,,,
6a2f8faa0de103506950dd87,16314,java,,,,,,,,,,,,,,,multiple,,java,linux,windows,,,,,,,,,,,,,,,,,,,,,,,,,,,java,,,,,,,,,,,,,,,,,,,,,,,,,,,,,,,,,,,,,java,,,,,,,,,,,,,,,java,,,,,,,,,,,,,,,,,,,,,
6a2f8faa0de103506950dd88,33560,java,xml,,,,,,,,,,,,,,multiple,,java,,,,,,,,,,,,,,,,,,,,,,,,,,,,,java,xml,,,,,,,,,,,,,,,,,,,,,,,,,,,,,,,,,,,,java,xml,,,,,,,,,,,,,,java,xml,,,,,,,,,,,,,,,,,,,,
6a2f8faa0de103506950dd89,15035,macos,,,,,,,,,,,,,,,windows,,python,,,,,,,,,,,,,,,,,,,,,,,,,,,,,macos,,,,,,,,,,,,,,,,,,,,,,,,,,,,,,,,,,,,,macos,,,,,,,,,,,,,,,macos,,,,,,,,,,,,,,,,,,,,,
6a2f8faa0de103506950dd8a,11406,php,,,,,,,,,,,,,,,windows,,windows,,,,,,,,,,,,,,,,,,,,,,,,,,,,,php,,,,,,,,,,,,,,,,,,,,,,,,,,,,,,,,,,,,,php,,,,,,,,,,,,,,,php,,,,,,,,,,,,,,,,,,,,,
6a2f8faa0de103506950dd8b,11409,php,,,,,,,,,,,,,,,multiple,,linux,php,windows,,,,,,,,,,,,,,,,,,,,,,,,,,,php,,,,,,,,,,,,,,,,,,,,,,,,,,,,,,,,,,,,,php,,,,,,,,,,,,,,,php,,,,,,,,,,,,,,,,,,,,,
6a2f8faa0de103506950dd8c,11507,asp,,,,,,,,,,,,,,,php,,php,,,,,,,,,,,,,,,,,,,,,,,,,,,,,asp,,,,,,,,,,,,,,,,,,,,,,,,,,,,,,,,,,,,,asp,,,,,,,,,,,,,,,asp,,,,,,,,,,,,,,,,,,,,,
6a2f8faa0de103506950dd8d,33662,php,,,,,,,,,,,,,,,windows,,php,windows,,,,,,,,,,,,,,,,,,,,,,,,,,,,php,,,,,,,,,,,,,,,,,,,,,,,,,,,,,,,,,,,,,php,,,,,,,,,,,,,,,,,,,,,,,,,,,,,,,,,,,,
6a2f8faa0de103506950dd8e,33675,java,,,,,,,,,,,,,,,jsp,,java,,,,,,,,,,,,,,,,,,,,,,,,,,,,,jsp,,,,,,,,,,,,,,,,,,,,,,,,,,,,,,,,,,,,,java,,,,,,,,,,,,,,,java,,,,,,,,,,,,,,,,,,,,,
6a2f8faa0de103506950dd8f,16316,java,,,,,,,,,,,,,,,multiple,,java,linux,windows,,,,,,,,,,,,,,,,,,,,,,,,,,,java,,,,,,,,,,,,,,,,,,,,,,,,,,,,,,,,,,,,,java,,,,,,,,,,,,,,,java,,,,,,,,,,,,,,,,,,,,,
6a2f8faa0de103506950dd90,16319,java,,,,,,,,,,,,,,,multiple,,java,linux,windows,,,,,,,,,,,,,,,,,,,,,,,,,,,java,,,,,,,,,,,,,,,,,,,,,,,,,,,,,,,,,,,,,java,,,,,,,,,,,,,,,java,,,,,,,,,,,,,,,,,,,,,
6a2f8faa0de103506950dd91,16297,java,,,,,,,,,,,,,,,multiple,,java,linux,windows,,,,,,,,,,,,,,,,,,,,,,,,,,,java,,,,,,,,,,,,,,,,,,,,,,,,,,,,,,,,,,,,,java,,,,,,,,,,,,,,,java,,,,,,,,,,,,,,,,,,,,,
6a2f8faa0de103506950dd92,12122,java,,,,,,,,,,,,,,,multiple,,java,windows,,,,,,,,,,,,,,,,,,,,,,,,,,,,java,,,,,,,,,,,,,,,,,,,,,,,,,,,,,,,,,,,,,java,,,,,,,,,,,,,,,java,,,,,,,,,,,,,,,,,,,,,
6a2f8faa0de103506950dd93,41700,java,linux,windows,,,,,,,,,,,,,windows,,windows,x86,,,,,,,,,,,,,,,,,,,,,,,,,,,,java,linux,windows,,,,,,,,,,,,,,,,,,,,,,,,,,,,,,,,,,,java,linux,windows,,,,,,,,,,,,,java,linux,windows,,,,,,,,,,,,,,,,,,,
6a2f8faa0de103506950dd94,33598,,,,,,,,,,,,,,,,linux,,ruby,,,,,,,,,,,,,,,,,,,,,,,,,,,,,,,,,,,,,,,,,,,,,,,,,,,,,,,,,,,,,,,,,,,,,,,,,,,,,,,,,aix,bsd,hp-ux,immunix,irix,linux,minix,novell,qnx,sco,solaris,tru64,unixware,vxworks,,,,,,,,
6a2f8faa0de103506950dd95,11030,asp,,,,,,,,,,,,,,,hardware,,windows,,,,,,,,,,,,,,,,,,,,,,,,,,,,,asp,,,,,,,,,,,,,,,,,,,,,,,,,,,,,,,,,,,,,asp,,,,,,,,,,,,,,,asp,,,,,,,,,,,,,,,,,,,,,
6a2f8faa0de103506950dd96,14407,aix,hp-ux,irix,,,,,,,,,,,,,aix,,aix,,,,,,,,,,,,,,,,,,,,,,,,,,,,,aix,hp-ux,irix,,,,,,,,,,,,,,,,,,,,,,,,,,,,,,,,,,,aix,hp-ux,irix,,,,,,,,,,,,,aix,hp-ux,irix,,,,,,,,,,,,,,,,,,,
6a2f8faa0de103506950dd97,16974,ios,macos,windows,,,,,,,,,,,,,android,,android,,,,,,,,,,,,,,,,,,,,,,,,,,,,,ios,macos,windows,,,,,,,,,,,,,,,,,,,,,,,,,,,,,,,,,,,ios,macos,windows,,,,,,,,,,,,,ios,macos,windows,,,,,,,,,,,,,,,,,,,
6a2f8faa0de103506950dd98,11838,javascript,windows,,,,,,,,,,,,,,windows,,windows,x86,,,,,,,,,,,,,,,,,,,,,,,,,,,,javascript,windows,,,,,,,,,,,,,,,,,,,,,,,,,,,,,,,,,,,,javascript,windows,,,,,,,,,,,,,,javascript,windows,,,,,,,,,,,,,,,,,,,,
6a2f8faa0de103506950dd99,12487,javascript,windows,,,,,,,,,,,,,,windows,,windows,,,,,,,,,,,,,,,,,,,,,,,,,,,,,javascript,windows,,,,,,,,,,,,,,,,,,,,,,,,,,,,,,,,,,,,javascript,windows,,,,,,,,,,,,,,javascript,windows,,,,,,,,,,,,,,,,,,,,
6a2f8faa0de103506950dd9a,7477,windows,xml,,,,,,,,,,,,,,windows,,windows,,,,,,,,,,,,,,,,,,,,,,,,,,,,,windows,xml,,,,,,,,,,,,,,,,,,,,,,,,,,,,,,,,,,,,windows,xml,,,,,,,,,,,,,,windows,xml,,,,,,,,,,,,,,,,,,,,
6a2f8faa0de103506950dd9b,11769,arm,ios,,,,,,,,,,,,,,hardware,,arm,ios,,,,,,,,,,,,,,,,,,,,,,,,,,,,ios,,,,,,,,,,,,,,,,,,,,,,,,,,,,,,,,,,,,,ios,,,,,,,,,,,,,,,arm,ios,,,,,,,,,,,,,,,,,,,,
6a2f8faa0de103506950dd9c,11987,macos,windows,,,,,,,,,,,,,,windows,,windows,,,,,,,,,,,,,,,,,,,,,,,,,,,,,macos,windows,,,,,,,,,,,,,,,,,,,,,,,,,,,,,,,,,,,,macos,windows,,,,,,,,,,,,,,macos,windows,,,,,,,,,,,,,,,,,,,,
6a2f8faa0de103506950dd9d,16671,macos,windows,,,,,,,,,,,,,,windows,,windows,,,,,,,,,,,,,,,,,,,,,,,,,,,,,macos,windows,,,,,,,,,,,,,,,,,,,,,,,,,,,,,,,,,,,,macos,windows,,,,,,,,,,,,,,macos,windows,,,,,,,,,,,,,,,,,,,,
6a2f8faa0de103506950dd9e,16682,macos,windows,,,,,,,,,,,,,,windows,,windows,,,,,,,,,,,,,,,,,,,,,,,,,,,,,macos,windows,,,,,,,,,,,,,,,,,,,,,,,,,,,,,,,,,,,,macos,windows,,,,,,,,,,,,,,macos,windows,,,,,,,,,,,,,,,,,,,,
6a2f8faa0de103506950dd9f,13787,macos,windows,,,,,,,,,,,,,,multiple,,,,,,,,,,,,,,,,,,,,,,,,,,,,,,,macos,windows,,,,,,,,,,,,,,,,,,,,,,,,,,,,,,,,,,,,macos,windows,,,,,,,,,,,,,,macos,windows,,,,,,,,,,,,,,,,,,,,
6a2f8faa0de103506950dda0,14853,macos,windows,,,,,,,,,,,,,,windows,,linux,windows,,,,,,,,,,,,,,,,,,,,,,,,,,,,macos,windows,,,,,,,,,,,,,,,,,,,,,,,,,,,,,,,,,,,,macos,windows,,,,,,,,,,,,,,macos,windows,,,,,,,,,,,,,,,,,,,,
6a2f8faa0de103506950dda1,16614,macos,windows,,,,,,,,,,,,,,windows,,windows,,,,,,,,,,,,,,,,,,,,,,,,,,,,,macos,windows,,,,,,,,,,,,,,,,,,,,,,,,,,,,,,,,,,,,macos,windows,,,,,,,,,,,,,,macos,windows,,,,,,,,,,,,,,,,,,,,
6a2f8faa0de103506950dda2,16687,macos,windows,,,,,,,,,,,,,,windows,,windows,,,,,,,,,,,,,,,,,,,,,,,,,,,,,macos,windows,,,,,,,,,,,,,,,,,,,,,,,,,,,,,,,,,,,,macos,windows,,,,,,,,,,,,,,macos,windows,,,,,,,,,,,,,,,,,,,,
6a2f8faa0de103506950dda3,15042,novell,,,,,,,,,,,,,,,windows,,windows,,,,,,,,,,,,,,,,,,,,,,,,,,,,,novell,,,,,,,,,,,,,,,,,,,,,,,,,,,,,,,,,,,,,novell,,,,,,,,,,,,,,,novell,,,,,,,,,,,,,,,,,,,,,
6a2f8faa0de103506950dda4,15072,novell,,,,,,,,,,,,,,,windows,,windows,,,,,,,,,,,,,,,,,,,,,,,,,,,,,novell,,,,,,,,,,,,,,,,,,,,,,,,,,,,,,,,,,,,,novell,,,,,,,,,,,,,,,novell,,,,,,,,,,,,,,,,,,,,,
6a2f8faa0de103506950dda5,33868,java,jsp,,,,,,,,,,,,,,multiple,,java,,,,,,,,,,,,,,,,,,,,,,,,,,,,,java,jsp,,,,,,,,,,,,,,,,,,,,,,,,,,,,,,,,,,,,java,jsp,,,,,,,,,,,,,,java,jsp,,,,,,,,,,,,,,,,,,,,
6a2f8faa0de103506950dda6,18446,macos,windows,,,,,,,,,,,,,,android,,android,,,,,,,,,,,,,,,,,,,,,,,,,,,,,macos,windows,,,,,,,,,,,,,,,,,,,,,,,,,,,,,,,,,,,,ios,macos,windows,,,,,,,,,,,,,macos,windows,,,,,,,,,,,,,,,,,,,,
6a2f8faa0de103506950dda7,14727,ios,,,,,,,,,,,,,,,windows,,windows,windows vista,windows xp,,,,,,,,,,,,,,,,,,,,,,,,,,,ios,,,,,,,,,,,,,,,,,,,,,,,,,,,,,,,,,,,,,ios,,,,,,,,,,,,,,,ios,,,,,,,,,,,,,,,,,,,,,
6a2f8faa0de103506950dda8,14967,ios,,,,,,,,,,,,,,,windows,,windows,,,,,,,,,,,,,,,,,,,,,,,,,,,,,ios,,,,,,,,,,,,,,,,,,,,,,,,,,,,,,,,,,,,,ios,,,,,,,,,,,,,,,ios,,,,,,,,,,,,,,,,,,,,,
6a2f8faa0de103506950dda9,17691,java,,,,,,,,,,,,,,,multiple,,java,linux,windows,,,,,,,,,,,,,,,,,,,,,,,,,,,java,,,,,,,,,,,,,,,,,,,,,,,,,,,,,,,,,,,,,java,,,,,,,,,,,,,,,java,,,,,,,,,,,,,,,,,,,,,
6a2f8faa0de103506950ddaa,14971,macos,windows,,,,,,,,,,,,,,windows,,windows,,,,,,,,,,,,,,,,,,,,,,,,,,,,,macos,windows,,,,,,,,,,,,,,,,,,,,,,,,,,,,,,,,,,,,macos,windows,,,,,,,,,,,,,,macos,windows,,,,,,,,,,,,,,,,,,,,
6a2f8faa0de103506950ddab,12728,aspx,windows,,,,,,,,,,,,,,windows,,windows,,,,,,,,,,,,,,,,,,,,,,,,,,,,,aspx,windows,,,,,,,,,,,,,,,,,,,,,,,,,,,,,,,,,,,,aspx,windows,,,,,,,,,,,,,,aspx,windows,,,,,,,,,,,,,,,,,,,,
6a2f8faa0de103506950ddac,12715,php,,,,,,,,,,,,,,,multiple,,linux,php,windows,,,,,,,,,,,,,,,,,,,,,,,,,,,php,,,,,,,,,,,,,,,,,,,,,,,,,,,,,,,,,,,,,php,,,,,,,,,,,,,,,php,,,,,,,,,,,,,,,,,,,,,
6a2f8faa0de103506950ddad,15086,macos,windows,,,,,,,,,,,,,,multiple,,linux,windows,,,,,,,,,,,,,,,,,,,,,,,,,,,,macos,windows,,,,,,,,,,,,,,,,,,,,,,,,,,,,,,,,,,,,macos,windows,,,,,,,,,,,,,,macos,windows,,,,,,,,,,,,,,,,,,,,
6a2f8fab0de103506950ddae,14121,macos,windows,,,,,,,,,,,,,,multiple,,linux,x86,,,,,,,,,,,,,,,,,,,,,,,,,,,,macos,windows,,,,,,,,,,,,,,,,,,,,,,,,,,,,,,,,,,,,macos,windows,,,,,,,,,,,,,,macos,windows,,,,,,,,,,,,,,,,,,,,
6a2f8fab0de103506950ddaf,13954,generator,php,,,,,,,,,,,,,,php,,php,,,,,,,,,,,,,,,,,,,,,,,,,,,,,generator,php,,,,,,,,,,,,,,,,,,,,,,,,,,,,,,,,,,,,generator,php,,,,,,,,,,,,,,generator,php,,,,,,,,,,,,,,,,,,,,
6a2f8fab0de103506950ddb0,14609,windows,xml,,,,,,,,,,,,,,windows,,windows,,,,,,,,,,,,,,,,,,,,,,,,,,,,,windows,xml,,,,,,,,,,,,,,,,,,,,,,,,,,,,,,,,,,,,windows,xml,,,,,,,,,,,,,,windows,xml,,,,,,,,,,,,,,,,,,,,
6a2f8fab0de103506950ddb1,15215,solaris,,,,,,,,,,,,,,,multiple,,bsd,solaris,,,,,,,,,,,,,,,,,,,,,,,,,,,,solaris,,,,,,,,,,,,,,,,,,,,,,,,,,,,,,,,,,,,,solaris,,,,,,,,,,,,,,,solaris,,,,,,,,,,,,,,,,,,,,,
6a2f8fab0de103506950ddb2,14179,asp,windows,,,,,,,,,,,,,,windows,,windows,,,,,,,,,,,,,,,,,,,,,,,,,,,,,asp,windows,,,,,,,,,,,,,,,,,,,,,,,,,,,,,,,,,,,,asp,windows,,,,,,,,,,,,,,asp,windows,,,,,,,,,,,,,,,,,,,,
6a2f8fab0de103506950ddb3,14379,novell,,,,,,,,,,,,,,,multiple,,linux,netware,windows,,,,,,,,,,,,,,,,,,,,,,,,,,,novell,,,,,,,,,,,,,,,,,,,,,,,,,,,,,,,,,,,,,novell,,,,,,,,,,,,,,,novell,,,,,,,,,,,,,,,,,,,,,
6a2f8fab0de103506950ddb4,14641,cfm,,,,,,,,,,,,,,,multiple,,cfm,coldfusion,windows,,,,,,,,,,,,,,,,,,,,,,,,,,,cfm,,,,,,,,,,,,,,,,,,,,,,,,,,,,,,,,,,,,,cfm,,,,,,,,,,,,,,,cfm,,,,,,,,,,,,,,,,,,,,,
6a2f8fab0de103506950ddb5,16985,cfm,,,,,,,,,,,,,,,multiple,,linux,windows,,,,,,,,,,,,,,,,,,,,,,,,,,,,cfm,,,,,,,,,,,,,,,,,,,,,,,,,,,,,,,,,,,,,cfm,,,,,,,,,,,,,,,cfm,,,,,,,,,,,,,,,,,,,,,
6a2f8fab0de103506950ddb6,16494,macos,windows,,,,,,,,,,,,,,windows,,windows,,,,,,,,,,,,,,,,,,,,,,,,,,,,,macos,windows,,,,,,,,,,,,,,,,,,,,,,,,,,,,,,,,,,,,macos,windows,,,,,,,,,,,,,,macos,windows,,,,,,,,,,,,,,,,,,,,
6a2f8fab0de103506950ddb7,16619,macos,windows,,,,,,,,,,,,,,windows,,windows,,,,,,,,,,,,,,,,,,,,,,,,,,,,,macos,windows,,,,,,,,,,,,,,,,,,,,,,,,,,,,,,,,,,,,macos,windows,,,,,,,,,,,,,,macos,windows,,,,,,,,,,,,,,,,,,,,
6a2f8fab0de103506950ddb8,15344,linux,x86-64,,,,,,,,,,,,,,linux,,linux,,,,,,,,,,,,,,,,,,,,,,,,,,,,,linux,x86-64,,,,,,,,,,,,,,,,,,,,,,,,,,,,,,,,,,,,linux,x86-64,,,,,,,,,,,,,,linux,x86-64,,,,,,,,,,,,,,,,,,,,
6a2f8fab0de103506950ddb9,14735,asp,php,windows,,,,,,,,,,,,,windows,,windows,x86,,,,,,,,,,,,,,,,,,,,,,,,,,,,asp,php,windows,,,,,,,,,,,,,,,,,,,,,,,,,,,,,,,,,,,asp,php,,,,,,,,,,,,,,asp,php,windows,,,,,,,,,,,,,,,,,,,
6a2f8fab0de103506950ddba,14740,asp,php,windows,,,,,,,,,,,,,windows,,windows,,,,,,,,,,,,,,,,,,,,,,,,,,,,,asp,php,windows,,,,,,,,,,,,,,,,,,,,,,,,,,,,,,,,,,,asp,php,,,,,,,,,,,,,,asp,php,windows,,,,,,,,,,,,,,,,,,,
6a2f8fab0de103506950ddbb,15213,aspx,windows,,,,,,,,,,,,,,asp,,aspx,,,,,,,,,,,,,,,,,,,,,,,,,,,,,aspx,windows,,,,,,,,,,,,,,,,,,,,,,,,,,,,,,,,,,,,aspx,windows,,,,,,,,,,,,,,aspx,windows,,,,,,,,,,,,,,,,,,,,
6a2f8fab0de103506950ddbc,16686,macos,windows,,,,,,,,,,,,,,windows,,windows,,,,,,,,,,,,,,,,,,,,,,,,,,,,,macos,windows,,,,,,,,,,,,,,,,,,,,,,,,,,,,,,,,,,,,macos,,,,,,,,,,,,,,,macos,windows,,,,,,,,,,,,,,,,,,,,
6a2f8fab0de103506950ddbd,17474,macos,windows,,,,,,,,,,,,,,windows,,windows,,,,,,,,,,,,,,,,,,,,,,,,,,,,,macos,windows,,,,,,,,,,,,,,,,,,,,,,,,,,,,,,,,,,,,macos,,,,,,,,,,,,,,,macos,windows,,,,,,,,,,,,,,,,,,,,
6a2f8fab0de103506950ddbe,18334,macos,windows,,,,,,,,,,,,,,windows,,windows,,,,,,,,,,,,,,,,,,,,,,,,,,,,,macos,windows,,,,,,,,,,,,,,,,,,,,,,,,,,,,,,,,,,,,macos,,,,,,,,,,,,,,,macos,windows,,,,,,,,,,,,,,,,,,,,
6a2f8fab0de103506950ddbf,24526,macos,windows,,,,,,,,,,,,,,windows,,windows,,,,,,,,,,,,,,,,,,,,,,,,,,,,,macos,windows,,,,,,,,,,,,,,,,,,,,,,,,,,,,,,,,,,,,macos,,,,,,,,,,,,,,,macos,windows,,,,,,,,,,,,,,,,,,,,
6a2f8fab0de103506950ddc0,14980,aspx,,,,,,,,,,,,,,,asp,,php,,,,,,,,,,,,,,,,,,,,,,,,,,,,,aspx,,,,,,,,,,,,,,,,,,,,,,,,,,,,,,,,,,,,,aspx,,,,,,,,,,,,,,,aspx,,,,,,,,,,,,,,,,,,,,,
6a2f8fab0de103506950ddc1,15005,windows,,,,,,,,,,,,,,,multiple,,aix,linux,os,solaris,windows,z,z/os,,,,,,,,,,,,,,,,,,,,,,,windows,,,,,,,,,,,,,,,,,,,,,,,,,,,,,,,,,,,,,windows,,,,,,,,,,,,,,,windows,,,,,,,,,,,,,,,,,,,,,
6a2f8fab0de103506950ddc2,15048,ashx,,,,,,,,,,,,,,,windows,,windows,,,,,,,,,,,,,,,,,,,,,,,,,,,,,ashx,,,,,,,,,,,,,,,,,,,,,,,,,,,,,,,,,,,,,ashx,,,,,,,,,,,,,,,ashx,,,,,,,,,,,,,,,,,,,,,
6a2f8fab0de103506950ddc3,15185,ashx,,,,,,,,,,,,,,,asp,,windows,,,,,,,,,,,,,,,,,,,,,,,,,,,,,ashx,,,,,,,,,,,,,,,,,,,,,,,,,,,,,,,,,,,,,ashx,,,,,,,,,,,,,,,ashx,,,,,,,,,,,,,,,,,,,,,
6a2f8fab0de103506950ddc4,15189,ashx,,,,,,,,,,,,,,,asp,,windows,x86-64,,,,,,,,,,,,,,,,,,,,,,,,,,,,ashx,,,,,,,,,,,,,,,,,,,,,,,,,,,,,,,,,,,,,ashx,,,,,,,,,,,,,,,ashx,,,,,,,,,,,,,,,,,,,,,
6a2f8fab0de103506950ddc5,16955,ashx,,,,,,,,,,,,,,,asp,,,,,,,,,,,,,,,,,,,,,,,,,,,,,,,ashx,,,,,,,,,,,,,,,,,,,,,,,,,,,,,,,,,,,,,ashx,,,,,,,,,,,,,,,ashx,,,,,,,,,,,,,,,,,,,,,
6a2f8fab0de103506950ddc6,16495,java,,,,,,,,,,,,,,,multiple,,java,windows,,,,,,,,,,,,,,,,,,,,,,,,,,,,java,,,,,,,,,,,,,,,,,,,,,,,,,,,,,,,,,,,,,java,,,,,,,,,,,,,,,java,,,,,,,,,,,,,,,,,,,,,
6a2f8fab0de103506950ddc7,34834,java,,,,,,,,,,,,,,,jsp,,java,,,,,,,,,,,,,,,,,,,,,,,,,,,,,,,,,,,,,,,,,,,,,,,,,,,,,,,,,,,,,,,,,,,,,,,,,,,,,,,,,java,,,,,,,,,,,,,,,,,,,,,
6a2f8fab0de103506950ddc8,15018,ashx,,,,,,,,,,,,,,,asp,,aspx,,,,,,,,,,,,,,,,,,,,,,,,,,,,,ashx,,,,,,,,,,,,,,,,,,,,,,,,,,,,,,,,,,,,,ashx,,,,,,,,,,,,,,,ashx,,,,,,,,,,,,,,,,,,,,,
6a2f8fab0de103506950ddc9,15426,android,linux,macos,solaris,windows,,,,,,,,,,,windows,,windows,x86,x86-64,,,,,,,,,,,,,,,,,,,,,,,,,,,android,linux,macos,solaris,windows,,,,,,,,,,,,,,,,,,,,,,,,,,,,,,,,,android,linux,macos,solaris,windows,,,,,,,,,,,android,linux,macos,solaris,windows,,,,,,,,,,,,,,,,,
6a2f8fab0de103506950ddca,16667,android,linux,macos,solaris,windows,,,,,,,,,,,windows,,windows,,,,,,,,,,,,,,,,,,,,,,,,,,,,,android,linux,macos,solaris,windows,,,,,,,,,,,,,,,,,,,,,,,,,,,,,,,,,android,linux,macos,solaris,windows,,,,,,,,,,,android,linux,macos,solaris,windows,,,,,,,,,,,,,,,,,
6a2f8fab0de103506950ddcb,17187,android,linux,macos,solaris,windows,,,,,,,,,,,windows,,windows,,,,,,,,,,,,,,,,,,,,,,,,,,,,,android,linux,macos,solaris,windows,,,,,,,,,,,,,,,,,,,,,,,,,,,,,,,,,android,linux,macos,solaris,windows,,,,,,,,,,,android,linux,macos,solaris,windows,,,,,,,,,,,,,,,,,
6a2f8fab0de103506950ddcc,15341,javascript,,,,,,,,,,,,,,,multiple,,alpha,arm,ashx,asp,aspx,cfm,cgi,go,java,javascript,json,jsp,linux,lua,macos,mips,perl,php,ppc,python,ruby,sparc,system z,system-z,typescript,windows,x86,x86-64,xml,javascript,,,,,,,,,,,,,,,,,,,,,,,,,,,,,,,,,,,,,javascript,,,,,,,,,,,,,,,javascript,,,,,,,,,,,,,,,,,,,,,
6a2f8fab0de103506950ddcd,15342,javascript,,,,,,,,,,,,,,,multiple,,linux,macos,windows,,,,,,,,,,,,,,,,,,,,,,,,,,,javascript,,,,,,,,,,,,,,,,,,,,,,,,,,,,,,,,,,,,,javascript,,,,,,,,,,,,,,,javascript,,,,,,,,,,,,,,,,,,,,,
6a2f8fab0de103506950ddce,15352,javascript,,,,,,,,,,,,,,,windows,,windows,,,,,,,,,,,,,,,,,,,,,,,,,,,,,javascript,,,,,,,,,,,,,,,,,,,,,,,,,,,,,,,,,,,,,javascript,,,,,,,,,,,,,,,javascript,,,,,,,,,,,,,,,,,,,,,
6a2f8fab0de103506950ddcf,16509,javascript,,,,,,,,,,,,,,,windows,,windows,x86,,,,,,,,,,,,,,,,,,,,,,,,,,,,javascript,,,,,,,,,,,,,,,,,,,,,,,,,,,,,,,,,,,,,javascript,,,,,,,,,,,,,,,javascript,,,,,,,,,,,,,,,,,,,,,
6a2f8fab0de103506950ddd0,35006,macos,windows,,,,,,,,,,,,,,windows,,windows,,,,,,,,,,,,,,,,,,,,,,,,,,,,,macos,windows,,,,,,,,,,,,,,,,,,,,,,,,,,,,,,,,,,,,ios,javascript,macos,windows,,,,,,,,,,,,macos,windows,,,,,,,,,,,,,,,,,,,,
6a2f8fab0de103506950ddd1,19930,windows,x86,,,,,,,,,,,,,,windows,,windows,,,,,,,,,,,,,,,,,,,,,,,,,,,,,windows,x86,,,,,,,,,,,,,,,,,,,,,,,,,,,,,,,,,,,,windows,x86,,,,,,,,,,,,,,windows,x86,,,,,,,,,,,,,,,,,,,,
6a2f8fab0de103506950ddd2,15419,macos,windows,,,,,,,,,,,,,,windows,,,,,,,,,,,,,,,,,,,,,,,,,,,,,,,macos,windows,,,,,,,,,,,,,,,,,,,,,,,,,,,,,,,,,,,,macos,windows,,,,,,,,,,,,,,macos,windows,,,,,,,,,,,,,,,,,,,,
6a2f8fab0de103506950ddd3,34932,perl,,,,,,,,,,,,,,,linux,,linux,,,,,,,,,,,,,,,,,,,,,,,,,,,,,perl,,,,,,,,,,,,,,,,,,,,,,,,,,,,,,,,,,,,,perl,,,,,,,,,,,,,,,perl,,,,,,,,,,,,,,,,,,,,,
6a2f8fab0de103506950ddd4,35011,java,jsp,,,,,,,,,,,,,,linux,,java,,,,,,,,,,,,,,,,,,,,,,,,,,,,,java,jsp,,,,,,,,,,,,,,,,,,,,,,,,,,,,,,,,,,,,java,jsp,,,,,,,,,,,,,,java,jsp,,,,,,,,,,,,,,,,,,,,
6a2f8fab0de103506950ddd5,34951,asp,,,,,,,,,,,,,,,php,,,,,,,,,,,,,,,,,,,,,,,,,,,,,,,asp,,,,,,,,,,,,,,,,,,,,,,,,,,,,,,,,,,,,,asp,,,,,,,,,,,,,,,asp,,,,,,,,,,,,,,,,,,,,,
6a2f8fab0de103506950ddd6,35035,cgi,perl,,,,,,,,,,,,,,cgi,,cgi,java,windows,,,,,,,,,,,,,,,,,,,,,,,,,,,cgi,perl,,,,,,,,,,,,,,,,,,,,,,,,,,,,,,,,,,,,perl,,,,,,,,,,,,,,,cgi,perl,,,,,,,,,,,,,,,,,,,,
6a2f8fab0de103506950ddd7,15722,linux,php,,,,,,,,,,,,,,multiple,,linux,php,x86-64,,,,,,,,,,,,,,,,,,,,,,,,,,,php,,,,,,,,,,,,,,,,,,,,,,,,,,,,,,,,,,,,,linux,php,windows,,,,,,,,,,,,,php,,,,,,,,,,,,,,,,,,,,,
6a2f8fab0de103506950ddd8,16137,hp-ux,solaris,,,,,,,,,,,,,,multiple,,aix,hp-ux,solaris,,,,,,,,,,,,,,,,,,,,,,,,,,,hp-ux,solaris,,,,,,,,,,,,,,,,,,,,,,,,,,,,,,,,,,,,solaris,,,,,,,,,,,,,,,hp-ux,solaris,,,,,,,,,,,,,,,,,,,,
6a2f8fab0de103506950ddd9,16959,java,,,,,,,,,,,,,,,multiple,,java,jsp,,,,,,,,,,,,,,,,,,,,,,,,,,,,java,,,,,,,,,,,,,,,,,,,,,,,,,,,,,,,,,,,,,java,,,,,,,,,,,,,,,java,,,,,,,,,,,,,,,,,,,,,
6a2f8fab0de103506950ddda,15745,linux,unix,,,,,,,,,,,,,,linux,,linux,x86,,,,,,,,,,,,,,,,,,,,,,,,,,,,linux,unix,,,,,,,,,,,,,,,,,,,,,,,,,,,,,,,,,,,,linux,unix,,,,,,,,,,,,,,linux,unix,,,,,,,,,,,,,,,,,,,,
6a2f8fab0de103506950dddb,35164,php,x86,,,,,,,,,,,,,,php,,php,,,,,,,,,,,,,,,,,,,,,,,,,,,,,php,x86,,,,,,,,,,,,,,,,,,,,,,,,,,,,,,,,,,,,php,x86,,,,,,,,,,,,,,php,x86,,,,,,,,,,,,,,,,,,,,
6a2f8fab0de103506950dddc,15463,novell,,,,,,,,,,,,,,,linux,,linux,,,,,,,,,,,,,,,,,,,,,,,,,,,,,novell,,,,,,,,,,,,,,,,,,,,,,,,,,,,,,,,,,,,,novell,,,,,,,,,,,,,,,novell,,,,,,,,,,,,,,,,,,,,,
6a2f8fab0de103506950dddd,15464,novell,,,,,,,,,,,,,,,linux,,linux,python,,,,,,,,,,,,,,,,,,,,,,,,,,,,novell,,,,,,,,,,,,,,,,,,,,,,,,,,,,,,,,,,,,,novell,,,,,,,,,,,,,,,novell,,,,,,,,,,,,,,,,,,,,,
6a2f8fab0de103506950ddde,18164,android,java,,,,,,,,,,,,,,android,,android,,,,,,,,,,,,,,,,,,,,,,,,,,,,,android,java,,,,,,,,,,,,,,,,,,,,,,,,,,,,,,,,,,,,android,java,linux,,,,,,,,,,,,,android,java,,,,,,,,,,,,,,,,,,,,
6a2f8fab0de103506950dddf,15040,php,,,,,,,,,,,,,,,php,,linux,,,,,,,,,,,,,,,,,,,,,,,,,,,,,,,,,,,,,,,,,,,,,,,,,,,,,,,,,,,,,,,,,,php,,,,,,,,,,,,,,,php,,,,,,,,,,,,,,,,,,,,,
6a2f8fab0de103506950dde0,12786,cfm,,,,,,,,,,,,,,,windows,,php,,,,,,,,,,,,,,,,,,,,,,,,,,,,,cfm,,,,,,,,,,,,,,,,,,,,,,,,,,,,,,,,,,,,,cfm,,,,,,,,,,,,,,,cfm,,,,,,,,,,,,,,,,,,,,,
6a2f8fab0de103506950dde1,16784,novell,,,,,,,,,,,,,,,multiple,,java,linux,windows,,,,,,,,,,,,,,,,,,,,,,,,,,,novell,,,,,,,,,,,,,,,,,,,,,,,,,,,,,,,,,,,,,novell,,,,,,,,,,,,,,,novell,,,,,,,,,,,,,,,,,,,,,
6a2f8fab0de103506950dde2,16103,cgi,perl,,,,,,,,,,,,,,multiple,,cgi,,,,,,,,,,,,,,,,,,,,,,,,,,,,,cgi,perl,,,,,,,,,,,,,,,,,,,,,,,,,,,,,,,,,,,,perl,,,,,,,,,,,,,,,cgi,perl,,,,,,,,,,,,,,,,,,,,
6a2f8fab0de103506950dde3,35434,macos,windows,,,,,,,,,,,,,,windows,,,,,,,,,,,,,,,,,,,,,,,,,,,,,,,macos,windows,,,,,,,,,,,,,,,,,,,,,,,,,,,,,,,,,,,,ios,macos,,,,,,,,,,,,,,macos,windows,,,,,,,,,,,,,,,,,,,,
6a2f8fab0de103506950dde4,17567,ios,macos,,,,,,,,,,,,,,macos,,windows,,,,,,,,,,,,,,,,,,,,,,,,,,,,,ios,macos,,,,,,,,,,,,,,,,,,,,,,,,,,,,,,,,,,,,ios,macos,,,,,,,,,,,,,,ios,macos,,,,,,,,,,,,,,,,,,,,
6a2f8fab0de103506950dde5,17575,ios,macos,,,,,,,,,,,,,,windows,,windows,,,,,,,,,,,,,,,,,,,,,,,,,,,,,ios,macos,,,,,,,,,,,,,,,,,,,,,,,,,,,,,,,,,,,,ios,macos,,,,,,,,,,,,,,ios,macos,,,,,,,,,,,,,,,,,,,,
6a2f8fab0de103506950dde6,17777,macos,windows,,,,,,,,,,,,,,windows,,windows,,,,,,,,,,,,,,,,,,,,,,,,,,,,,macos,,,,,,,,,,,,,,,,,,,,,,,,,,,,,,,,,,,,,macos,windows,,,,,,,,,,,,,,macos,windows,,,,,,,,,,,,,,,,,,,,
6a2f8fab0de103506950dde7,18137,macos,windows,,,,,,,,,,,,,,windows,windows-x86,windows,,,,,,,,,,,,,,,,,,,,,,,,,,,,,macos,,,,,,,,,,,,,,,,,,,,,,,,,,,,,,,,,,,,,macos,windows,,,,,,,,,,,,,,macos,windows,,,,,,,,,,,,,,,,,,,,
6a2f8fab0de103506950dde8,15937,linux,macos,solaris,,,,,,,,,,,,,multiple,,linux,macos,solaris,x86,,,,,,,,,,,,,,,,,,,,,,,,,,linux,macos,solaris,,,,,,,,,,,,,,,,,,,,,,,,,,,,,,,,,,,linux,macos,solaris,,,,,,,,,,,,,linux,macos,solaris,,,,,,,,,,,,,,,,,,,
6a2f8fab0de103506950dde9,16838,linux,macos,solaris,,,,,,,,,,,,,linux,,linux,x86,,,,,,,,,,,,,,,,,,,,,,,,,,,,linux,macos,solaris,,,,,,,,,,,,,,,,,,,,,,,,,,,,,,,,,,,linux,macos,solaris,,,,,,,,,,,,,linux,macos,solaris,,,,,,,,,,,,,,,,,,,
6a2f8fab0de103506950ddea,24450,bsd,,,,,,,,,,,,,,,bsd,,bsd,,,,,,,,,,,,,,,,,,,,,,,,,,,,,bsd,,,,,,,,,,,,,,,,,,,,,,,,,,,,,,,,,,,,,bsd,,,,,,,,,,,,,,,bsd,,,,,,,,,,,,,,,,,,,,,
6a2f8fab0de103506950ddeb,17027,android,linux,macos,solaris,windows,,,,,,,,,,,windows,,windows,,,,,,,,,,,,,,,,,,,,,,,,,,,,,android,linux,macos,solaris,windows,,,,,,,,,,,,,,,,,,,,,,,,,,,,,,,,,android,linux,macos,solaris,windows,,,,,,,,,,,android,linux,macos,solaris,windows,,,,,,,,,,,,,,,,,
6a2f8fab0de103506950ddec,17339,perl,,,,,,,,,,,,,,,windows,,windows,,,,,,,,,,,,,,,,,,,,,,,,,,,,,perl,,,,,,,,,,,,,,,,,,,,,,,,,,,,,,,,,,,,,perl,,,,,,,,,,,,,,,perl,,,,,,,,,,,,,,,,,,,,,
6a2f8fab0de103506950dded,17614,perl,,,,,,,,,,,,,,,hp-ux,,hp-ux,,,,,,,,,,,,,,,,,,,,,,,,,,,,,perl,,,,,,,,,,,,,,,,,,,,,,,,,,,,,,,,,,,,,perl,,,,,,,,,,,,,,,perl,,,,,,,,,,,,,,,,,,,,,
6a2f8fab0de103506950ddee,17648,perl,,,,,,,,,,,,,,,linux,,hp-ux,linux,,,,,,,,,,,,,,,,,,,,,,,,,,,,perl,,,,,,,,,,,,,,,,,,,,,,,,,,,,,,,,,,,,,perl,,,,,,,,,,,,,,,perl,,,,,,,,,,,,,,,,,,,,,
6a2f8fab0de103506950ddef,18521,perl,,,,,,,,,,,,,,,windows,,linux,,,,,,,,,,,,,,,,,,,,,,,,,,,,,perl,,,,,,,,,,,,,,,,,,,,,,,,,,,,,,,,,,,,,perl,,,,,,,,,,,,,,,perl,,,,,,,,,,,,,,,,,,,,,
6a2f8fab0de103506950ddf0,27400,perl,,,,,,,,,,,,,,,windows,,windows,,,,,,,,,,,,,,,,,,,,,,,,,,,,,perl,,,,,,,,,,,,,,,,,,,,,,,,,,,,,,,,,,,,,perl,,,,,,,,,,,,,,,perl,,,,,,,,,,,,,,,,,,,,,
6a2f8fab0de103506950ddf1,17227,macos,windows,,,,,,,,,,,,,,windows,,windows,x86,,,,,,,,,,,,,,,,,,,,,,,,,,,,macos,windows,,,,,,,,,,,,,,,,,,,,,,,,,,,,,,,,,,,,macos,windows,,,,,,,,,,,,,,macos,windows,,,,,,,,,,,,,,,,,,,,
6a2f8fab0de103506950ddf2,17993,xml,ios,macos,,,,,,,,,,,,,windows,,windows,,,,,,,,,,,,,,,,,,,,,,,,,,,,,xml,ios,macos,,,,,,,,,,,,,,,,,,,,,,,,,,,,,,,,,,,xml,ios,macos,,,,,,,,,,,,,xml,ios,macos,,,,,,,,,,,,,,,,,,,
6a2f8fab0de103506950ddf3,35411,asp,aspx,,,,,,,,,,,,,,asp,,asp,,,,,,,,,,,,,,,,,,,,,,,,,,,,,asp,aspx,,,,,,,,,,,,,,,,,,,,,,,,,,,,,,,,,,,,asp,aspx,,,,,,,,,,,,,,asp,aspx,,,,,,,,,,,,,,,,,,,,
6a2f8fab0de103506950ddf4,17147,bsd,linux,macos,,,,,,,,,,,,,linux,,linux,,,,,,,,,,,,,,,,,,,,,,,,,,,,,bsd,linux,,,,,,,,,,,,,,,,,,,,,,,,,,,,,,,,,,,,bsd,linux,macos,,,,,,,,,,,,,aix,bsd,hp-ux,linux,macos,solaris,,,,,,,,,,,,,,,,
6a2f8fab0de103506950ddf5,18853,macos,,,,,,,,,,,,,,,windows,,,,,,,,,,,,,,,,,,,,,,,,,,,,,,,macos,,,,,,,,,,,,,,,,,,,,,,,,,,,,,,,,,,,,,macos,,,,,,,,,,,,,,,macos,,,,,,,,,,,,,,,,,,,,,
6a2f8fab0de103506950ddf6,18715,java,linux,windows,,,,,,,,,,,,,multiple,,linux,windows,,,,,,,,,,,,,,,,,,,,,,,,,,,,java,linux,windows,,,,,,,,,,,,,,,,,,,,,,,,,,,,,,,,,,,java,,,,,,,,,,,,,,,java,linux,windows,,,,,,,,,,,,,,,,,,,
6a2f8fab0de103506950ddf7,35523,ruby,,,,,,,,,,,,,,,php,,php,,,,,,,,,,,,,,,,,,,,,,,,,,,,,ruby,,,,,,,,,,,,,,,,,,,,,,,,,,,,,,,,,,,,,ruby,,,,,,,,,,,,,,,ruby,,,,,,,,,,,,,,,,,,,,,
6a2f8fab0de103506950ddf8,35761,perl,,,,,,,,,,,,,,,php,,php,,,,,,,,,,,,,,,,,,,,,,,,,,,,,perl,,,,,,,,,,,,,,,,,,,,,,,,,,,,,,,,,,,,,perl,,,,,,,,,,,,,,,perl,,,,,,,,,,,,,,,,,,,,,
6a2f8fab0de103506950ddf9,17468,windows,,,,,,,,,,,,,,,windows,,python,windows,,,,,,,,,,,,,,,,,,,,,,,,,,,,,,,,,,,,,,,,,,,,,,,,,,,,,,,,,,,,,,,,,windows,,,,,,,,,,,,,,,windows,,,,,,,,,,,,,,,,,,,,,
6a2f8fab0de103506950ddfa,17873,windows,xml,,,,,,,,,,,,,,windows,,aspx,windows,,,,,,,,,,,,,,,,,,,,,,,,,,,,windows,xml,,,,,,,,,,,,,,,,,,,,,,,,,,,,,,,,,,,,xml,,,,,,,,,,,,,,,windows,xml,,,,,,,,,,,,,,,,,,,,
6a2f8fab0de103506950ddfb,18437,android,linux,macos,solaris,windows,,,,,,,,,,,windows,,windows,,,,,,,,,,,,,,,,,,,,,,,,,,,,,android,linux,macos,solaris,windows,,,,,,,,,,,,,,,,,,,,,,,,,,,,,,,,,android,linux,macos,solaris,windows,,,,,,,,,,,android,linux,macos,solaris,windows,,,,,,,,,,,,,,,,,
6a2f8fab0de103506950ddfc,18479,android,linux,macos,solaris,windows,,,,,,,,,,,windows,,windows,,,,,,,,,,,,,,,,,,,,,,,,,,,,,android,linux,macos,solaris,windows,,,,,,,,,,,,,,,,,,,,,,,,,,,,,,,,,android,linux,macos,solaris,windows,,,,,,,,,,,android,linux,macos,solaris,windows,,,,,,,,,,,,,,,,,
6a2f8fab0de103506950ddfd,36006,android,,,,,,,,,,,,,,,multiple,,android,java,,,,,,,,,,,,,,,,,,,,,,,,,,,,android,,,,,,,,,,,,,,,,,,,,,,,,,,,,,,,,,,,,,android,linux,,,,,,,,,,,,,,android,,,,,,,,,,,,,,,,,,,,,
6a2f8fab0de103506950ddfe,18366,macos,windows,,,,,,,,,,,,,,windows,,windows,,,,,,,,,,,,,,,,,,,,,,,,,,,,,macos,unixware,windows,,,,,,,,,,,,,,,,,,,,,,,,,,,,,,,,,,,macos,windows,,,,,,,,,,,,,,macos,unix,windows,,,,,,,,,,,,,,,,,,,
6a2f8fab0de103506950ddff,20502,novell,,,,,,,,,,,,,,,java,,java,,,,,,,,,,,,,,,,,,,,,,,,,,,,,novell,,,,,,,,,,,,,,,,,,,,,,,,,,,,,,,,,,,,,novell,,,,,,,,,,,,,,,novell,,,,,,,,,,,,,,,,,,,,,
6a2f8fab0de103506950de00,17442,java,jsp,,,,,,,,,,,,,,jsp,,linux,windows,,,,,,,,,,,,,,,,,,,,,,,,,,,,java,jsp,,,,,,,,,,,,,,,,,,,,,,,,,,,,,,,,,,,,java,,,,,,,,,,,,,,,java,jsp,,,,,,,,,,,,,,,,,,,,
6a2f8fab0de103506950de01,17503,java,jsp,,,,,,,,,,,,,,jsp,,windows,,,,,,,,,,,,,,,,,,,,,,,,,,,,,java,jsp,,,,,,,,,,,,,,,,,,,,,,,,,,,,,,,,,,,,java,,,,,,,,,,,,,,,java,jsp,,,,,,,,,,,,,,,,,,,,
6a2f8fab0de103506950de02,19958,novell,,,,,,,,,,,,,,,windows,,windows,,,,,,,,,,,,,,,,,,,,,,,,,,,,,novell,,,,,,,,,,,,,,,,,,,,,,,,,,,,,,,,,,,,,novell,,,,,,,,,,,,,,,novell,,,,,,,,,,,,,,,,,,,,,
6a2f8fab0de103506950de03,36288,bsd,macos,,,,,,,,,,,,,,multiple,,bsd,macos,php,,,,,,,,,,,,,,,,,,,,,,,,,,,bsd,,,,,,,,,,,,,,,,,,,,,,,,,,,,,,,,,,,,,bsd,macos,,,,,,,,,,,,,,bsd,,,,,,,,,,,,,,,,,,,,,
6a2f8fab0de103506950de04,18171,java,,,,,,,,,,,,,,,multiple,,java,linux,windows,,,,,,,,,,,,,,,,,,,,,,,,,,,java,,,,,,,,,,,,,,,,,,,,,,,,,,,,,,,,,,,,,java,,,,,,,,,,,,,,,java,,,,,,,,,,,,,,,,,,,,,
6a2f8fab0de103506950de05,17535,java,,,,,,,,,,,,,,,multiple,,java,linux,macos,solaris,windows,,,,,,,,,,,,,,,,,,,,,,,,,java,,,,,,,,,,,,,,,,,,,,,,,,,,,,,,,,,,,,,java,,,,,,,,,,,,,,,java,,,,,,,,,,,,,,,,,,,,,
6a2f8fab0de103506950de06,36165,php,xml,,,,,,,,,,,,,,php,,php,,,,,,,,,,,,,,,,,,,,,,,,,,,,,xml,,,,,,,,,,,,,,,,,,,,,,,,,,,,,,,,,,,,,php,xml,,,,,,,,,,,,,,xml,,,,,,,,,,,,,,,,,,,,,
6a2f8fab0de103506950de07,18262,python,,,,,,,,,,,,,,,multiple,,linux,python,,,,,,,,,,,,,,,,,,,,,,,,,,,,python,,,,,,,,,,,,,,,,,,,,,,,,,,,,,,,,,,,,,python,,,,,,,,,,,,,,,python,,,,,,,,,,,,,,,,,,,,,
6a2f8fab0de103506950de08,24874,java,,,,,,,,,,,,,,,multiple,,java,linux,windows,,,,,,,,,,,,,,,,,,,,,,,,,,,java,,,,,,,,,,,,,,,,,,,,,,,,,,,,,,,,,,,,,java,,,,,,,,,,,,,,,java,,,,,,,,,,,,,,,,,,,,,
6a2f8fab0de103506950de09,18546,novell,,,,,,,,,,,,,,,windows,,windows,,,,,,,,,,,,,,,,,,,,,,,,,,,,,novell,,,,,,,,,,,,,,,,,,,,,,,,,,,,,,,,,,,,,novell,,,,,,,,,,,,,,,novell,,,,,,,,,,,,,,,,,,,,,
6a2f8fab0de103506950de0a,36681,java,jsp,,,,,,,,,,,,,,multiple,,java,,,,,,,,,,,,,,,,,,,,,,,,,,,,,java,jsp,,,,,,,,,,,,,,,,,,,,,,,,,,,,,,,,,,,,java,jsp,,,,,,,,,,,,,,java,jsp,,,,,,,,,,,,,,,,,,,,
6a2f8fab0de103506950de0b,37943,php,,,,,,,,,,,,,,,php,,linux,php,,,,,,,,,,,,,,,,,,,,,,,,,,,,,,,,,,,,,,,,,,,,,,,,,,,,,,,,,,,,,,,,,,,,,,,,,,,,,,,,php,,,,,,,,,,,,,,,,,,,,,
6a2f8fab0de103506950de0c,18153,cgi,perl,,,,,,,,,,,,,,cgi,,cgi,linux,,,,,,,,,,,,,,,,,,,,,,,,,,,,perl,,,,,,,,,,,,,,,,,,,,,,,,,,,,,,,,,,,,,cgi,perl,,,,,,,,,,,,,,perl,,,,,,,,,,,,,,,,,,,,,
6a2f8fab0de103506950de0d,17422,linux,,,,,,,,,,,,,,,hardware,,linux,,,,,,,,,,,,,,,,,,,,,,,,,,,,,,,,,,,,,,,,,,,,,,,,,,,,,,,,,,,,,,,,,,linux,,,,,,,,,,,,,,,linux,mips,,,,,,,,,,,,,,,,,,,,
6a2f8fab0de103506950de0e,18079,linux,,,,,,,,,,,,,,,hardware,,linux,,,,,,,,,,,,,,,,,,,,,,,,,,,,,,,,,,,,,,,,,,,,,,,,,,,,,,,,,,,,,,,,,,linux,,,,,,,,,,,,,,,linux,mips,,,,,,,,,,,,,,,,,,,,
6a2f8fab0de103506950de0f,36286,linux,,,,,,,,,,,,,,,hardware,,linux,,,,,,,,,,,,,,,,,,,,,,,,,,,,,,,,,,,,,,,,,,,,,,,,,,,,,,,,,,,,,,,,,,linux,,,,,,,,,,,,,,,linux,mips,,,,,,,,,,,,,,,,,,,,
6a2f8fab0de103506950de10,36430,aix,hp-ux,solaris,,,,,,,,,,,,,linux,,linux,,,,,,,,,,,,,,,,,,,,,,,,,,,,,aix,hp-ux,solaris,,,,,,,,,,,,,,,,,,,,,,,,,,,,,,,,,,,aix,hp-ux,solaris,,,,,,,,,,,,,aix,hp-ux,solaris,,,,,,,,,,,,,,,,,,,
6a2f8fab0de103506950de11,2012,java,,,,,,,,,,,,,,,php,,php,,,,,,,,,,,,,,,,,,,,,,,,,,,,,java,,,,,,,,,,,,,,,,,,,,,,,,,,,,,,,,,,,,,java,jsp,,,,,,,,,,,,,,java,,,,,,,,,,,,,,,,,,,,,
6a2f8fab0de103506950de12,18368,bsd,,,,,,,,,,,,,,,linux,,linux,,,,,,,,,,,,,,,,,,,,,,,,,,,,,bsd,,,,,,,,,,,,,,,,,,,,,,,,,,,,,,,,,,,,,bsd,,,,,,,,,,,,,,,bsd,,,,,,,,,,,,,,,,,,,,,
6a2f8fab0de103506950de13,21082,novell,,,,,,,,,,,,,,,multiple,,linux,,,,,,,,,,,,,,,,,,,,,,,,,,,,,novell,,,,,,,,,,,,,,,,,,,,,,,,,,,,,,,,,,,,,novell,,,,,,,,,,,,,,,novell,,,,,,,,,,,,,,,,,,,,,
6a2f8fab0de103506950de14,18065,php,,,,,,,,,,,,,,,php,,php,windows,,,,,,,,,,,,,,,,,,,,,,,,,,,,,,,,,,,,,,,,,,,,,,,,,,,,,,,,,,,,,,,,,,,,,,,,,,,,,,,,php,,,,,,,,,,,,,,,,,,,,,
6a2f8fab0de103506950de15,36196,jsp,,,,,,,,,,,,,,,php,,java,,,,,,,,,,,,,,,,,,,,,,,,,,,,,jsp,,,,,,,,,,,,,,,,,,,,,,,,,,,,,,,,,,,,,jsp,,,,,,,,,,,,,,,jsp,,,,,,,,,,,,,,,,,,,,,
6a2f8fab0de103506950de16,18293,asp,,,,,,,,,,,,,,,php,,linux,windows,,,,,,,,,,,,,,,,,,,,,,,,,,,,asp,,,,,,,,,,,,,,,,,,,,,,,,,,,,,,,,,,,,,asp,,,,,,,,,,,,,,,asp,,,,,,,,,,,,,,,,,,,,,
6a2f8fab0de103506950de17,36545,linux,x86,,,,,,,,,,,,,,linux,,linux,,,,,,,,,,,,,,,,,,,,,,,,,,,,,linux,x86,,,,,,,,,,,,,,,,,,,,,,,,,,,,,,,,,,,,linux,x86,,,,,,,,,,,,,,linux,x86,,,,,,,,,,,,,,,,,,,,
6a2f8fab0de103506950de18,36633,aix,,,,,,,,,,,,,,,linux,,,,,,,,,,,,,,,,,,,,,,,,,,,,,,,aix,,,,,,,,,,,,,,,,,,,,,,,,,,,,,,,,,,,,,aix,,,,,,,,,,,,,,,aix,,,,,,,,,,,,,,,,,,,,,
6a2f8fab0de103506950de19,18894,macos,windows,,,,,,,,,,,,,,windows,,windows,,,,,,,,,,,,,,,,,,,,,,,,,,,,,macos,windows,,,,,,,,,,,,,,,,,,,,,,,,,,,,,,,,,,,,macos,,,,,,,,,,,,,,,macos,windows,,,,,,,,,,,,,,,,,,,,
6a2f8fab0de103506950de1a,23969,windows,,,,,,,,,,,,,,,windows,,windows,x86,,,,,,,,,,,,,,,,,,,,,,,,,,,,,,,,,,,,,,,,,,,,,,,,,,,,,,,,,,,,,,,,,windows,,,,,,,,,,,,,,,windows,,,,,,,,,,,,,,,,,,,,,
6a2f8fab0de103506950de1b,28718,bsd,solaris,windows,x86-64,,,,,,,,,,,,bsd,,bsd,x86-64,,,,,,,,,,,,,,,,,,,,,,,,,,,,bsd,solaris,windows,x86-64,,,,,,,,,,,,,,,,,,,,,,,,,,,,,,,,,,windows,x86-64,,,,,,,,,,,,,,bsd,solaris,windows,x86-64,,,,,,,,,,,,,,,,,,
6a2f8fab0de103506950de1c,46508,bsd,solaris,windows,x86-64,,,,,,,,,,,,bsd,freebsd-x86-64,bsd,x86-64,,,,,,,,,,,,,,,,,,,,,,,,,,,,bsd,solaris,windows,x86-64,,,,,,,,,,,,,,,,,,,,,,,,,,,,,,,,,,windows,x86-64,,,,,,,,,,,,,,bsd,solaris,windows,x86-64,,,,,,,,,,,,,,,,,,
6a2f8fab0de103506950de1d,41686,php,,,,,,,,,,,,,,,multiple,,linux,,,,,,,,,,,,,,,,,,,,,,,,,,,,,php,,,,,,,,,,,,,,,,,,,,,,,,,,,,,,,,,,,,,php,,,,,,,,,,,,,,,php,,,,,,,,,,,,,,,,,,,,,
6a2f8fab0de103506950de1e,21326,novell,,,,,,,,,,,,,,,windows,,windows,,,,,,,,,,,,,,,,,,,,,,,,,,,,,novell,,,,,,,,,,,,,,,,,,,,,,,,,,,,,,,,,,,,,novell,,,,,,,,,,,,,,,novell,,,,,,,,,,,,,,,,,,,,,
6a2f8fab0de103506950de1f,18984,java,,,,,,,,,,,,,,,multiple,,linux,windows,,,,,,,,,,,,,,,,,,,,,,,,,,,,java,,,,,,,,,,,,,,,,,,,,,,,,,,,,,,,,,,,,,java,,,,,,,,,,,,,,,java,,,,,,,,,,,,,,,,,,,,,
6a2f8fab0de103506950de20,24205,novell,,,,,,,,,,,,,,,linux,,linux,x86,,,,,,,,,,,,,,,,,,,,,,,,,,,,novell,,,,,,,,,,,,,,,,,,,,,,,,,,,,,,,,,,,,,novell,,,,,,,,,,,,,,,novell,,,,,,,,,,,,,,,,,,,,,
6a2f8fab0de103506950de21,24323,novell,,,,,,,,,,,,,,,multiple,,linux,novell,x86,,,,,,,,,,,,,,,,,,,,,,,,,,,novell,,,,,,,,,,,,,,,,,,,,,,,,,,,,,,,,,,,,,novell,,,,,,,,,,,,,,,novell,,,,,,,,,,,,,,,,,,,,,
6a2f8fab0de103506950de22,26123,java,,,,,,,,,,,,,,,multiple,,java,windows,x86,,,,,,,,,,,,,,,,,,,,,,,,,,,java,,,,,,,,,,,,,,,,,,,,,,,,,,,,,,,,,,,,,java,,,,,,,,,,,,,,,java,,,,,,,,,,,,,,,,,,,,,
6a2f8fab0de103506950de23,18679,java,,,,,,,,,,,,,,,multiple,,java,linux,macos,solaris,windows,,,,,,,,,,,,,,,,,,,,,,,,,java,,,,,,,,,,,,,,,,,,,,,,,,,,,,,,,,,,,,,java,,,,,,,,,,,,,,,java,,,,,,,,,,,,,,,,,,,,,
6a2f8fab0de103506950de24,19098,macos,windows,,,,,,,,,,,,,,multiple,,perl,windows,,,,,,,,,,,,,,,,,,,,,,,,,,,,macos,windows,,,,,,,,,,,,,,,,,,,,,,,,,,,,,,,,,,,,macos,windows,,,,,,,,,,,,,,macos,windows,,,,,,,,,,,,,,,,,,,,
6a2f8fab0de103506950de25,19322,macos,windows,,,,,,,,,,,,,,windows,,windows,,,,,,,,,,,,,,,,,,,,,,,,,,,,,macos,windows,,,,,,,,,,,,,,,,,,,,,,,,,,,,,,,,,,,,macos,windows,,,,,,,,,,,,,,macos,windows,,,,,,,,,,,,,,,,,,,,
6a2f8fab0de103506950de26,19387,macos,windows,,,,,,,,,,,,,,windows,,windows,x86,,,,,,,,,,,,,,,,,,,,,,,,,,,,macos,windows,,,,,,,,,,,,,,,,,,,,,,,,,,,,,,,,,,,,macos,windows,,,,,,,,,,,,,,macos,windows,,,,,,,,,,,,,,,,,,,,
6a2f8fab0de103506950de27,37643,java,jsp,,,,,,,,,,,,,,php,,java,,,,,,,,,,,,,,,,,,,,,,,,,,,,,jsp,,,,,,,,,,,,,,,,,,,,,,,,,,,,,,,,,,,,,java,jsp,,,,,,,,,,,,,,java,,,,,,,,,,,,,,,,,,,,,
6a2f8fab0de103506950de28,18572,android,linux,macos,solaris,windows,,,,,,,,,,,windows,,windows,,,,,,,,,,,,,,,,,,,,,,,,,,,,,android,linux,macos,solaris,windows,,,,,,,,,,,,,,,,,,,,,,,,,,,,,,,,,android,linux,macos,solaris,windows,,,,,,,,,,,android,linux,macos,solaris,windows,,,,,,,,,,,,,,,,,
6a2f8fab0de103506950de29,19369,android,linux,macos,windows,,,,,,,,,,,,windows,,windows,,,,,,,,,,,,,,,,,,,,,,,,,,,,,android,linux,macos,windows,,,,,,,,,,,,,,,,,,,,,,,,,,,,,,,,,,android,linux,macos,windows,,,,,,,,,,,,android,linux,macos,windows,,,,,,,,,,,,,,,,,,
6a2f8fab0de103506950de2a,18855,linux,,,,,,,,,,,,,,,linux,,,,,,,,,,,,,,,,,,,,,,,,,,,,,,,,,,,,,,,,,,,,,,,,,,,,,,,,,,,,,,,,,,,,linux,,,,,,,,,,,,,,,linux,,,,,,,,,,,,,,,,,,,,,
6a2f8fab0de103506950de2b,18471,xml,,,,,,,,,,,,,,,windows,,windows,,,,,,,,,,,,,,,,,,,,,,,,,,,,,xml,,,,,,,,,,,,,,,,,,,,,,,,,,,,,,,,,,,,,c++,xml,,,,,,,,,,,,,,xml,,,,,,,,,,,,,,,,,,,,,
6a2f8fab0de103506950de2c,20624,linux,macos,windows,,,,,,,,,,,,,windows,,windows,,,,,,,,,,,,,,,,,,,,,,,,,,,,,linux,macos,windows,,,,,,,,,,,,,,,,,,,,,,,,,,,,,,,,,,,linux,macos,windows,,,,,,,,,,,,,linux,macos,windows,,,,,,,,,,,,,,,,,,,
6a2f8fab0de103506950de2d,36886,python,,,,,,,,,,,,,,,php,,python,,,,,,,,,,,,,,,,,,,,,,,,,,,,,,,,,,,,,,,,,,,,,,,,,,,,,,,,,,,,,,,,,,,,,,,,,,,,,,,,,python,,,,,,,,,,,,,,,,,,,,,
6a2f8fab0de103506950de2e,36883,cgi,perl,,,,,,,,,,,,,,php,,cgi,,,,,,,,,,,,,,,,,,,,,,,,,,,,,cgi,perl,,,,,,,,,,,,,,,,,,,,,,,,,,,,,,,,,,,,,,,,,,,,,,,,,,,perl,,,,,,,,,,,,,,,,,,,,,
6a2f8fab0de103506950de2f,19186,windows,xml,,,,,,,,,,,,,,windows,,windows,,,,,,,,,,,,,,,,,,,,,,,,,,,,,windows,xml,,,,,,,,,,,,,,,,,,,,,,,,,,,,,,,,,,,,windows,xml,,,,,,,,,,,,,,windows,xml,,,,,,,,,,,,,,,,,,,,
6a2f8fab0de103506950de30,36947,,,,,,,,,,,,,,,,php,,,,,,,,,,,,,,,,,,,,,,,,,,,,,,,,,,,,,,,,,,,,,,,,,,,,,,,,,,,,,,,,,,,,,,,,,,,,,,,,,,,php,,,,,,,,,,,,,,,,,,,,,
6a2f8fab0de103506950de31,36948,,,,,,,,,,,,,,,,php,,,,,,,,,,,,,,,,,,,,,,,,,,,,,,,,,,,,,,,,,,,,,,,,,,,,,,,,,,,,,,,,,,,,,,,,,,,,,,,,,,,php,,,,,,,,,,,,,,,,,,,,,
6a2f8fab0de103506950de32,18888,java,,,,,,,,,,,,,,,jsp,,java,,,,,,,,,,,,,,,,,,,,,,,,,,,,,java,,,,,,,,,,,,,,,,,,,,,,,,,,,,,,,,,,,,,java,,,,,,,,,,,,,,,java,jsp,,,,,,,,,,,,,,,,,,,,
6a2f8fab0de103506950de33,18920,sparc,,,,,,,,,,,,,,,multiple,,,,,,,,,,,,,,,,,,,,,,,,,,,,,,,sparc,,,,,,,,,,,,,,,,,,,,,,,,,,,,,,,,,,,,,sparc,unix,windows,,,,,,,,,,,,,sparc,,,,,,,,,,,,,,,,,,,,,
6a2f8fab0de103506950de34,20705,windows,,,,,,,,,,,,,,,multiple,,windows,x86,x86-64,,,,,,,,,,,,,,,,,,,,,,,,,,,windows,,,,,,,,,,,,,,,,,,,,,,,,,,,,,,,,,,,,,windows,,,,,,,,,,,,,,,windows,,,,,,,,,,,,,,,,,,,,,
6a2f8fab0de103506950de35,20360,php,,,,,,,,,,,,,,,php,,linux,php,,,,,,,,,,,,,,,,,,,,,,,,,,,,,,,,,,,,,,,,,,,,,,,,,,,,,,,,,,,,,,,,,php,,,,,,,,,,,,,,,php,,,,,,,,,,,,,,,,,,,,,
6a2f8fab0de103506950de36,20357,,,,,,,,,,,,,,,,windows,,python,windows,x86,,,,,,,,,,,,,,,,,,,,,,,,,,,,,,,,,,,,,,,,,,,,,,,,,,,,,,,,,,,,,,,,,,,,,,,,,,,,,,,xml,,,,,,,,,,,,,,,,,,,,,
6a2f8fab0de103506950de37,22739,arm,,,,,,,,,,,,,,,hardware,,ios,,,,,,,,,,,,,,,,,,,,,,,,,,,,,arm,,,,,,,,,,,,,,,,,,,,,,,,,,,,,,,,,,,,,arm,,,,,,,,,,,,,,,arm,,,,,,,,,,,,,,,,,,,,,
6a2f8fab0de103506950de38,37548,php,windows,,,,,,,,,,,,,,php,,php,,,,,,,,,,,,,,,,,,,,,,,,,,,,,windows,,,,,,,,,,,,,,,,,,,,,,,,,,,,,,,,,,,,,php,windows,,,,,,,,,,,,,,windows,,,,,,,,,,,,,,,,,,,,,
6a2f8fab0de103506950de39,37218,java,xml,,,,,,,,,,,,,,jsp,,java,,,,,,,,,,,,,,,,,,,,,,,,,,,,,java,xml,,,,,,,,,,,,,,,,,,,,,,,,,,,,,,,,,,,,xml,,,,,,,,,,,,,,,java,xml,,,,,,,,,,,,,,,,,,,,
6a2f8fab0de103506950de3a,18893,,,,,,,,,,,,,,,,hardware,,python,,,,,,,,,,,,,,,,,,,,,,,,,,,,,,,,,,,,,,,,,,,,,,,,,,,,,,,,,,,,,,,,,,,,,,,,,,,,,,,,,hp-ux,linux,,,,,,,,,,,,,,,,,,,,
6a2f8fab0de103506950de3b,18901,linux,,,,,,,,,,,,,,,hardware,,linux,,,,,,,,,,,,,,,,,,,,,,,,,,,,,,,,,,,,,,,,,,,,,,,,,,,,,,,,,,,,,,,,,,,,,,,,,,,,,,,,,hp-ux,linux,,,,,,,,,,,,,,,,,,,,
6a2f8fab0de103506950de3c,31737,java,jsp,,,,,,,,,,,,,,windows,,linux,windows,,,,,,,,,,,,,,,,,,,,,,,,,,,,java,jsp,,,,,,,,,,,,,,,,,,,,,,,,,,,,,,,,,,,,java,,,,,,,,,,,,,,,java,jsp,,,,,,,,,,,,,,,,,,,,
6a2f8fab0de103506950de3d,19408,php,xml,,,,,,,,,,,,,,php,,php,,,,,,,,,,,,,,,,,,,,,,,,,,,,,php,xml,,,,,,,,,,,,,,,,,,,,,,,,,,,,,,,,,,,,php,xml,,,,,,,,,,,,,,php,xml,,,,,,,,,,,,,,,,,,,,
6a2f8fab0de103506950de3e,21323,linux,solaris,,,,,,,,,,,,,,linux,,linux,solaris,,,,,,,,,,,,,,,,,,,,,,,,,,,,aix,bsd,hp-ux,linux,solaris,unixware,,,,,,,,,,,,,,,,,,,,,,,,,,,,,,,,,,,,,,,,,,,,,,,linux,,,,,,,,,,,,,,,,,,,,,
6a2f8fab0de103506950de3f,22905,macos,windows,,,,,,,,,,,,,,windows,,windows,,,,,,,,,,,,,,,,,,,,,,,,,,,,,macos,windows,,,,,,,,,,,,,,,,,,,,,,,,,,,,,,,,,,,,macos,windows,,,,,,,,,,,,,,macos,windows,,,,,,,,,,,,,,,,,,,,
6a2f8fab0de103506950de40,22973,macos,windows,,,,,,,,,,,,,,windows,,windows,,,,,,,,,,,,,,,,,,,,,,,,,,,,,macos,windows,,,,,,,,,,,,,,,,,,,,,,,,,,,,,,,,,,,,macos,windows,,,,,,,,,,,,,,macos,windows,,,,,,,,,,,,,,,,,,,,
6a2f8fab0de103506950de41,20677,xml,,,,,,,,,,,,,,,windows,,windows,,,,,,,,,,,,,,,,,,,,,,,,,,,,,xml,,,,,,,,,,,,,,,,,,,,,,,,,,,,,,,,,,,,,xml,,,,,,,,,,,,,,,xml,,,,,,,,,,,,,,,,,,,,,
6a2f8fab0de103506950de42,20959,,,,,,,,,,,,,,,,windows,,python,windows,,,,,,,,,,,,,,,,,,,,,,,,,,,,,,,,,,,,,,,,,,,,,,,,,,,,,,,,,,,,,,,,,,,,,,,,,,,,,,,,perl,,,,,,,,,,,,,,,,,,,,,
6a2f8fab0de103506950de43,22070,,,,,,,,,,,,,,,,windows,,python,windows,x86,,,,,,,,,,,,,,,,,,,,,,,,,,,,,,,,,,,,,,,,,,,,,,,,,,,,,,,,,,,,,,,,,,,,,,,,,,,,,,,perl,,,,,,,,,,,,,,,,,,,,,
6a2f8fab0de103506950de44,18637,windows,xml,,,,,,,,,,,,,,windows,,windows,x86,x86-64,,,,,,,,,,,,,,,,,,,,,,,,,,,windows,xml,,,,,,,,,,,,,,,,,,,,,,,,,,,,,,,,,,,,windows,xml,,,,,,,,,,,,,,windows,xml,,,,,,,,,,,,,,,,,,,,
6a2f8fab0de103506950de45,22787,novell,,,,,,,,,,,,,,,windows,,windows,,,,,,,,,,,,,,,,,,,,,,,,,,,,,novell,,,,,,,,,,,,,,,,,,,,,,,,,,,,,,,,,,,,,novell,,,,,,,,,,,,,,,novell,,,,,,,,,,,,,,,,,,,,,
6a2f8fab0de103506950de46,18553,php,,,,,,,,,,,,,,,multiple,,arm,linux,php,,,,,,,,,,,,,,,,,,,,,,,,,,,php,,,,,,,,,,,,,,,,,,,,,,,,,,,,,,,,,,,,,php,,,,,,,,,,,,,,,php,,,,,,,,,,,,,,,,,,,,,
6a2f8fab0de103506950de47,22657,java,,,,,,,,,,,,,,,multiple,,java,windows,,,,,,,,,,,,,,,,,,,,,,,,,,,,java,,,,,,,,,,,,,,,,,,,,,,,,,,,,,,,,,,,,,java,,,,,,,,,,,,,,,java,,,,,,,,,,,,,,,,,,,,,
6a2f8fab0de103506950de48,24308,java,,,,,,,,,,,,,,,multiple,,java,linux,macos,windows,,,,,,,,,,,,,,,,,,,,,,,,,,java,,,,,,,,,,,,,,,,,,,,,,,,,,,,,,,,,,,,,java,,,,,,,,,,,,,,,java,,,,,,,,,,,,,,,,,,,,,
6a2f8fab0de103506950de49,28130,python,windows,ruby,php,,,,,,,,,,,,windows,,windows,x86,x86-64,,,,,,,,,,,,,,,,,,,,,,,,,,,python,windows,ruby,php,,,,,,,,,,,,,,,,,,,,,,,,,,,,,,,,,,python,windows,ruby,php,,,,,,,,,,,,python,windows,ruby,php,,,,,,,,,,,,,,,,,,
6a2f8fab0de103506950de4a,41870,linux,,,,,,,,,,,,,,,multiple,,linux,x86-64,,,,,,,,,,,,,,,,,,,,,,,,,,,,linux,,,,,,,,,,,,,,,,,,,,,,,,,,,,,,,,,,,,,bsd,linux,solaris,windows,,,,,,,,,,,,linux,,,,,,,,,,,,,,,,,,,,,
6a2f8fab0de103506950de4b,23078,xml,,,,,,,,,,,,,,,linux,,linux,perl,,,,,,,,,,,,,,,,,,,,,,,,,,,,xml,,,,,,,,,,,,,,,,,,,,,,,,,,,,,,,,,,,,,xml,,,,,,,,,,,,,,,xml,,,,,,,,,,,,,,,,,,,,,
6a2f8fab0de103506950de4c,22903,perl,windows,,,,,,,,,,,,,,windows,,windows,,,,,,,,,,,,,,,,,,,,,,,,,,,,,perl,windows,,,,,,,,,,,,,,,,,,,,,,,,,,,,,,,,,,,,linux,perl,unix,windows,,,,,,,,,,,,perl,windows,,,,,,,,,,,,,,,,,,,,
6a2f8fab0de103506950de4d,23156,linux,unix,unixware,,,,,,,,,,,,,unix,,unix,,,,,,,,,,,,,,,,,,,,,,,,,,,,,linux,unixware,,,,,,,,,,,,,,,,,,,,,,,,,,,,,,,,,,,,linux,unix,,,,,,,,,,,,,,linux,unixware,,,,,,,,,,,,,,,,,,,,
6a2f8fab0de103506950de4e,24084,cgi,,,,,,,,,,,,,,,multiple,,linux,x86,,,,,,,,,,,,,,,,,,,,,,,,,,,,cgi,,,,,,,,,,,,,,,,,,,,,,,,,,,,,,,,,,,,,cgi,,,,,,,,,,,,,,,cgi,,,,,,,,,,,,,,,,,,,,,
6a2f8fab0de103506950de4f,24159,cgi,,,,,,,,,,,,,,,linux,,linux,x86,,,,,,,,,,,,,,,,,,,,,,,,,,,,cgi,,,,,,,,,,,,,,,,,,,,,,,,,,,,,,,,,,,,,cgi,,,,,,,,,,,,,,,cgi,,,,,,,,,,,,,,,,,,,,,
6a2f8fab0de103506950de50,21744,novell,,,,,,,,,,,,,,,windows,,java,,,,,,,,,,,,,,,,,,,,,,,,,,,,,novell,,,,,,,,,,,,,,,,,,,,,,,,,,,,,,,,,,,,,novell,,,,,,,,,,,,,,,novell,,,,,,,,,,,,,,,,,,,,,
6a2f8fab0de103506950de51,41675,android,java,,,,,,,,,,,,,,android,,android,,,,,,,,,,,,,,,,,,,,,,,,,,,,,android,java,,,,,,,,,,,,,,,,,,,,,,,,,,,,,,,,,,,,android,java,linux,,,,,,,,,,,,,android,java,,,,,,,,,,,,,,,,,,,,
6a2f8fab0de103506950de52,24321,perl,,,,,,,,,,,,,,,multiple,,linux,windows,,,,,,,,,,,,,,,,,,,,,,,,,,,,perl,,,,,,,,,,,,,,,,,,,,,,,,,,,,,,,,,,,,,cgi,perl,,,,,,,,,,,,,,perl,,,,,,,,,,,,,,,,,,,,,
6a2f8fab0de103506950de53,24539,java,,,,,,,,,,,,,,,multiple,,java,linux,macos,windows,,,,,,,,,,,,,,,,,,,,,,,,,,java,,,,,,,,,,,,,,,,,,,,,,,,,,,,,,,,,,,,,java,,,,,,,,,,,,,,,java,,,,,,,,,,,,,,,,,,,,,
6a2f8fab0de103506950de54,27706,php,,,,,,,,,,,,,,,hardware,,linux,,,,,,,,,,,,,,,,,,,,,,,,,,,,,,,,,,,,,,,,,,,,,,,,,,,,,,,,,,,,,,,,,,php,,,,,,,,,,,,,,,php,,,,,,,,,,,,,,,,,,,,,
6a2f8fab0de103506950de55,24946,cfm,,,,,,,,,,,,,,,multiple,,linux,windows,,,,,,,,,,,,,,,,,,,,,,,,,,,,cfm,,,,,,,,,,,,,,,,,,,,,,,,,,,,,,,,,,,,,cfm,,,,,,,,,,,,,,,cfm,,,,,,,,,,,,,,,,,,,,,
6a2f8fab0de103506950de56,30210,cfm,,,,,,,,,,,,,,,multiple,,linux,windows,,,,,,,,,,,,,,,,,,,,,,,,,,,,cfm,,,,,,,,,,,,,,,,,,,,,,,,,,,,,,,,,,,,,cfm,,,,,,,,,,,,,,,cfm,,,,,,,,,,,,,,,,,,,,,
6a2f8fab0de103506950de57,32959,android,linux,macos,windows,,,,,,,,,,,,windows,,windows,,,,,,,,,,,,,,,,,,,,,,,,,,,,,android,linux,macos,windows,,,,,,,,,,,,,,,,,,,,,,,,,,,,,,,,,,android,linux,macos,windows,,,,,,,,,,,,android,linux,macos,windows,,,,,,,,,,,,,,,,,,
6a2f8fab0de103506950de58,38250,novell,,,,,,,,,,,,,,,multiple,,windows,,,,,,,,,,,,,,,,,,,,,,,,,,,,,novell,,,,,,,,,,,,,,,,,,,,,,,,,,,,,,,,,,,,,novell,,,,,,,,,,,,,,,novell,,,,,,,,,,,,,,,,,,,,,
6a2f8fab0de103506950de59,42719,alpha,,,,,,,,,,,,,,,windows,,windows,,,,,,,,,,,,,,,,,,,,,,,,,,,,,alpha,,,,,,,,,,,,,,,,,,,,,,,,,,,,,,,,,,,,,alpha,,,,,,,,,,,,,,,alpha,,,,,,,,,,,,,,,,,,,,,
6a2f8fab0de103506950de5a,27012,macos,windows,,,,,,,,,,,,,,windows,,windows,,,,,,,,,,,,,,,,,,,,,,,,,,,,,macos,windows,,,,,,,,,,,,,,,,,,,,,,,,,,,,,,,,,,,,macos,windows,,,,,,,,,,,,,,macos,windows,,,,,,,,,,,,,,,,,,,,
6a2f8fab0de103506950de5b,24938,jsp,novell,,,,,,,,,,,,,,multiple,,linux,windows,,,,,,,,,,,,,,,,,,,,,,,,,,,,jsp,novell,,,,,,,,,,,,,,,,,,,,,,,,,,,,,,,,,,,,jsp,novell,,,,,,,,,,,,,,jsp,novell,,,,,,,,,,,,,,,,,,,,
6a2f8fab0de103506950de5c,26012,novell,php,,,,,,,,,,,,,,windows,,php,windows,,,,,,,,,,,,,,,,,,,,,,,,,,,,novell,php,,,,,,,,,,,,,,,,,,,,,,,,,,,,,,,,,,,,novell,php,,,,,,,,,,,,,,novell,php,,,,,,,,,,,,,,,,,,,,
6a2f8fab0de103506950de5d,40164,windows,,,,,,,,,,,,,,,multiple,,windows,x86-64,,,,,,,,,,,,,,,,,,,,,,,,,,,,linux,windows,,,,,,,,,,,,,,,,,,,,,,,,,,,,,,,,,,,,windows,,,,,,,,,,,,,,,windows,,,,,,,,,,,,,,,,,,,,,
6a2f8fab0de103506950de5e,26135,java,,,,,,,,,,,,,,,multiple,,java,linux,macos,windows,,,,,,,,,,,,,,,,,,,,,,,,,,java,,,,,,,,,,,,,,,,,,,,,,,,,,,,,,,,,,,,,java,,,,,,,,,,,,,,,java,,,,,,,,,,,,,,,,,,,,,
6a2f8fab0de103506950de5f,24964,java,,,,,,,,,,,,,,,windows,,java,,,,,,,,,,,,,,,,,,,,,,,,,,,,,,,,,,,,,,,,,,,,,,,,,,,,,,,,,,,,,,,,,,java,,,,,,,,,,,,,,,java,,,,,,,,,,,,,,,,,,,,,
6a2f8fab0de103506950de60,24791,json,linux,,,,,,,,,,,,,,java,,java,,,,,,,,,,,,,,,,,,,,,,,,,,,,,json,linux,,,,,,,,,,,,,,,,,,,,,,,,,,,,,,,,,,,,json,linux,,,,,,,,,,,,,,javascript,json,linux,,,,,,,,,,,,,,,,,,,
6a2f8fab0de103506950de61,38806,perl,,,,,,,,,,,,,,,cgi,,perl,,,,,,,,,,,,,,,,,,,,,,,,,,,,,cgi,perl,,,,,,,,,,,,,,,,,,,,,,,,,,,,,,,,,,,,perl,,,,,,,,,,,,,,,perl,,,,,,,,,,,,,,,,,,,,,
6a2f8fab0de103506950de62,38807,perl,,,,,,,,,,,,,,,cgi,,perl,,,,,,,,,,,,,,,,,,,,,,,,,,,,,cgi,perl,,,,,,,,,,,,,,,,,,,,,,,,,,,,,,,,,,,,perl,,,,,,,,,,,,,,,perl,,,,,,,,,,,,,,,,,,,,,
6a2f8fab0de103506950de63,23248,linux,,,,,,,,,,,,,,,android,,android,,,,,,,,,,,,,,,,,,,,,,,,,,,,,linux,,,,,,,,,,,,,,,,,,,,,,,,,,,,,,,,,,,,,linux,,,,,,,,,,,,,,,linux,,,,,,,,,,,,,,,,,,,,,
6a2f8fab0de103506950de64,25980,java,,,,,,,,,,,,,,,multiple,,java,linux,windows,,,,,,,,,,,,,,,,,,,,,,,,,,,java,,,,,,,,,,,,,,,,,,,,,,,,,,,,,,,,,,,,,java,,,,,,,,,,,,,,,java,,,,,,,,,,,,,,,,,,,,,
6a2f8fab0de103506950de65,26710,java,xml,,,,,,,,,,,,,,multiple,,java,,,,,,,,,,,,,,,,,,,,,,,,,,,,,java,xml,,,,,,,,,,,,,,,,,,,,,,,,,,,,,,,,,,,,java,xml,,,,,,,,,,,,,,java,xml,,,,,,,,,,,,,,,,,,,,
6a2f8fab0de103506950de66,27135,java,,,,,,,,,,,,,,,multiple,,java,linux,windows,,,,,,,,,,,,,,,,,,,,,,,,,,,java,,,,,,,,,,,,,,,,,,,,,,,,,,,,,,,,,,,,,java,,,,,,,,,,,,,,,java,,,,,,,,,,,,,,,,,,,,,
6a2f8fab0de103506950de67,24976,java,,,,,,,,,,,,,,,multiple,,java,linux,macos,windows,,,,,,,,,,,,,,,,,,,,,,,,,,java,,,,,,,,,,,,,,,,,,,,,,,,,,,,,,,,,,,,,java,,,,,,,,,,,,,,,java,,,,,,,,,,,,,,,,,,,,,
6a2f8fab0de103506950de68,26529,java,,,,,,,,,,,,,,,multiple,,java,linux,macos,windows,,,,,,,,,,,,,,,,,,,,,,,,,,java,,,,,,,,,,,,,,,,,,,,,,,,,,,,,,,,,,,,,java,,,,,,,,,,,,,,,java,,,,,,,,,,,,,,,,,,,,,
6a2f8fab0de103506950de69,27705,java,,,,,,,,,,,,,,,multiple,,java,linux,windows,,,,,,,,,,,,,,,,,,,,,,,,,,,java,,,,,,,,,,,,,,,,,,,,,,,,,,,,,,,,,,,,,java,,,,,,,,,,,,,,,java,,,,,,,,,,,,,,,,,,,,,
6a2f8fab0de103506950de6a,27289,cgi,,,,,,,,,,,,,,,hardware,,python,,,,,,,,,,,,,,,,,,,,,,,,,,,,,cgi,linux,,,,,,,,,,,,,,,,,,,,,,,,,,,,,,,,,,,,cgi,,,,,,,,,,,,,,,cgi,,,,,,,,,,,,,,,,,,,,,
6a2f8fab0de103506950de6b,24202,cgi,linux,,,,,,,,,,,,,,hardware,,linux,,,,,,,,,,,,,,,,,,,,,,,,,,,,,cgi,linux,,,,,,,,,,,,,,,,,,,,,,,,,,,,,,,,,,,,,,,,,,,,,,,,,,,cgi,,,,,,,,,,,,,,,,,,,,,
6a2f8fab0de103506950de6c,25292,cgi,linux,,,,,,,,,,,,,,hardware,,cgi,linux,,,,,,,,,,,,,,,,,,,,,,,,,,,,cgi,linux,,,,,,,,,,,,,,,,,,,,,,,,,,,,,,,,,,,,,,,,,,,,,,,,,,,cgi,,,,,,,,,,,,,,,,,,,,,
6a2f8fab0de103506950de6d,25001,cgi,perl,,,,,,,,,,,,,,linux,,linux,perl,,,,,,,,,,,,,,,,,,,,,,,,,,,,cgi,perl,,,,,,,,,,,,,,,,,,,,,,,,,,,,,,,,,,,,cgi,,,,,,,,,,,,,,,cgi,,,,,,,,,,,,,,,,,,,,,
6a2f8fab0de103506950de6e,26420,php,windows,,,,,,,,,,,,,,windows,,windows,,,,,,,,,,,,,,,,,,,,,,,,,,,,,php,,,,,,,,,,,,,,,,,,,,,,,,,,,,,,,,,,,,,hp-ux,linux,php,windows,,,,,,,,,,,,php,,,,,,,,,,,,,,,,,,,,,
6a2f8fab0de103506950de6f,29666,,,,,,,,,,,,,,,,hardware,,unix,,,,,,,,,,,,,,,,,,,,,,,,,,,,,,,,,,,,,,,,,,,,,,,,,,,,,,,,,,,,,,,,,,cgi,,,,,,,,,,,,,,,x86,x86-64,,,,,,,,,,,,,,,,,,,,
6a2f8fab0de103506950de70,29324,php,,,,,,,,,,,,,,,linux,,linux,php,,,,,,,,,,,,,,,,,,,,,,,,,,,,,,,,,,,,,,,,,,,,,,,,,,,,,,,,,,,,,,,,,php,,,,,,,,,,,,,,,php,,,,,,,,,,,,,,,,,,,,,
6a2f8fab0de103506950de71,29323,linux,php,,,,,,,,,,,,,,linux,,linux,,,,,,,,,,,,,,,,,,,,,,,,,,,,,php,,,,,,,,,,,,,,,,,,,,,,,,,,,,,,,,,,,,,linux,php,,,,,,,,,,,,,,linux,php,,,,,,,,,,,,,,,,,,,,
6a2f8fab0de103506950de72,26174,cgi,,,,,,,,,,,,,,,hardware,,cgi,,,,,,,,,,,,,,,,,,,,,,,,,,,,,,,,,,,,,,,,,,,,,,,,,,,,,,,,,,,,,,,,,,cgi,,,,,,,,,,,,,,,cgi,,,,,,,,,,,,,,,,,,,,,
6a2f8fab0de103506950de73,25977,java,,,,,,,,,,,,,,,jsp,,java,linux,x86-64,,,,,,,,,,,,,,,,,,,,,,,,,,,java,,,,,,,,,,,,,,,,,,,,,,,,,,,,,,,,,,,,,java,,,,,,,,,,,,,,,java,jsp,,,,,,,,,,,,,,,,,,,,
6a2f8fab0de103506950de74,25976,java,jsp,,,,,,,,,,,,,,hardware,,java,linux,x86-64,,,,,,,,,,,,,,,,,,,,,,,,,,,jsp,,,,,,,,,,,,,,,,,,,,,,,,,,,,,,,,,,,,,java,jsp,,,,,,,,,,,,,,jsp,,,,,,,,,,,,,,,,,,,,,
6a2f8fab0de103506950de75,28655,javascript,,,,,,,,,,,,,,,multiple,,nodejs,,,,,,,,,,,,,,,,,,,,,,,,,,,,,javascript,,,,,,,,,,,,,,,,,,,,,,,,,,,,,,,,,,,,,javascript,,,,,,,,,,,,,,,javascript,,,,,,,,,,,,,,,,,,,,,
6a2f8fab0de103506950de76,28336,jsp,windows,,,,,,,,,,,,,,windows,,java,windows,,,,,,,,,,,,,,,,,,,,,,,,,,,,jsp,,,,,,,,,,,,,,,,,,,,,,,,,,,,,,,,,,,,,jsp,windows,,,,,,,,,,,,,,jsp,,,,,,,,,,,,,,,,,,,,,
6a2f8fab0de103506950de77,28337,jsp,windows,,,,,,,,,,,,,,windows,,java,windows,,,,,,,,,,,,,,,,,,,,,,,,,,,,jsp,,,,,,,,,,,,,,,,,,,,,,,,,,,,,,,,,,,,,jsp,windows,,,,,,,,,,,,,,jsp,,,,,,,,,,,,,,,,,,,,,
6a2f8fab0de103506950de78,27286,cgi,linux,,,,,,,,,,,,,,hardware,,cgi,linux,lua,,,,,,,,,,,,,,,,,,,,,,,,,,,cgi,linux,,,,,,,,,,,,,,,,,,,,,,,,,,,,,,,,,,,,,,,,,,,,,,,,,,,linux,,,,,,,,,,,,,,,,,,,,,
6a2f8fab0de103506950de79,25986,php,unix,,,,,,,,,,,,,,php,,linux,php,x86,x86-64,,,,,,,,,,,,,,,,,,,,,,,,,,unix,,,,,,,,,,,,,,,,,,,,,,,,,,,,,,,,,,,,,php,unix,,,,,,,,,,,,,,php,unix,,,,,,,,,,,,,,,,,,,,
6a2f8fab0de103506950de7a,28334,php,,,,,,,,,,,,,,,linux,,unix,,,,,,,,,,,,,,,,,,,,,,,,,,,,,php,,,,,,,,,,,,,,,,,,,,,,,,,,,,,,,,,,,,,perl,,,,,,,,,,,,,,,linux,php,,,,,,,,,,,,,,,,,,,,
6a2f8fab0de103506950de7b,31853,xml,,,,,,,,,,,,,,,windows,,windows,,,,,,,,,,,,,,,,,,,,,,,,,,,,,xml,,,,,,,,,,,,,,,,,,,,,,,,,,,,,,,,,,,,,xml,,,,,,,,,,,,,,,xml,,,,,,,,,,,,,,,,,,,,,
6a2f8fab0de103506950de7c,31917,xml,,,,,,,,,,,,,,,windows,,windows,,,,,,,,,,,,,,,,,,,,,,,,,,,,,xml,,,,,,,,,,,,,,,,,,,,,,,,,,,,,,,,,,,,,xml,,,,,,,,,,,,,,,xml,,,,,,,,,,,,,,,,,,,,,
6a2f8fab0de103506950de7d,27752,python,,,,,,,,,,,,,,,unix,,ruby,unix,,,,,,,,,,,,,,,,,,,,,,,,,,,,python,,,,,,,,,,,,,,,,,,,,,,,,,,,,,,,,,,,,,python,,,,,,,,,,,,,,,python,,,,,,,,,,,,,,,,,,,,,
6a2f8fab0de103506950de7e,24086,python,,,,,,,,,,,,,,,php,,php,windows,,,,,,,,,,,,,,,,,,,,,,,,,,,,python,,,,,,,,,,,,,,,,,,,,,,,,,,,,,,,,,,,,,python,,,,,,,,,,,,,,,python,,,,,,,,,,,,,,,,,,,,,
6a2f8fab0de103506950de7f,33095,linux,macos,windows,,,,,,,,,,,,,windows,,windows,,,,,,,,,,,,,,,,,,,,,,,,,,,,,linux,macos,windows,,,,,,,,,,,,,,,,,,,,,,,,,,,,,,,,,,,linux,macos,windows,,,,,,,,,,,,,linux,macos,windows,,,,,,,,,,,,,,,,,,,
6a2f8fab0de103506950de80,35112,unix,,,,,,,,,,,,,,,linux,,linux,,,,,,,,,,,,,,,,,,,,,,,,,,,,,unix,,,,,,,,,,,,,,,,,,,,,,,,,,,,,,,,,,,,,unix,,,,,,,,,,,,,,,unix,,,,,,,,,,,,,,,,,,,,,
6a2f8fab0de103506950de81,30409,java,,,,,,,,,,,,,,,php,,java,,,,,,,,,,,,,,,,,,,,,,,,,,,,,,,,,,,,,,,,,,,,,,,,,,,,,,,,,,,,,,,,,,java,,,,,,,,,,,,,,,java,,,,,,,,,,,,,,,,,,,,,
6a2f8fab0de103506950de82,33742,cgi,,,,,,,,,,,,,,,hardware,,linux,,,,,,,,,,,,,,,,,,,,,,,,,,,,,cgi,,,,,,,,,,,,,,,,,,,,,,,,,,,,,,,,,,,,,cgi,,,,,,,,,,,,,,,cgi,,,,,,,,,,,,,,,,,,,,,
6a2f8fab0de103506950de83,32039,java,,,,,,,,,,,,,,,php,,php,,,,,,,,,,,,,,,,,,,,,,,,,,,,,java,,,,,,,,,,,,,,,,,,,,,,,,,,,,,,,,,,,,,java,,,,,,,,,,,,,,,,,,,,,,,,,,,,,,,,,,,,
6a2f8fab0de103506950de84,32040,java,,,,,,,,,,,,,,,php,,,,,,,,,,,,,,,,,,,,,,,,,,,,,,,java,,,,,,,,,,,,,,,,,,,,,,,,,,,,,,,,,,,,,java,,,,,,,,,,,,,,,java,,,,,,,,,,,,,,,,,,,,,
6a2f8fab0de103506950de85,40975,android,arm,linux,,,,,,,,,,,,,android,,android,linux,,,,,,,,,,,,,,,,,,,,,,,,,,,,android,arm,linux,,,,,,,,,,,,,,,,,,,,,,,,,,,,,,,,,,,arm,linux,,,,,,,,,,,,,,android,arm,linux,,,,,,,,,,,,,,,,,,,
6a2f8fab0de103506950de86,28962,java,,,,,,,,,,,,,,,multiple,,java,linux,windows,,,,,,,,,,,,,,,,,,,,,,,,,,,java,,,,,,,,,,,,,,,,,,,,,,,,,,,,,,,,,,,,,java,,,,,,,,,,,,,,,java,,,,,,,,,,,,,,,,,,,,,
6a2f8fab0de103506950de87,38909,python,,,,,,,,,,,,,,,linux,,python,,,,,,,,,,,,,,,,,,,,,,,,,,,,,,,,,,,,,,,,,,,,,,,,,,,,,,,,,,,,,,,,,,linux,python,,,,,,,,,,,,,,python,,,,,,,,,,,,,,,,,,,,,
6a2f8fab0de103506950de88,38862,java,jsp,,,,,,,,,,,,,,php,,java,,,,,,,,,,,,,,,,,,,,,,,,,,,,,java,jsp,,,,,,,,,,,,,,,,,,,,,,,,,,,,,,,,,,,,java,jsp,,,,,,,,,,,,,,jsp,,,,,,,,,,,,,,,,,,,,,
6a2f8fab0de103506950de89,30475,linux,,,,,,,,,,,,,,,cgi,,cgi,linux,,,,,,,,,,,,,,,,,,,,,,,,,,,,,,,,,,,,,,,,,,,,,,,,,,,,,,,,,,,,,,,,,linux,,,,,,,,,,,,,,,linux,,,,,,,,,,,,,,,,,,,,,
6a2f8fab0de103506950de8a,31180,cgi,,,,,,,,,,,,,,,hardware,,,,,,,,,,,,,,,,,,,,,,,,,,,,,,,cgi,,,,,,,,,,,,,,,,,,,,,,,,,,,,,,,,,,,,,cgi,,,,,,,,,,,,,,,cgi,,,,,,,,,,,,,,,,,,,,,
6a2f8fab0de103506950de8b,30468,macos,windows,xml,,,,,,,,,,,,,windows,,windows,,,,,,,,,,,,,,,,,,,,,,,,,,,,,macos,windows,xml,,,,,,,,,,,,,,,,,,,,,,,,,,,,,,,,,,,macos,windows,,,,,,,,,,,,,,macos,windows,xml,,,,,,,,,,,,,,,,,,,
6a2f8fab0de103506950de8c,39193,java,json,xml,,,,,,,,,,,,,java,,java,,,,,,,,,,,,,,,,,,,,,,,,,,,,,java,json,xml,,,,,,,,,,,,,,,,,,,,,,,,,,,,,,,,,,,java,json,xml,,,,,,,,,,,,,java,json,xml,,,,,,,,,,,,,,,,,,,
6a2f8fab0de103506950de8d,30105,php,,,,,,,,,,,,,,,php,,linux,php,,,,,,,,,,,,,,,,,,,,,,,,,,,,,,,,,,,,,,,,,,,,,,,,,,,,,,,,,,,,,,,,,php,,,,,,,,,,,,,,,php,,,,,,,,,,,,,,,,,,,,,
6a2f8fab0de103506950de8e,45341,java,xml,,,,,,,,,,,,,,linux,,java,linux,,,,,,,,,,,,,,,,,,,,,,,,,,,,xml,,,,,,,,,,,,,,,,,,,,,,,,,,,,,,,,,,,,,java,xml,,,,,,,,,,,,,,xml,,,,,,,,,,,,,,,,,,,,,
6a2f8fab0de103506950de8f,31305,linux,x86-64,,,,,,,,,,,,,,linux,,linux,,,,,,,,,,,,,,,,,,,,,,,,,,,,,linux,x86-64,,,,,,,,,,,,,,,,,,,,,,,,,,,,,,,,,,,,linux,x86-64,,,,,,,,,,,,,,linux,x86-64,,,,,,,,,,,,,,,,,,,,
6a2f8fab0de103506950de90,31346,linux,x86-64,,,,,,,,,,,,,,linux,,linux,x86,,,,,,,,,,,,,,,,,,,,,,,,,,,,linux,x86-64,,,,,,,,,,,,,,,,,,,,,,,,,,,,,,,,,,,,linux,x86-64,,,,,,,,,,,,,,linux,x86-64,,,,,,,,,,,,,,,,,,,,
6a2f8fab0de103506950de91,40503,linux,x86-64,,,,,,,,,,,,,,linux,,linux,,,,,,,,,,,,,,,,,,,,,,,,,,,,,linux,x86-64,,,,,,,,,,,,,,,,,,,,,,,,,,,,,,,,,,,,linux,x86-64,,,,,,,,,,,,,,linux,x86-64,,,,,,,,,,,,,,,,,,,,
6a2f8fab0de103506950de92,33142,java,,,,,,,,,,,,,,,multiple,,java,linux,windows,,,,,,,,,,,,,,,,,,,,,,,,,,,java,,,,,,,,,,,,,,,,,,,,,,,,,,,,,,,,,,,,,java,,,,,,,,,,,,,,,java,,,,,,,,,,,,,,,,,,,,,
6a2f8fab0de103506950de93,41690,java,,,,,,,,,,,,,,,multiple,,java,linux,windows,,,,,,,,,,,,,,,,,,,,,,,,,,,java,,,,,,,,,,,,,,,,,,,,,,,,,,,,,,,,,,,,,java,,,,,,,,,,,,,,,java,,,,,,,,,,,,,,,,,,,,,
6a2f8fab0de103506950de94,34133,lua,,,,,,,,,,,,,,,linux,,apache,linux,,,,,,,,,,,,,,,,,,,,,,,,,,,,lua,,,,,,,,,,,,,,,,,,,,,,,,,,,,,,,,,,,,,lua,,,,,,,,,,,,,,,lua,,,,,,,,,,,,,,,,,,,,,
6a2f8fab0de103506950de95,33212,linux,macos,windows,,,,,,,,,,,,,windows,,windows,,,,,,,,,,,,,,,,,,,,,,,,,,,,,linux,macos,windows,,,,,,,,,,,,,,,,,,,,,,,,,,,,,,,,,,,linux,macos,windows,,,,,,,,,,,,,linux,macos,windows,,,,,,,,,,,,,,,,,,,
6a2f8fab0de103506950de96,32884,android,java,javascript,,,,,,,,,,,,,android,,android,java,,,,,,,,,,,,,,,,,,,,,,,,,,,,android,javascript,,,,,,,,,,,,,,,,,,,,,,,,,,,,,,,,,,,,android,javascript,,,,,,,,,,,,,,android,java,,,,,,,,,,,,,,,,,,,,
6a2f8fab0de103506950de97,33333,linux,macos,windows,,,,,,,,,,,,,windows,,windows,,,,,,,,,,,,,,,,,,,,,,,,,,,,,linux,macos,windows,,,,,,,,,,,,,,,,,,,,,,,,,,,,,,,,,,,linux,macos,windows,,,,,,,,,,,,,linux,macos,windows,,,,,,,,,,,,,,,,,,,
6a2f8fab0de103506950de98,36808,android,linux,macos,windows,,,,,,,,,,,,windows,,windows,x86,,,,,,,,,,,,,,,,,,,,,,,,,,,,android,linux,macos,windows,,,,,,,,,,,,,,,,,,,,,,,,,,,,,,,,,,android,linux,macos,windows,,,,,,,,,,,,android,linux,macos,windows,,,,,,,,,,,,,,,,,,
6a2f8fab0de103506950de99,36744,linux,macos,windows,,,,,,,,,,,,,windows,,windows,x86,,,,,,,,,,,,,,,,,,,,,,,,,,,,linux,macos,windows,,,,,,,,,,,,,,,,,,,,,,,,,,,,,,,,,,,android,linux,macos,windows,,,,,,,,,,,,linux,macos,windows,,,,,,,,,,,,,,,,,,,
6a2f8fab0de103506950de9a,32623,linux,xml,,,,,,,,,,,,,,multiple,,linux,x86-64,,,,,,,,,,,,,,,,,,,,,,,,,,,,xml,,,,,,,,,,,,,,,,,,,,,,,,,,,,,,,,,,,,,xml,,,,,,,,,,,,,,,linux,xml,,,,,,,,,,,,,,,,,,,,
6a2f8fab0de103506950de9b,33942,xml,java,jsp,,,,,,,,,,,,,jsp,,java,,,,,,,,,,,,,,,,,,,,,,,,,,,,,xml,jsp,,,,,,,,,,,,,,,,,,,,,,,,,,,,,,,,,,,,xml,java,jsp,,,,,,,,,,,,,xml,java,jsp,,,,,,,,,,,,,,,,,,,
6a2f8fab0de103506950de9c,32208,linux,macos,windows,python,,,,,,,,,,,,multiple,,x86,,,,,,,,,,,,,,,,,,,,,,,,,,,,,linux,macos,windows,python,,,,,,,,,,,,,,,,,,,,,,,,,,,,,,,,,,linux,macos,windows,,,,,,,,,,,,,linux,macos,windows,python,,,,,,,,,,,,,,,,,,
6a2f8fab0de103506950de9d,35363,cgi,windows,,,,,,,,,,,,,,windows,,windows,,,,,,,,,,,,,,,,,,,,,,,,,,,,,cgi,windows,,,,,,,,,,,,,,,,,,,,,,,,,,,,,,,,,,,,cgi,windows,,,,,,,,,,,,,,cgi,windows,,,,,,,,,,,,,,,,,,,,
6a2f8fab0de103506950de9e,32568,java,,,,,,,,,,,,,,,windows,,windows,,,,,,,,,,,,,,,,,,,,,,,,,,,,,java,,,,,,,,,,,,,,,,,,,,,,,,,,,,,,,,,,,,,java,,,,,,,,,,,,,,,java,,,,,,,,,,,,,,,,,,,,,
6a2f8fab0de103506950de9f,44200,ios,macos,,,,,,,,,,,,,,hardware,,arm,python,,,,,,,,,,,,,,,,,,,,,,,,,,,,ios,macos,,,,,,,,,,,,,,,,,,,,,,,,,,,,,,,,,,,,ios,macos,,,,,,,,,,,,,,ios,macos,,,,,,,,,,,,,,,,,,,,
6a2f8fab0de103506950dea0,44204,ios,macos,,,,,,,,,,,,,,linux,,linux,python,,,,,,,,,,,,,,,,,,,,,,,,,,,,ios,macos,,,,,,,,,,,,,,,,,,,,,,,,,,,,,,,,,,,,ios,macos,,,,,,,,,,,,,,ios,macos,,,,,,,,,,,,,,,,,,,,
6a2f8fab0de103506950dea1,31329,php,,,,,,,,,,,,,,,multiple,,linux,php,,,,,,,,,,,,,,,,,,,,,,,,,,,,php,,,,,,,,,,,,,,,,,,,,,,,,,,,,,,,,,,,,,php,,,,,,,,,,,,,,,php,,,,,,,,,,,,,,,,,,,,,
6a2f8fab0de103506950dea2,31767,php,,,,,,,,,,,,,,,multiple,,linux,php,windows,,,,,,,,,,,,,,,,,,,,,,,,,,,php,,,,,,,,,,,,,,,,,,,,,,,,,,,,,,,,,,,,,php,,,,,,,,,,,,,,,php,,,,,,,,,,,,,,,,,,,,,
6a2f8fab0de103506950dea3,31427,php,,,,,,,,,,,,,,,php,,linux,php,,,,,,,,,,,,,,,,,,,,,,,,,,,,,,,,,,,,,,,,,,,,,,,,,,,,,,,,,,,,,,,,,,,,,,,,,,,,,,,,php,,,,,,,,,,,,,,,,,,,,,
6a2f8fab0de103506950dea4,31432,php,,,,,,,,,,,,,,,linux,,unix,,,,,,,,,,,,,,,,,,,,,,,,,,,,,php,,,,,,,,,,,,,,,,,,,,,,,,,,,,,,,,,,,,,php,xml,,,,,,,,,,,,,,php,,,,,,,,,,,,,,,,,,,,,
6a2f8fab0de103506950dea5,32793,macos,windows,,,,,,,,,,,,,,windows,,windows,x86,,,,,,,,,,,,,,,,,,,,,,,,,,,,macos,windows,,,,,,,,,,,,,,,,,,,,,,,,,,,,,,,,,,,,macos,windows,,,,,,,,,,,,,,macos,windows,,,,,,,,,,,,,,,,,,,,
6a2f8fab0de103506950dea6,31579,go,,,,,,,,,,,,,,,windows,,,,,,,,,,,,,,,,,,,,,,,,,,,,,,,go,,,,,,,,,,,,,,,,,,,,,,,,,,,,,,,,,,,,,,,,,,,,,,,,,,,,go,windows,,,,,,,,,,,,,,,,,,,,
6a2f8fab0de103506950dea7,33434,linux,windows,,,,,,,,,,,,,,windows,,java,,,,,,,,,,,,,,,,,,,,,,,,,,,,,linux,windows,,,,,,,,,,,,,,,,,,,,,,,,,,,,,,,,,,,,linux,windows,,,,,,,,,,,,,,linux,windows,,,,,,,,,,,,,,,,,,,,
6a2f8fab0de103506950dea8,48000,hp-ux,,,,,,,,,,,,,,,linux,,linux,,,,,,,,,,,,,,,,,,,,,,,,,,,,,hp-ux,,,,,,,,,,,,,,,,,,,,,,,,,,,,,,,,,,,,,hp-ux,,,,,,,,,,,,,,,,,,,,,,,,,,,,,,,,,,,,
6a2f8fab0de103506950dea9,39205,java,xml,,,,,,,,,,,,,,multiple,,java,,,,,,,,,,,,,,,,,,,,,,,,,,,,,java,xml,,,,,,,,,,,,,,,,,,,,,,,,,,,,,,,,,,,,java,xml,,,,,,,,,,,,,,java,xml,,,,,,,,,,,,,,,,,,,,
6a2f8fab0de103506950deaa,35181,xml,,,,,,,,,,,,,,,jsp,,macos,windows,,,,,,,,,,,,,,,,,,,,,,,,,,,,xml,,,,,,,,,,,,,,,,,,,,,,,,,,,,,,,,,,,,,xml,,,,,,,,,,,,,,,xml,,,,,,,,,,,,,,,,,,,,,
6a2f8fab0de103506950deab,39182,windows,,,,,,,,,,,,,,,multiple,,windows,x86,,,,,,,,,,,,,,,,,,,,,,,,,,,,windows,,,,,,,,,,,,,,,,,,,,,,,,,,,,,,,,,,,,,windows,,,,,,,,,,,,,,,windows,,,,,,,,,,,,,,,,,,,,,
6a2f8fab0de103506950deac,33880,asp,,,,,,,,,,,,,,,windows,,windows,,,,,,,,,,,,,,,,,,,,,,,,,,,,,asp,,,,,,,,,,,,,,,,,,,,,,,,,,,,,,,,,,,,,asp,,,,,,,,,,,,,,,asp,,,,,,,,,,,,,,,,,,,,,
6a2f8fab0de103506950dead,35078,php,,,,,,,,,,,,,,,unix,,linux,,,,,,,,,,,,,,,,,,,,,,,,,,,,,php,,,,,,,,,,,,,,,,,,,,,,,,,,,,,,,,,,,,,php,,,,,,,,,,,,,,,php,,,,,,,,,,,,,,,,,,,,,
6a2f8fab0de103506950deae,34409,java,,,,,,,,,,,,,,,multiple,,linux,windows,,,,,,,,,,,,,,,,,,,,,,,,,,,,java,,,,,,,,,,,,,,,,,,,,,,,,,,,,,,,,,,,,,java,,,,,,,,,,,,,,,java,,,,,,,,,,,,,,,,,,,,,
6a2f8fab0de103506950deaf,39288,java,,,,,,,,,,,,,,,multiple,,java,linux,windows,,,,,,,,,,,,,,,,,,,,,,,,,,,java,,,,,,,,,,,,,,,,,,,,,,,,,,,,,,,,,,,,,java,,,,,,,,,,,,,,,java,,,,,,,,,,,,,,,,,,,,,
6a2f8fab0de103506950deb0,35280,.net,windows,,,,,,,,,,,,,,windows,,windows,,,,,,,,,,,,,,,,,,,,,,,,,,,,,.net,,,,,,,,,,,,,,,,,,,,,,,,,,,,,,,,,,,,,.net,windows,,,,,,,,,,,,,,.net,,,,,,,,,,,,,,,,,,,,,
6a2f8fab0de103506950deb1,35711,android,arm,linux,,,,,,,,,,,,,android,,android,arm,,,,,,,,,,,,,,,,,,,,,,,,,,,,android,arm,linux,,,,,,,,,,,,,,,,,,,,,,,,,,,,,,,,,,,android,arm,linux,,,,,,,,,,,,,android,arm,linux,,,,,,,,,,,,,,,,,,,
6a2f8fab0de103506950deb2,45651,ios,,,,,,,,,,,,,,,multiple,,ios,macos,,,,,,,,,,,,,,,,,,,,,,,,,,,,ios,,,,,,,,,,,,,,,,,,,,,,,,,,,,,,,,,,,,,ios,,,,,,,,,,,,,,,ios,,,,,,,,,,,,,,,,,,,,,
6a2f8fab0de103506950deb3,35440,ios,,,,,,,,,,,,,,,macos,,macos,x86-64,,,,,,,,,,,,,,,,,,,,,,,,,,,,ios,,,,,,,,,,,,,,,,,,,,,,,,,,,,,,,,,,,,,ios,,,,,,,,,,,,,,,ios,,,,,,,,,,,,,,,,,,,,,
6a2f8fab0de103506950deb4,35847,ios,macos,,,,,,,,,,,,,,macos,,macos,,,,,,,,,,,,,,,,,,,,,,,,,,,,,ios,macos,,,,,,,,,,,,,,,,,,,,,,,,,,,,,,,,,,,,ios,macos,,,,,,,,,,,,,,ios,macos,,,,,,,,,,,,,,,,,,,,
6a2f8fab0de103506950deb5,39836,cgi,php,,,,,,,,,,,,,,multiple,,linux,windows,,,,,,,,,,,,,,,,,,,,,,,,,,,,cgi,php,,,,,,,,,,,,,,,,,,,,,,,,,,,,,,,,,,,,cgi,php,,,,,,,,,,,,,,cgi,php,,,,,,,,,,,,,,,,,,,,
6a2f8fab0de103506950deb6,33929,php,,,,,,,,,,,,,,,multiple,,linux,php,,,,,,,,,,,,,,,,,,,,,,,,,,,,php,,,,,,,,,,,,,,,,,,,,,,,,,,,,,,,,,,,,,php,,,,,,,,,,,,,,,php,,,,,,,,,,,,,,,,,,,,,
6a2f8fab0de103506950deb7,34335,cgi,,,,,,,,,,,,,,,linux,,linux,unix,,,,,,,,,,,,,,,,,,,,,,,,,,,,cgi,,,,,,,,,,,,,,,,,,,,,,,,,,,,,,,,,,,,,cgi,,,,,,,,,,,,,,,cgi,,,,,,,,,,,,,,,,,,,,,
6a2f8fab0de103506950deb8,42697,,,,,,,,,,,,,,,,linux,,unix,,,,,,,,,,,,,,,,,,,,,,,,,,,,,,,,,,,,,,,,,,,,,,,,,,,,,,,,,,,,,,,,,,,,,,,,,,,,,,,,,linux,,,,,,,,,,,,,,,,,,,,,
6a2f8fab0de103506950deb9,35594,xml,,,,,,,,,,,,,,,jsp,,java,,,,,,,,,,,,,,,,,,,,,,,,,,,,,xml,,,,,,,,,,,,,,,,,,,,,,,,,,,,,,,,,,,,,xml,,,,,,,,,,,,,,,xml,,,,,,,,,,,,,,,,,,,,,
6a2f8fab0de103506950deba,34669,cfm,java,,,,,,,,,,,,,,multiple,,java,,,,,,,,,,,,,,,,,,,,,,,,,,,,,cfm,java,,,,,,,,,,,,,,,,,,,,,,,,,,,,,,,,,,,,cfm,,,,,,,,,,,,,,,cfm,java,,,,,,,,,,,,,,,,,,,,
6a2f8fab0de103506950debb,34525,php,,,,,,,,,,,,,,,multiple,,linux,python,,,,,,,,,,,,,,,,,,,,,,,,,,,,php,,,,,,,,,,,,,,,,,,,,,,,,,,,,,,,,,,,,,php,,,,,,,,,,,,,,,php,,,,,,,,,,,,,,,,,,,,,
6a2f8fab0de103506950debc,34777,bash,linux,,,,,,,,,,,,,,cgi,,cgi,,,,,,,,,,,,,,,,,,,,,,,,,,,,,bash,linux,,,,,,,,,,,,,,,,,,,,,,,,,,,,,,,,,,,,linux,unixware,,,,,,,,,,,,,,bash,linux,,,,,,,,,,,,,,,,,,,,
6a2f8fab0de103506950debd,36609,bash,linux,,,,,,,,,,,,,,multiple,,cgi,,,,,,,,,,,,,,,,,,,,,,,,,,,,,bash,linux,,,,,,,,,,,,,,,,,,,,,,,,,,,,,,,,,,,,linux,unixware,,,,,,,,,,,,,,bash,linux,,,,,,,,,,,,,,,,,,,,
6a2f8fab0de103506950debe,37816,bash,linux,,,,,,,,,,,,,,multiple,,java,linux,,,,,,,,,,,,,,,,,,,,,,,,,,,,bash,linux,,,,,,,,,,,,,,,,,,,,,,,,,,,,,,,,,,,,linux,unixware,,,,,,,,,,,,,,bash,linux,,,,,,,,,,,,,,,,,,,,
6a2f8fab0de103506950debf,48651,bash,linux,,,,,,,,,,,,,,multiple,,x86-64,,,,,,,,,,,,,,,,,,,,,,,,,,,,,bash,linux,,,,,,,,,,,,,,,,,,,,,,,,,,,,,,,,,,,,linux,unixware,,,,,,,,,,,,,,bash,linux,,,,,,,,,,,,,,,,,,,,
6a2f8fab0de103506950dec0,34765,bash,linux,,,,,,,,,,,,,,linux,,bash,linux,,,,,,,,,,,,,,,,,,,,,,,,,,,,linux,,,,,,,,,,,,,,,,,,,,,,,,,,,,,,,,,,,,,linux,unixware,,,,,,,,,,,,,,bash,linux,,,,,,,,,,,,,,,,,,,,
6a2f8fab0de103506950dec1,35099,xml,,,,,,,,,,,,,,,php,,php,,,,,,,,,,,,,,,,,,,,,,,,,,,,,xml,,,,,,,,,,,,,,,,,,,,,,,,,,,,,,,,,,,,,xml,,,,,,,,,,,,,,,xml,,,,,,,,,,,,,,,,,,,,,
6a2f8fab0de103506950dec2,40689,javascript,,,,,,,,,,,,,,,linux,,bsd,linux,x86,x86-64,,,,,,,,,,,,,,,,,,,,,,,,,,javascript,,,,,,,,,,,,,,,,,,,,,,,,,,,,,,,,,,,,,javascript,,,,,,,,,,,,,,,javascript,,,,,,,,,,,,,,,,,,,,,
6a2f8fab0de103506950dec3,36880,linux,macos,windows,,,,,,,,,,,,,windows,,windows,,,,,,,,,,,,,,,,,,,,,,,,,,,,,linux,macos,windows,,,,,,,,,,,,,,,,,,,,,,,,,,,,,,,,,,,android,linux,macos,windows,,,,,,,,,,,,linux,macos,windows,,,,,,,,,,,,,,,,,,,
6a2f8fab0de103506950dec4,35427,bsd,,,,,,,,,,,,,,,bsd,,bsd,python,,,,,,,,,,,,,,,,,,,,,,,,,,,,bsd,,,,,,,,,,,,,,,,,,,,,,,,,,,,,,,,,,,,,bsd,,,,,,,,,,,,,,,bsd,,,,,,,,,,,,,,,,,,,,,
6a2f8fab0de103506950dec5,43112,bsd,,,,,,,,,,,,,,,unix,,unix,,,,,,,,,,,,,,,,,,,,,,,,,,,,,bsd,,,,,,,,,,,,,,,,,,,,,,,,,,,,,,,,,,,,,bsd,,,,,,,,,,,,,,,bsd,,,,,,,,,,,,,,,,,,,,,
6a2f8fab0de103506950dec6,35073,php,,,,,,,,,,,,,,,php,,linux,php,windows,,,,,,,,,,,,,,,,,,,,,,,,,,,,,,,,,,,,,,,,,,,,,,,,,,,,,,,,,,,,,,,,php,,,,,,,,,,,,,,,php,,,,,,,,,,,,,,,,,,,,,
6a2f8fab0de103506950dec7,41685,php,xml,,,,,,,,,,,,,,multiple,,php,,,,,,,,,,,,,,,,,,,,,,,,,,,,,php,xml,,,,,,,,,,,,,,,,,,,,,,,,,,,,,,,,,,,,php,xml,,,,,,,,,,,,,,php,xml,,,,,,,,,,,,,,,,,,,,
6a2f8fab0de103506950dec8,44205,linux,x86-64,,,,,,,,,,,,,,linux,,linux,,,,,,,,,,,,,,,,,,,,,,,,,,,,,linux,x86-64,,,,,,,,,,,,,,,,,,,,,,,,,,,,,,,,,,,,linux,x86-64,,,,,,,,,,,,,,linux,x86-64,,,,,,,,,,,,,,,,,,,,
6a2f8fab0de103506950dec9,35463,cgi,perl,,,,,,,,,,,,,,cgi,,linux,windows,,,,,,,,,,,,,,,,,,,,,,,,,,,,cgi,perl,,,,,,,,,,,,,,,,,,,,,,,,,,,,,,,,,,,,cgi,perl,,,,,,,,,,,,,,cgi,perl,,,,,,,,,,,,,,,,,,,,
6a2f8fab0de103506950deca,41684,macos,windows,,,,,,,,,,,,,,multiple,,linux,macos,windows,,,,,,,,,,,,,,,,,,,,,,,,,,,macos,windows,,,,,,,,,,,,,,,,,,,,,,,,,,,,,,,,,,,,python,,,,,,,,,,,,,,,macos,windows,,,,,,,,,,,,,,,,,,,,
6a2f8fab0de103506950decb,35589,windows,xml,,,,,,,,,,,,,,windows,,windows,,,,,,,,,,,,,,,,,,,,,,,,,,,,,xml,,,,,,,,,,,,,,,,,,,,,,,,,,,,,,,,,,,,,windows,xml,,,,,,,,,,,,,,xml,,,,,,,,,,,,,,,,,,,,,
6a2f8fab0de103506950decc,36262,aspx,,,,,,,,,,,,,,,windows,,windows,,,,,,,,,,,,,,,,,,,,,,,,,,,,,aspx,,,,,,,,,,,,,,,,,,,,,,,,,,,,,,,,,,,,,aspx,,,,,,,,,,,,,,,,,,,,,,,,,,,,,,,,,,,,
6a2f8fab0de103506950decd,35688,linux,,,,,,,,,,,,,,,hardware,,linux,python,,,,,,,,,,,,,,,,,,,,,,,,,,,,,,,,,,,,,,,,,,,,,,,,,,,,,,,,,,,,,,,,,,,,,,,,,,,,,,,,linux,,,,,,,,,,,,,,,,,,,,,
6a2f8fab0de103506950dece,43881,linux,,,,,,,,,,,,,,,hardware,,linux,,,,,,,,,,,,,,,,,,,,,,,,,,,,,,,,,,,,,,,,,,,,,,,,,,,,,,,,,,,,,,,,,,,,,,,,,,,,,,,,,linux,,,,,,,,,,,,,,,,,,,,,
6a2f8fab0de103506950decf,44524,linux,,,,,,,,,,,,,,,hardware,,linux,,,,,,,,,,,,,,,,,,,,,,,,,,,,,,,,,,,,,,,,,,,,,,,,,,,,,,,,,,,,,,,,,,,,,,,,,,,,,,,,,linux,,,,,,,,,,,,,,,,,,,,,
6a2f8fab0de103506950ded0,36360,linux,macos,windows,,,,,,,,,,,,,windows,,windows,,,,,,,,,,,,,,,,,,,,,,,,,,,,,linux,macos,windows,,,,,,,,,,,,,,,,,,,,,,,,,,,,,,,,,,,linux,macos,windows,,,,,,,,,,,,,linux,macos,windows,,,,,,,,,,,,,,,,,,,
6a2f8fab0de103506950ded1,36579,linux,macos,windows,,,,,,,,,,,,,windows,,windows,x86,,,,,,,,,,,,,,,,,,,,,,,,,,,,linux,macos,windows,,,,,,,,,,,,,,,,,,,,,,,,,,,,,,,,,,,linux,macos,windows,,,,,,,,,,,,,linux,macos,windows,,,,,,,,,,,,,,,,,,,
6a2f8fab0de103506950ded2,36420,linux,macos,windows,,,,,,,,,,,,,windows,,windows,,,,,,,,,,,,,,,,,,,,,,,,,,,,,linux,macos,windows,,,,,,,,,,,,,,,,,,,,,,,,,,,,,,,,,,,linux,macos,windows,,,,,,,,,,,,,linux,macos,windows,,,,,,,,,,,,,,,,,,,
6a2f8fab0de103506950ded3,36962,linux,macos,windows,,,,,,,,,,,,,windows,,windows,x86,,,,,,,,,,,,,,,,,,,,,,,,,,,,linux,macos,windows,,,,,,,,,,,,,,,,,,,,,,,,,,,,,,,,,,,linux,macos,windows,,,,,,,,,,,,,linux,macos,windows,,,,,,,,,,,,,,,,,,,
6a2f8fab0de103506950ded4,36956,linux,macos,windows,,,,,,,,,,,,,windows,,windows,x86,,,,,,,,,,,,,,,,,,,,,,,,,,,,linux,macos,windows,,,,,,,,,,,,,,,,,,,,,,,,,,,,,,,,,,,linux,macos,windows,,,,,,,,,,,,,linux,macos,windows,,,,,,,,,,,,,,,,,,,
6a2f8fab0de103506950ded5,36310,x86,x86-64,,,,,,,,,,,,,,linux,linux-x86-64,linux,x86-64,,,,,,,,,,,,,,,,,,,,,,,,,,,,x86,,,,,,,,,,,,,,,,,,,,,,,,,,,,,,,,,,,,,,,,,,,,,,,,,,,,x86,x86-64,,,,,,,,,,,,,,,,,,,,
6a2f8fab0de103506950ded6,36311,x86,x86-64,macos,,,,,,,,,,,,,linux,linux-x86-64,linux,x86-64,,,,,,,,,,,,,,,,,,,,,,,,,,,,x86,macos,,,,,,,,,,,,,,,,,,,,,,,,,,,,,,,,,,,,macos,,,,,,,,,,,,,,,x86,x86-64,macos,,,,,,,,,,,,,,,,,,,
6a2f8fab0de103506950ded7,39308,android,arm,linux,,,,,,,,,,,,,linux,,arm,linux,,,,,,,,,,,,,,,,,,,,,,,,,,,,android,linux,,,,,,,,,,,,,,,,,,,,,,,,,,,,,,,,,,,,linux,,,,,,,,,,,,,,,android,arm,linux,,,,,,,,,,,,,,,,,,,
6a2f8fab0de103506950ded8,36678,novell,,,,,,,,,,,,,,,jsp,,java,linux,windows,,,,,,,,,,,,,,,,,,,,,,,,,,,novell,,,,,,,,,,,,,,,,,,,,,,,,,,,,,,,,,,,,,novell,,,,,,,,,,,,,,,novell,,,,,,,,,,,,,,,,,,,,,
6a2f8fab0de103506950ded9,36964,novell,,,,,,,,,,,,,,,java,,java,linux,windows,,,,,,,,,,,,,,,,,,,,,,,,,,,novell,,,,,,,,,,,,,,,,,,,,,,,,,,,,,,,,,,,,,novell,,,,,,,,,,,,,,,novell,,,,,,,,,,,,,,,,,,,,,
6a2f8fab0de103506950deda,35710,json,php,,,,,,,,,,,,,,php,,php,windows,,,,,,,,,,,,,,,,,,,,,,,,,,,,json,php,,,,,,,,,,,,,,,,,,,,,,,,,,,,,,,,,,,,json,php,,,,,,,,,,,,,,json,php,,,,,,,,,,,,,,,,,,,,
6a2f8fab0de103506950dedb,36814,ios,macos,,,,,,,,,,,,,,macos,,macos,,,,,,,,,,,,,,,,,,,,,,,,,,,,,ios,macos,,,,,,,,,,,,,,,,,,,,,,,,,,,,,,,,,,,,ios,macos,,,,,,,,,,,,,,ios,macos,,,,,,,,,,,,,,,,,,,,
6a2f8fab0de103506950dedc,37336,aix,bsd,hp-ux,linux,macos,solaris,unixware,c,,,,,,,,multiple,,linux,,,,,,,,,,,,,,,,,,,,,,,,,,,,,aix,bsd,hp-ux,linux,macos,solaris,unixware,c,,,,,,,,,,,,,,,,,,,,,,,,,,,,,,linux,macos,unixware,,,,,,,,,,,,,aix,bsd,hp-ux,linux,macos,solaris,unixware,c,,,,,,,,,,,,,,
6a2f8fab0de103506950dedd,41233,aix,bsd,hp-ux,linux,macos,solaris,unixware,,,,,,,,,linux,,linux,python,,,,,,,,,,,,,,,,,,,,,,,,,,,,aix,bsd,hp-ux,linux,macos,solaris,unixware,,,,,,,,,,,,,,,,,,,,,,,,,,,,,,,linux,macos,,,,,,,,,,,,,,aix,bsd,hp-ux,linux,macos,solaris,unixware,,,,,,,,,,,,,,,
6a2f8fab0de103506950dede,35870,xml,,,,,,,,,,,,,,,windows,,windows,,,,,,,,,,,,,,,,,,,,,,,,,,,,,xml,,,,,,,,,,,,,,,,,,,,,,,,,,,,,,,,,,,,,xml,,,,,,,,,,,,,,,xml,,,,,,,,,,,,,,,,,,,,,
6a2f8fab0de103506950dedf,35904,java,jsp,,,,,,,,,,,,,,jsp,,java,,,,,,,,,,,,,,,,,,,,,,,,,,,,,jsp,,,,,,,,,,,,,,,,,,,,,,,,,,,,,,,,,,,,,,,,,,,,,,,,,,,,java,jsp,,,,,,,,,,,,,,,,,,,,
6a2f8fab0de103506950dee0,36169,windows,,,,,,,,,,,,,,,multiple,,linux,windows,,,,,,,,,,,,,,,,,,,,,,,,,,,,windows,,,,,,,,,,,,,,,,,,,,,,,,,,,,,,,,,,,,,windows,,,,,,,,,,,,,,,windows,,,,,,,,,,,,,,,,,,,,,
6a2f8fab0de103506950dee1,40491,windows,,,,,,,,,,,,,,,multiple,,linux,windows,,,,,,,,,,,,,,,,,,,,,,,,,,,,windows,,,,,,,,,,,,,,,,,,,,,,,,,,,,,,,,,,,,,windows,,,,,,,,,,,,,,,windows,,,,,,,,,,,,,,,,,,,,,
6a2f8fab0de103506950dee2,36025,php,,,,,,,,,,,,,,,windows,,windows,x86,,,,,,,,,,,,,,,,,,,,,,,,,,,,php,,,,,,,,,,,,,,,,,,,,,,,,,,,,,,,,,,,,,php,,,,,,,,,,,,,,,php,,,,,,,,,,,,,,,,,,,,,
6a2f8fab0de103506950dee3,40857,java,jsp,windows,,,,,,,,,,,,,windows,,java,windows,,,,,,,,,,,,,,,,,,,,,,,,,,,,jsp,windows,,,,,,,,,,,,,,,,,,,,,,,,,,,,,,,,,,,,java,jsp,,,,,,,,,,,,,,jsp,windows,,,,,,,,,,,,,,,,,,,,
6a2f8fab0de103506950dee4,48181,java,jsp,windows,,,,,,,,,,,,,windows,,java,windows,,,,,,,,,,,,,,,,,,,,,,,,,,,,jsp,windows,,,,,,,,,,,,,,,,,,,,,,,,,,,,,,,,,,,,java,jsp,,,,,,,,,,,,,,jsp,windows,,,,,,,,,,,,,,,,,,,,
6a2f8fab0de103506950dee5,37110,java,xml,,,,,,,,,,,,,,java,,java,,,,,,,,,,,,,,,,,,,,,,,,,,,,,java,xml,,,,,,,,,,,,,,,,,,,,,,,,,,,,,,,,,,,,java,xml,,,,,,,,,,,,,,java,xml,,,,,,,,,,,,,,,,,,,,
6a2f8fab0de103506950dee6,36089,jsp,,,,,,,,,,,,,,,php,,java,linux,ubuntu,,,,,,,,,,,,,,,,,,,,,,,,,,,jsp,,,,,,,,,,,,,,,,,,,,,,,,,,,,,,,,,,,,,jsp,,,,,,,,,,,,,,,jsp,,,,,,,,,,,,,,,,,,,,,
6a2f8fab0de103506950dee7,39455,java,,,,,,,,,,,,,,,multiple,,hp-ux,java,linux,macos,windows,,,,,,,,,,,,,,,,,,,,,,,,,java,,,,,,,,,,,,,,,,,,,,,,,,,,,,,,,,,,,,,java,,,,,,,,,,,,,,,java,,,,,,,,,,,,,,,,,,,,,
6a2f8fab0de103506950dee8,36679,jsp,,,,,,,,,,,,,,,windows,,windows,,,,,,,,,,,,,,,,,,,,,,,,,,,,,jsp,,,,,,,,,,,,,,,,,,,,,,,,,,,,,,,,,,,,,jsp,,,,,,,,,,,,,,,jsp,,,,,,,,,,,,,,,,,,,,,
6a2f8fab0de103506950dee9,37912,macos,windows,,,,,,,,,,,,,,windows,,windows,x86,,,,,,,,,,,,,,,,,,,,,,,,,,,,macos,windows,,,,,,,,,,,,,,,,,,,,,,,,,,,,,,,,,,,,macos,windows,,,,,,,,,,,,,,macos,windows,,,,,,,,,,,,,,,,,,,,
6a2f8fab0de103506950deea,37910,macos,windows,,,,,,,,,,,,,,windows,,windows,x86,,,,,,,,,,,,,,,,,,,,,,,,,,,,macos,windows,,,,,,,,,,,,,,,,,,,,,,,,,,,,,,,,,,,,macos,windows,,,,,,,,,,,,,,macos,windows,,,,,,,,,,,,,,,,,,,,
6a2f8fab0de103506950deeb,37924,macos,windows,,,,,,,,,,,,,,windows,,windows,x86,,,,,,,,,,,,,,,,,,,,,,,,,,,,macos,windows,,,,,,,,,,,,,,,,,,,,,,,,,,,,,,,,,,,,macos,windows,,,,,,,,,,,,,,macos,windows,,,,,,,,,,,,,,,,,,,,
6a2f8fab0de103506950deec,38215,macos,windows,,,,,,,,,,,,,,windows,,windows,,,,,,,,,,,,,,,,,,,,,,,,,,,,,macos,windows,,,,,,,,,,,,,,,,,,,,,,,,,,,,,,,,,,,,macos,windows,,,,,,,,,,,,,,macos,windows,,,,,,,,,,,,,,,,,,,,
6a2f8fab0de103506950deed,38214,macos,windows,,,,,,,,,,,,,,windows,,windows,x86,,,,,,,,,,,,,,,,,,,,,,,,,,,,macos,windows,,,,,,,,,,,,,,,,,,,,,,,,,,,,,,,,,,,,macos,windows,,,,,,,,,,,,,,macos,windows,,,,,,,,,,,,,,,,,,,,
6a2f8fab0de103506950deee,37170,cgi,,,,,,,,,,,,,,,hardware,,linux,mips,,,,,,,,,,,,,,,,,,,,,,,,,,,,cgi,,,,,,,,,,,,,,,,,,,,,,,,,,,,,,,,,,,,,cgi,,,,,,,,,,,,,,,cgi,,,,,,,,,,,,,,,,,,,,,
6a2f8fab0de103506950deef,42296,linux,php,,,,,,,,,,,,,,unix,,linux,,,,,,,,,,,,,,,,,,,,,,,,,,,,,php,,,,,,,,,,,,,,,,,,,,,,,,,,,,,,,,,,,,,linux,php,,,,,,,,,,,,,,php,,,,,,,,,,,,,,,,,,,,,
6a2f8fab0de103506950def0,41691,java,jsp,,,,,,,,,,,,,,multiple,,java,linux,windows,x86,,,,,,,,,,,,,,,,,,,,,,,,,,java,jsp,,,,,,,,,,,,,,,,,,,,,,,,,,,,,,,,,,,,jsp,,,,,,,,,,,,,,,java,jsp,,,,,,,,,,,,,,,,,,,,
6a2f8fab0de103506950def1,43885,java,jsp,xml,,,,,,,,,,,,,hardware,,java,linux,windows,,,,,,,,,,,,,,,,,,,,,,,,,,,java,jsp,xml,,,,,,,,,,,,,,,,,,,,,,,,,,,,,,,,,,,jsp,xml,,,,,,,,,,,,,,java,jsp,xml,,,,,,,,,,,,,,,,,,,
6a2f8fab0de103506950def2,38454,linux,,,,,,,,,,,,,,,multiple,,linux,mips,,,,,,,,,,,,,,,,,,,,,,,,,,,,linux,,,,,,,,,,,,,,,,,,,,,,,,,,,,,,,,,,,,,linux,,,,,,,,,,,,,,,linux,,,,,,,,,,,,,,,,,,,,,
6a2f8fab0de103506950def3,37839,linux,macos,windows,,,,,,,,,,,,,linux,,linux,x86-64,,,,,,,,,,,,,,,,,,,,,,,,,,,,linux,macos,windows,,,,,,,,,,,,,,,,,,,,,,,,,,,,,,,,,,,linux,macos,windows,,,,,,,,,,,,,linux,macos,windows,,,,,,,,,,,,,,,,,,,
6a2f8fab0de103506950def4,37536,linux,macos,windows,,,,,,,,,,,,,multiple,,linux,windows,x86,,,,,,,,,,,,,,,,,,,,,,,,,,,linux,macos,windows,,,,,,,,,,,,,,,,,,,,,,,,,,,,,,,,,,,linux,macos,windows,,,,,,,,,,,,,linux,macos,windows,,,,,,,,,,,,,,,,,,,
6a2f8fab0de103506950def5,37879,linux,macos,windows,,,,,,,,,,,,,linux,linux-x86-64,linux,x86-64,,,,,,,,,,,,,,,,,,,,,,,,,,,,linux,macos,windows,,,,,,,,,,,,,,,,,,,,,,,,,,,,,,,,,,,linux,macos,windows,,,,,,,,,,,,,linux,macos,windows,,,,,,,,,,,,,,,,,,,
6a2f8fab0de103506950def6,37853,linux,macos,windows,,,,,,,,,,,,,windows,,windows,,,,,,,,,,,,,,,,,,,,,,,,,,,,,linux,macos,windows,,,,,,,,,,,,,,,,,,,,,,,,,,,,,,,,,,,linux,macos,windows,,,,,,,,,,,,,linux,macos,windows,,,,,,,,,,,,,,,,,,,
6a2f8fab0de103506950def7,37842,linux,macos,windows,,,,,,,,,,,,,windows,,windows,x86,,,,,,,,,,,,,,,,,,,,,,,,,,,,linux,macos,windows,,,,,,,,,,,,,,,,,,,,,,,,,,,,,,,,,,,linux,macos,windows,,,,,,,,,,,,,linux,macos,windows,,,,,,,,,,,,,,,,,,,
6a2f8fab0de103506950def8,37840,linux,macos,windows,,,,,,,,,,,,,windows,,windows,,,,,,,,,,,,,,,,,,,,,,,,,,,,,linux,macos,windows,,,,,,,,,,,,,,,,,,,,,,,,,,,,,,,,,,,linux,macos,windows,,,,,,,,,,,,,linux,macos,windows,,,,,,,,,,,,,,,,,,,
6a2f8fab0de103506950def9,37841,linux,macos,windows,,,,,,,,,,,,,windows,,windows,,,,,,,,,,,,,,,,,,,,,,,,,,,,,linux,macos,windows,,,,,,,,,,,,,,,,,,,,,,,,,,,,,,,,,,,linux,macos,windows,,,,,,,,,,,,,linux,macos,windows,,,,,,,,,,,,,,,,,,,
6a2f8fab0de103506950defa,37843,linux,macos,windows,,,,,,,,,,,,,windows,,windows,,,,,,,,,,,,,,,,,,,,,,,,,,,,,linux,macos,windows,,,,,,,,,,,,,,,,,,,,,,,,,,,,,,,,,,,linux,macos,windows,,,,,,,,,,,,,linux,macos,windows,,,,,,,,,,,,,,,,,,,
6a2f8fab0de103506950defb,37844,linux,macos,windows,,,,,,,,,,,,,windows,,windows,x86-64,,,,,,,,,,,,,,,,,,,,,,,,,,,,linux,macos,windows,,,,,,,,,,,,,,,,,,,,,,,,,,,,,,,,,,,linux,macos,windows,,,,,,,,,,,,,linux,macos,windows,,,,,,,,,,,,,,,,,,,
6a2f8fab0de103506950defc,37845,linux,macos,windows,,,,,,,,,,,,,windows,,windows,,,,,,,,,,,,,,,,,,,,,,,,,,,,,linux,macos,windows,,,,,,,,,,,,,,,,,,,,,,,,,,,,,,,,,,,linux,macos,windows,,,,,,,,,,,,,linux,macos,windows,,,,,,,,,,,,,,,,,,,
6a2f8fab0de103506950defd,37368,linux,macos,windows,,,,,,,,,,,,,multiple,,linux,windows,,,,,,,,,,,,,,,,,,,,,,,,,,,,linux,macos,windows,,,,,,,,,,,,,,,,,,,,,,,,,,,,,,,,,,,linux,macos,windows,,,,,,,,,,,,,linux,macos,windows,,,,,,,,,,,,,,,,,,,
6a2f8fab0de103506950defe,37846,linux,macos,windows,,,,,,,,,,,,,windows,,windows,,,,,,,,,,,,,,,,,,,,,,,,,,,,,linux,macos,windows,,,,,,,,,,,,,,,,,,,,,,,,,,,,,,,,,,,linux,macos,windows,,,,,,,,,,,,,linux,macos,windows,,,,,,,,,,,,,,,,,,,
6a2f8fab0de103506950deff,50290,android,linux,macos,windows,,,,,,,,,,,,multiple,,linux,macos,windows,,,,,,,,,,,,,,,,,,,,,,,,,,,android,linux,macos,windows,,,,,,,,,,,,,,,,,,,,,,,,,,,,,,,,,,android,linux,macos,windows,,,,,,,,,,,,android,linux,macos,windows,,,,,,,,,,,,,,,,,,
6a2f8fab0de103506950df00,37448,android,linux,macos,windows,,,,,,,,,,,,multiple,,linux,windows,,,,,,,,,,,,,,,,,,,,,,,,,,,,android,linux,macos,windows,,,,,,,,,,,,,,,,,,,,,,,,,,,,,,,,,,android,linux,macos,windows,,,,,,,,,,,,android,linux,macos,windows,,,,,,,,,,,,,,,,,,
6a2f8fab0de103506950df01,37847,android,linux,macos,windows,,,,,,,,,,,,windows,,windows,,,,,,,,,,,,,,,,,,,,,,,,,,,,,android,linux,macos,windows,,,,,,,,,,,,,,,,,,,,,,,,,,,,,,,,,,android,linux,macos,windows,,,,,,,,,,,,android,linux,macos,windows,,,,,,,,,,,,,,,,,,
6a2f8fab0de103506950df02,37850,android,linux,macos,windows,,,,,,,,,,,,multiple,,x86-64,,,,,,,,,,,,,,,,,,,,,,,,,,,,,android,linux,macos,windows,,,,,,,,,,,,,,,,,,,,,,,,,,,,,,,,,,android,linux,macos,windows,,,,,,,,,,,,android,linux,macos,windows,,,,,,,,,,,,,,,,,,
6a2f8fab0de103506950df03,37848,linux,macos,windows,,,,,,,,,,,,,windows,,windows,,,,,,,,,,,,,,,,,,,,,,,,,,,,,linux,macos,windows,,,,,,,,,,,,,,,,,,,,,,,,,,,,,,,,,,,linux,macos,windows,,,,,,,,,,,,,linux,macos,windows,,,,,,,,,,,,,,,,,,,
6a2f8fab0de103506950df04,37849,linux,macos,windows,,,,,,,,,,,,,windows,,,,,,,,,,,,,,,,,,,,,,,,,,,,,,,linux,macos,windows,,,,,,,,,,,,,,,,,,,,,,,,,,,,,,,,,,,linux,macos,windows,,,,,,,,,,,,,linux,macos,windows,,,,,,,,,,,,,,,,,,,
6a2f8fab0de103506950df05,37860,linux,macos,windows,,,,,,,,,,,,,windows,,windows,x86-64,,,,,,,,,,,,,,,,,,,,,,,,,,,,linux,macos,windows,,,,,,,,,,,,,,,,,,,,,,,,,,,,,,,,,,,linux,macos,windows,,,,,,,,,,,,,linux,macos,windows,,,,,,,,,,,,,,,,,,,
6a2f8fab0de103506950df06,37862,linux,macos,windows,,,,,,,,,,,,,windows,,windows,,,,,,,,,,,,,,,,,,,,,,,,,,,,,linux,macos,windows,,,,,,,,,,,,,,,,,,,,,,,,,,,,,,,,,,,linux,macos,windows,,,,,,,,,,,,,linux,macos,windows,,,,,,,,,,,,,,,,,,,
6a2f8fab0de103506950df07,37864,linux,macos,windows,,,,,,,,,,,,,multiple,,,,,,,,,,,,,,,,,,,,,,,,,,,,,,,linux,macos,windows,,,,,,,,,,,,,,,,,,,,,,,,,,,,,,,,,,,linux,macos,windows,,,,,,,,,,,,,linux,macos,windows,,,,,,,,,,,,,,,,,,,
6a2f8fab0de103506950df08,37990,linux,x86,,,,,,,,,,,,,,multiple,,linux,x86,x86-64,,,,,,,,,,,,,,,,,,,,,,,,,,,linux,x86,,,,,,,,,,,,,,,,,,,,,,,,,,,,,,,,,,,,linux,,,,,,,,,,,,,,,linux,x86,,,,,,,,,,,,,,,,,,,,
6a2f8fab0de103506950df09,37360,linux,,,,,,,,,,,,,,,php,,php,windows,,,,,,,,,,,,,,,,,,,,,,,,,,,,linux,,,,,,,,,,,,,,,,,,,,,,,,,,,,,,,,,,,,,linux,,,,,,,,,,,,,,,linux,python,,,,,,,,,,,,,,,,,,,,
6a2f8fab0de103506950df0a,33789,java,,,,,,,,,,,,,,,multiple,,java,linux,windows,,,,,,,,,,,,,,,,,,,,,,,,,,,java,,,,,,,,,,,,,,,,,,,,,,,,,,,,,,,,,,,,,java,,,,,,,,,,,,,,,java,,,,,,,,,,,,,,,,,,,,,
6a2f8fab0de103506950df0b,37054,java,,,,,,,,,,,,,,,php,,linux,,,,,,,,,,,,,,,,,,,,,,,,,,,,,java,,,,,,,,,,,,,,,,,,,,,,,,,,,,,,,,,,,,,java,json,,,,,,,,,,,,,,java,,,,,,,,,,,,,,,,,,,,,
6a2f8fab0de103506950df0c,38118,aspx,xml,,,,,,,,,,,,,,xml,,xml,,,,,,,,,,,,,,,,,,,,,,,,,,,,,aspx,xml,,,,,,,,,,,,,,,,,,,,,,,,,,,,,,,,,,,,aspx,xml,,,,,,,,,,,,,,aspx,xml,,,,,,,,,,,,,,,,,,,,
6a2f8fab0de103506950df0d,38263,ios,macos,,,,,,,,,,,,,,macos,,macos,,,,,,,,,,,,,,,,,,,,,,,,,,,,,ios,macos,,,,,,,,,,,,,,,,,,,,,,,,,,,,,,,,,,,,ios,macos,,,,,,,,,,,,,,ios,macos,,,,,,,,,,,,,,,,,,,,
6a2f8fab0de103506950df0e,38262,ios,macos,,,,,,,,,,,,,,macos,,macos,,,,,,,,,,,,,,,,,,,,,,,,,,,,,ios,macos,,,,,,,,,,,,,,,,,,,,,,,,,,,,,,,,,,,,ios,macos,,,,,,,,,,,,,,ios,macos,,,,,,,,,,,,,,,,,,,,
6a2f8fab0de103506950df0f,37260,java,,,,,,,,,,,,,,,jsp,,macos,windows,,,,,,,,,,,,,,,,,,,,,,,,,,,,java,,,,,,,,,,,,,,,,,,,,,,,,,,,,,,,,,,,,,java,,,,,,,,,,,,,,,java,,,,,,,,,,,,,,,,,,,,,
6a2f8fab0de103506950df10,38847,json,,,,,,,,,,,,,,,windows,,windows,,,,,,,,,,,,,,,,,,,,,,,,,,,,,json,,,,,,,,,,,,,,,,,,,,,,,,,,,,,,,,,,,,,json,,,,,,,,,,,,,,,json,,,,,,,,,,,,,,,,,,,,,
6a2f8fab0de103506950df11,37875,linux,macos,windows,,,,,,,,,,,,,windows,,windows,,,,,,,,,,,,,,,,,,,,,,,,,,,,,linux,macos,windows,,,,,,,,,,,,,,,,,,,,,,,,,,,,,,,,,,,linux,macos,windows,,,,,,,,,,,,,linux,macos,windows,,,,,,,,,,,,,,,,,,,
6a2f8fab0de103506950df12,37772,javascript,linux,macos,,,,,,,,,,,,,multiple,,linux,macos,,,,,,,,,,,,,,,,,,,,,,,,,,,,javascript,linux,,,,,,,,,,,,,,,,,,,,,,,,,,,,,,,,,,,,javascript,linux,,,,,,,,,,,,,,android,javascript,linux,macos,windows,,,,,,,,,,,,,,,,,
6a2f8fab0de103506950df13,37387,perl,,,,,,,,,,,,,,,php,,linux,perl,,,,,,,,,,,,,,,,,,,,,,,,,,,,perl,,,,,,,,,,,,,,,,,,,,,,,,,,,,,,,,,,,,,perl,,,,,,,,,,,,,,,php,,,,,,,,,,,,,,,,,,,,,
6a2f8fab0de103506950df14,37389,perl,,,,,,,,,,,,,,,php,,linux,perl,,,,,,,,,,,,,,,,,,,,,,,,,,,,perl,,,,,,,,,,,,,,,,,,,,,,,,,,,,,,,,,,,,,perl,,,,,,,,,,,,,,,php,,,,,,,,,,,,,,,,,,,,,
6a2f8fab0de103506950df15,37449,linux,,,,,,,,,,,,,,,hardware,,,,,,,,,,,,,,,,,,,,,,,,,,,,,,,linux,,,,,,,,,,,,,,,,,,,,,,,,,,,,,,,,,,,,,linux,,,,,,,,,,,,,,,linux,,,,,,,,,,,,,,,,,,,,,
6a2f8fab0de103506950df16,46628,java,,,,,,,,,,,,,,,multiple,,solaris,windows,,,,,,,,,,,,,,,,,,,,,,,,,,,,java,,,,,,,,,,,,,,,,,,,,,,,,,,,,,,,,,,,,,java,,,,,,,,,,,,,,,java,,,,,,,,,,,,,,,,,,,,,
6a2f8fab0de103506950df17,38096,cgi,linux,,,,,,,,,,,,,,linux,,linux,x86,x86-64,,,,,,,,,,,,,,,,,,,,,,,,,,,cgi,linux,,,,,,,,,,,,,,,,,,,,,,,,,,,,,,,,,,,,cgi,linux,,,,,,,,,,,,,,cgi,linux,,,,,,,,,,,,,,,,,,,,
6a2f8fab0de103506950df18,37851,linux,macos,windows,,,,,,,,,,,,,multiple,,actionscript,,,,,,,,,,,,,,,,,,,,,,,,,,,,,linux,macos,windows,,,,,,,,,,,,,,,,,,,,,,,,,,,,,,,,,,,linux,macos,windows,,,,,,,,,,,,,linux,macos,windows,,,,,,,,,,,,,,,,,,,
6a2f8fab0de103506950df19,37880,linux,macos,windows,,,,,,,,,,,,,linux,linux-x86-64,linux,,,,,,,,,,,,,,,,,,,,,,,,,,,,,linux,macos,windows,,,,,,,,,,,,,,,,,,,,,,,,,,,,,,,,,,,linux,macos,windows,,,,,,,,,,,,,linux,macos,windows,,,,,,,,,,,,,,,,,,,
6a2f8fab0de103506950df1a,37523,linux,macos,windows,,,,,,,,,,,,,multiple,,linux,windows,x86,,,,,,,,,,,,,,,,,,,,,,,,,,,linux,macos,windows,,,,,,,,,,,,,,,,,,,,,,,,,,,,,,,,,,,linux,macos,windows,,,,,,,,,,,,,linux,macos,windows,,,,,,,,,,,,,,,,,,,
6a2f8fab0de103506950df1b,37599,linux,macos,windows,,,,,,,,,,,,,windows,,windows,x86,,,,,,,,,,,,,,,,,,,,,,,,,,,,linux,macos,windows,,,,,,,,,,,,,,,,,,,,,,,,,,,,,,,,,,,linux,macos,windows,,,,,,,,,,,,,linux,macos,windows,,,,,,,,,,,,,,,,,,,
6a2f8fab0de103506950df1c,37861,linux,macos,windows,,,,,,,,,,,,,windows,,windows,,,,,,,,,,,,,,,,,,,,,,,,,,,,,linux,macos,windows,,,,,,,,,,,,,,,,,,,,,,,,,,,,,,,,,,,android,ios,linux,macos,windows,,,,,,,,,,,linux,macos,windows,,,,,,,,,,,,,,,,,,,
6a2f8fab0de103506950df1d,37854,linux,macos,windows,,,,,,,,,,,,,windows,,windows,,,,,,,,,,,,,,,,,,,,,,,,,,,,,linux,macos,windows,,,,,,,,,,,,,,,,,,,,,,,,,,,,,,,,,,,android,ios,linux,macos,windows,,,,,,,,,,,linux,macos,windows,,,,,,,,,,,,,,,,,,,
6a2f8fab0de103506950df1e,37856,linux,macos,windows,,,,,,,,,,,,,windows,,windows,,,,,,,,,,,,,,,,,,,,,,,,,,,,,linux,macos,windows,,,,,,,,,,,,,,,,,,,,,,,,,,,,,,,,,,,android,ios,linux,macos,windows,,,,,,,,,,,linux,macos,windows,,,,,,,,,,,,,,,,,,,
6a2f8fab0de103506950df1f,37857,linux,macos,windows,,,,,,,,,,,,,windows,,windows,,,,,,,,,,,,,,,,,,,,,,,,,,,,,linux,macos,windows,,,,,,,,,,,,,,,,,,,,,,,,,,,,,,,,,,,android,ios,linux,macos,windows,,,,,,,,,,,linux,macos,windows,,,,,,,,,,,,,,,,,,,
6a2f8fab0de103506950df20,37858,linux,macos,windows,,,,,,,,,,,,,windows,,windows,,,,,,,,,,,,,,,,,,,,,,,,,,,,,linux,macos,windows,,,,,,,,,,,,,,,,,,,,,,,,,,,,,,,,,,,android,ios,linux,macos,windows,,,,,,,,,,,linux,macos,windows,,,,,,,,,,,,,,,,,,,
6a2f8fab0de103506950df21,37852,linux,macos,windows,,,,,,,,,,,,,multiple,,x86-64,,,,,,,,,,,,,,,,,,,,,,,,,,,,,linux,macos,windows,,,,,,,,,,,,,,,,,,,,,,,,,,,,,,,,,,,android,ios,linux,macos,windows,,,,,,,,,,,linux,macos,windows,,,,,,,,,,,,,,,,,,,
6a2f8fab0de103506950df22,37322,java,jsp,,,,,,,,,,,,,,multiple,,java,,,,,,,,,,,,,,,,,,,,,,,,,,,,,java,jsp,,,,,,,,,,,,,,,,,,,,,,,,,,,,,,,,,,,,java,jsp,,,,,,,,,,,,,,java,jsp,,,,,,,,,,,,,,,,,,,,
6a2f8fab0de103506950df23,38835,linux,,,,,,,,,,,,,,,multiple,,linux,python,,,,,,,,,,,,,,,,,,,,,,,,,,,,linux,,,,,,,,,,,,,,,,,,,,,,,,,,,,,,,,,,,,,javascript,linux,,,,,,,,,,,,,,linux,,,,,,,,,,,,,,,,,,,,,
6a2f8fac0de103506950df24,38383,java,,,,,,,,,,,,,,,linux,,linux,python,,,,,,,,,,,,,,,,,,,,,,,,,,,,java,,,,,,,,,,,,,,,,,,,,,,,,,,,,,,,,,,,,,java,json,,,,,,,,,,,,,,java,,,,,,,,,,,,,,,,,,,,,
6a2f8fac0de103506950df25,37855,linux,macos,windows,,,,,,,,,,,,,multiple,,x86-64,,,,,,,,,,,,,,,,,,,,,,,,,,,,,linux,macos,windows,,,,,,,,,,,,,,,,,,,,,,,,,,,,,,,,,,,android,ios,linux,macos,windows,,,,,,,,,,,linux,macos,windows,,,,,,,,,,,,,,,,,,,
6a2f8fac0de103506950df26,37866,linux,macos,windows,,,,,,,,,,,,,linux,,linux,x86-64,,,,,,,,,,,,,,,,,,,,,,,,,,,,linux,macos,windows,,,,,,,,,,,,,,,,,,,,,,,,,,,,,,,,,,,android,ios,linux,macos,windows,,,,,,,,,,,linux,macos,windows,,,,,,,,,,,,,,,,,,,
6a2f8fac0de103506950df27,37867,linux,macos,windows,,,,,,,,,,,,,linux,,linux,x86-64,,,,,,,,,,,,,,,,,,,,,,,,,,,,linux,macos,windows,,,,,,,,,,,,,,,,,,,,,,,,,,,,,,,,,,,android,ios,linux,macos,windows,,,,,,,,,,,linux,macos,windows,,,,,,,,,,,,,,,,,,,
6a2f8fac0de103506950df28,37868,linux,macos,windows,,,,,,,,,,,,,linux,linux-x86-64,linux,x86-64,,,,,,,,,,,,,,,,,,,,,,,,,,,,linux,macos,windows,,,,,,,,,,,,,,,,,,,,,,,,,,,,,,,,,,,android,ios,linux,macos,windows,,,,,,,,,,,linux,macos,windows,,,,,,,,,,,,,,,,,,,
6a2f8fac0de103506950df29,37869,linux,macos,windows,,,,,,,,,,,,,linux,,linux,x86-64,,,,,,,,,,,,,,,,,,,,,,,,,,,,linux,macos,windows,,,,,,,,,,,,,,,,,,,,,,,,,,,,,,,,,,,android,ios,linux,macos,windows,,,,,,,,,,,linux,macos,windows,,,,,,,,,,,,,,,,,,,
6a2f8fac0de103506950df2a,37870,linux,macos,windows,,,,,,,,,,,,,linux,,linux,x86-64,,,,,,,,,,,,,,,,,,,,,,,,,,,,linux,macos,windows,,,,,,,,,,,,,,,,,,,,,,,,,,,,,,,,,,,android,ios,linux,macos,windows,,,,,,,,,,,linux,macos,windows,,,,,,,,,,,,,,,,,,,
6a2f8fac0de103506950df2b,37872,linux,macos,windows,,,,,,,,,,,,,multiple,,xml,,,,,,,,,,,,,,,,,,,,,,,,,,,,,linux,macos,windows,,,,,,,,,,,,,,,,,,,,,,,,,,,,,,,,,,,android,ios,linux,macos,windows,,,,,,,,,,,linux,macos,windows,,,,,,,,,,,,,,,,,,,
6a2f8fac0de103506950df2c,37865,linux,macos,windows,,,,,,,,,,,,,multiple,,,,,,,,,,,,,,,,,,,,,,,,,,,,,,,linux,macos,windows,,,,,,,,,,,,,,,,,,,,,,,,,,,,,,,,,,,android,ios,linux,macos,windows,,,,,,,,,,,linux,macos,windows,,,,,,,,,,,,,,,,,,,
6a2f8fac0de103506950df2d,37876,linux,macos,windows,,,,,,,,,,,,,linux,linux-x86-64,linux,x86-64,,,,,,,,,,,,,,,,,,,,,,,,,,,,linux,macos,windows,,,,,,,,,,,,,,,,,,,,,,,,,,,,,,,,,,,android,ios,linux,macos,windows,,,,,,,,,,,linux,macos,windows,,,,,,,,,,,,,,,,,,,
6a2f8fac0de103506950df2e,37874,linux,macos,windows,,,,,,,,,,,,,multiple,,,,,,,,,,,,,,,,,,,,,,,,,,,,,,,linux,macos,windows,,,,,,,,,,,,,,,,,,,,,,,,,,,,,,,,,,,android,ios,linux,macos,windows,,,,,,,,,,,linux,macos,windows,,,,,,,,,,,,,,,,,,,
6a2f8fac0de103506950df2f,37873,linux,macos,windows,,,,,,,,,,,,,multiple,,,,,,,,,,,,,,,,,,,,,,,,,,,,,,,linux,macos,windows,,,,,,,,,,,,,,,,,,,,,,,,,,,,,,,,,,,android,ios,linux,macos,windows,,,,,,,,,,,linux,macos,windows,,,,,,,,,,,,,,,,,,,
6a2f8fac0de103506950df30,37878,linux,macos,windows,,,,,,,,,,,,,multiple,,,,,,,,,,,,,,,,,,,,,,,,,,,,,,,linux,macos,windows,,,,,,,,,,,,,,,,,,,,,,,,,,,,,,,,,,,android,ios,linux,macos,windows,,,,,,,,,,,linux,macos,windows,,,,,,,,,,,,,,,,,,,
6a2f8fac0de103506950df31,37882,linux,macos,windows,,,,,,,,,,,,,multiple,,x86-64,,,,,,,,,,,,,,,,,,,,,,,,,,,,,linux,macos,windows,,,,,,,,,,,,,,,,,,,,,,,,,,,,,,,,,,,android,ios,linux,macos,windows,,,,,,,,,,,linux,macos,windows,,,,,,,,,,,,,,,,,,,
6a2f8fac0de103506950df32,37883,linux,macos,windows,,,,,,,,,,,,,windows,,windows,,,,,,,,,,,,,,,,,,,,,,,,,,,,,linux,macos,windows,,,,,,,,,,,,,,,,,,,,,,,,,,,,,,,,,,,android,ios,linux,macos,windows,,,,,,,,,,,linux,macos,windows,,,,,,,,,,,,,,,,,,,
6a2f8fac0de103506950df33,37881,linux,macos,windows,,,,,,,,,,,,,windows,windows-x86,as,windows,x86,,,,,,,,,,,,,,,,,,,,,,,,,,,linux,macos,windows,,,,,,,,,,,,,,,,,,,,,,,,,,,,,,,,,,,android,ios,linux,macos,windows,,,,,,,,,,,linux,macos,windows,,,,,,,,,,,,,,,,,,,
6a2f8fac0de103506950df34,37884,linux,macos,windows,,,,,,,,,,,,,windows,,windows,x86-64,,,,,,,,,,,,,,,,,,,,,,,,,,,,linux,macos,windows,,,,,,,,,,,,,,,,,,,,,,,,,,,,,,,,,,,android,ios,linux,macos,windows,,,,,,,,,,,linux,macos,windows,,,,,,,,,,,,,,,,,,,
6a2f8fac0de103506950df35,38348,linux,macos,windows,,,,,,,,,,,,,windows,,windows,x86,,,,,,,,,,,,,,,,,,,,,,,,,,,,linux,macos,windows,,,,,,,,,,,,,,,,,,,,,,,,,,,,,,,,,,,android,ios,linux,macos,windows,,,,,,,,,,,linux,macos,windows,,,,,,,,,,,,,,,,,,,
6a2f8fac0de103506950df36,39652,linux,macos,windows,,,,,,,,,,,,,multiple,,,,,,,,,,,,,,,,,,,,,,,,,,,,,,,linux,macos,windows,,,,,,,,,,,,,,,,,,,,,,,,,,,,,,,,,,,android,ios,linux,macos,windows,,,,,,,,,,,linux,macos,windows,,,,,,,,,,,,,,,,,,,
6a2f8fac0de103506950df37,37710,aix,bsd,hp-ux,linux,solaris,unixware,,,,,,,,,,linux,,linux,,,,,,,,,,,,,,,,,,,,,,,,,,,,,aix,bsd,hp-ux,linux,solaris,unixware,,,,,,,,,,,,,,,,,,,,,,,,,,,,,,,,unixware,,,,,,,,,,,,,,,aix,bsd,hp-ux,linux,solaris,unixware,,,,,,,,,,,,,,,,
6a2f8fac0de103506950df38,38905,java,,,,,,,,,,,,,,,multiple,,java,linux,windows,,,,,,,,,,,,,,,,,,,,,,,,,,,java,,,,,,,,,,,,,,,,,,,,,,,,,,,,,,,,,,,,,java,,,,,,,,,,,,,,,java,,,,,,,,,,,,,,,,,,,,,
6a2f8fac0de103506950df39,36190,ios,,,,,,,,,,,,,,,linux,,linux,x86-64,,,,,,,,,,,,,,,,,,,,,,,,,,,,ios,,,,,,,,,,,,,,,,,,,,,,,,,,,,,,,,,,,,,ios,,,,,,,,,,,,,,,ios,,,,,,,,,,,,,,,,,,,,,
6a2f8fac0de103506950df3a,38303,linux,macos,,,,,,,,,,,,,,macos,,macos,,,,,,,,,,,,,,,,,,,,,,,,,,,,,linux,macos,,,,,,,,,,,,,,,,,,,,,,,,,,,,,,,,,,,,linux,macos,,,,,,,,,,,,,,linux,macos,,,,,,,,,,,,,,,,,,,,
6a2f8fac0de103506950df3b,41173,aix,bsd,hp-ux,irix,linux,qnx,solaris,tru64,unixware,vxworks,,,,,,linux,,linux,,,,,,,,,,,,,,,,,,,,,,,,,,,,,aix,bsd,hp-ux,irix,linux,macos,qnx,solaris,tru64,unixware,vxworks,,,,,,,,,,,,,,,,,,,,,,,,,,,bsd,,,,,,,,,,,,,,,aix,bsd,hp-ux,irix,linux,qnx,solaris,tru64,unixware,vxworks,,,,,,,,,,,,
6a2f8fac0de103506950df3c,38351,ashx,,,,,,,,,,,,,,,asp,,linux,windows,,,,,,,,,,,,,,,,,,,,,,,,,,,,ashx,,,,,,,,,,,,,,,,,,,,,,,,,,,,,,,,,,,,,ashx,json,,,,,,,,,,,,,,ashx,,,,,,,,,,,,,,,,,,,,,
6a2f8fac0de103506950df3d,43882,ashx,,,,,,,,,,,,,,,asp,,linux,windows,,,,,,,,,,,,,,,,,,,,,,,,,,,,ashx,,,,,,,,,,,,,,,,,,,,,,,,,,,,,,,,,,,,,ashx,json,,,,,,,,,,,,,,ashx,,,,,,,,,,,,,,,,,,,,,
6a2f8fac0de103506950df3e,38128,linux,,,,,,,,,,,,,,,cgi,,linux,,,,,,,,,,,,,,,,,,,,,,,,,,,,,,,,,,,,,,,,,,,,,,,,,,,,,,,,,,,,,,,,,,cgi,linux,,,,,,,,,,,,,,linux,,,,,,,,,,,,,,,,,,,,,
6a2f8fac0de103506950df3f,39381,ios,macos,,,,,,,,,,,,,,macos,,macos,,,,,,,,,,,,,,,,,,,,,,,,,,,,,ios,macos,,,,,,,,,,,,,,,,,,,,,,,,,,,,,,,,,,,,ios,macos,,,,,,,,,,,,,,ios,macos,,,,,,,,,,,,,,,,,,,,
6a2f8fac0de103506950df40,39380,ios,macos,watchos,,,,,,,,,,,,,macos,,macos,,,,,,,,,,,,,,,,,,,,,,,,,,,,,ios,macos,watchos,,,,,,,,,,,,,,,,,,,,,,,,,,,,,,,,,,,ios,macos,watchos,,,,,,,,,,,,,ios,macos,watchos,,,,,,,,,,,,,,,,,,,
6a2f8fac0de103506950df41,38917,ios,macos,watchos,,,,,,,,,,,,,macos,,macos,,,,,,,,,,,,,,,,,,,,,,,,,,,,,ios,macos,watchos,,,,,,,,,,,,,,,,,,,,,,,,,,,,,,,,,,,ios,macos,watchos,,,,,,,,,,,,,ios,macos,watchos,,,,,,,,,,,,,,,,,,,
6a2f8fac0de103506950df42,39371,ios,macos,watchos,,,,,,,,,,,,,macos,,macos,,,,,,,,,,,,,,,,,,,,,,,,,,,,,ios,macos,watchos,,,,,,,,,,,,,,,,,,,,,,,,,,,,,,,,,,,ios,macos,watchos,,,,,,,,,,,,,ios,macos,watchos,,,,,,,,,,,,,,,,,,,
6a2f8fac0de103506950df43,39373,ios,macos,watchos,,,,,,,,,,,,,macos,,macos,x86-64,,,,,,,,,,,,,,,,,,,,,,,,,,,,ios,macos,watchos,,,,,,,,,,,,,,,,,,,,,,,,,,,,,,,,,,,ios,macos,watchos,,,,,,,,,,,,,ios,macos,watchos,,,,,,,,,,,,,,,,,,,
6a2f8fac0de103506950df44,39374,ios,macos,watchos,,,,,,,,,,,,,macos,,macos,,,,,,,,,,,,,,,,,,,,,,,,,,,,,ios,macos,watchos,,,,,,,,,,,,,,,,,,,,,,,,,,,,,,,,,,,ios,macos,watchos,,,,,,,,,,,,,ios,macos,watchos,,,,,,,,,,,,,,,,,,,
6a2f8fac0de103506950df45,39375,ios,macos,watchos,,,,,,,,,,,,,macos,,macos,,,,,,,,,,,,,,,,,,,,,,,,,,,,,ios,macos,watchos,,,,,,,,,,,,,,,,,,,,,,,,,,,,,,,,,,,ios,macos,watchos,,,,,,,,,,,,,ios,macos,watchos,,,,,,,,,,,,,,,,,,,
6a2f8fac0de103506950df46,39377,ios,macos,watchos,,,,,,,,,,,,,multiple,,ios,macos,,,,,,,,,,,,,,,,,,,,,,,,,,,,ios,macos,watchos,,,,,,,,,,,,,,,,,,,,,,,,,,,,,,,,,,,ios,macos,watchos,,,,,,,,,,,,,ios,macos,watchos,,,,,,,,,,,,,,,,,,,
6a2f8fac0de103506950df47,39376,ios,macos,watchos,,,,,,,,,,,,,macos,,macos,x86,,,,,,,,,,,,,,,,,,,,,,,,,,,,ios,macos,watchos,,,,,,,,,,,,,,,,,,,,,,,,,,,,,,,,,,,ios,macos,watchos,,,,,,,,,,,,,ios,macos,watchos,,,,,,,,,,,,,,,,,,,
6a2f8fac0de103506950df48,39378,ios,macos,watchos,,,,,,,,,,,,,multiple,,ios,macos,,,,,,,,,,,,,,,,,,,,,,,,,,,,ios,macos,watchos,,,,,,,,,,,,,,,,,,,,,,,,,,,,,,,,,,,ios,macos,watchos,,,,,,,,,,,,,ios,macos,watchos,,,,,,,,,,,,,,,,,,,
6a2f8fac0de103506950df49,39357,ios,macos,watchos,,,,,,,,,,,,,macos,,ios,macos,,,,,,,,,,,,,,,,,,,,,,,,,,,,ios,macos,watchos,,,,,,,,,,,,,,,,,,,,,,,,,,,,,,,,,,,ios,macos,watchos,,,,,,,,,,,,,ios,macos,watchos,,,,,,,,,,,,,,,,,,,
6a2f8fac0de103506950df4a,39366,ios,macos,watchos,,,,,,,,,,,,,multiple,,ios,macos,,,,,,,,,,,,,,,,,,,,,,,,,,,,ios,macos,watchos,,,,,,,,,,,,,,,,,,,,,,,,,,,,,,,,,,,ios,macos,watchos,,,,,,,,,,,,,ios,macos,watchos,,,,,,,,,,,,,,,,,,,
6a2f8fac0de103506950df4b,39379,ios,macos,watchos,,,,,,,,,,,,,multiple,,ios,macos,,,,,,,,,,,,,,,,,,,,,,,,,,,,ios,macos,watchos,,,,,,,,,,,,,,,,,,,,,,,,,,,,,,,,,,,ios,macos,watchos,,,,,,,,,,,,,ios,macos,watchos,,,,,,,,,,,,,,,,,,,
6a2f8fac0de103506950df4c,37272,java,jsp,,,,,,,,,,,,,,jsp,,java,windows,,,,,,,,,,,,,,,,,,,,,,,,,,,,java,,,,,,,,,,,,,,,,,,,,,,,,,,,,,,,,,,,,,java,jsp,,,,,,,,,,,,,,java,jsp,,,,,,,,,,,,,,,,,,,,
6a2f8fac0de103506950df4d,38787,macos,windows,,,,,,,,,,,,,,windows,,windows,,,,,,,,,,,,,,,,,,,,,,,,,,,,,macos,windows,,,,,,,,,,,,,,,,,,,,,,,,,,,,,,,,,,,,macos,windows,,,,,,,,,,,,,,macos,windows,,,,,,,,,,,,,,,,,,,,
6a2f8fac0de103506950df4e,38490,linux,macos,windows,,,,,,,,,,,,,multiple,,linux,macos,windows,x86,x86-64,,,,,,,,,,,,,,,,,,,,,,,,,linux,macos,windows,,,,,,,,,,,,,,,,,,,,,,,,,,,,,,,,,,,linux,macos,windows,,,,,,,,,,,,,linux,macos,windows,,,,,,,,,,,,,,,,,,,
6a2f8fac0de103506950df4f,38969,linux,macos,windows,,,,,,,,,,,,,multiple,,actionscript,,,,,,,,,,,,,,,,,,,,,,,,,,,,,linux,macos,windows,,,,,,,,,,,,,,,,,,,,,,,,,,,,,,,,,,,linux,macos,windows,,,,,,,,,,,,,linux,macos,windows,,,,,,,,,,,,,,,,,,,
6a2f8fac0de103506950df50,38970,linux,macos,windows,,,,,,,,,,,,,multiple,,,,,,,,,,,,,,,,,,,,,,,,,,,,,,,linux,macos,windows,,,,,,,,,,,,,,,,,,,,,,,,,,,,,,,,,,,linux,macos,windows,,,,,,,,,,,,,linux,macos,windows,,,,,,,,,,,,,,,,,,,
6a2f8fac0de103506950df51,39020,linux,macos,windows,,,,,,,,,,,,,windows,,flash,,,,,,,,,,,,,,,,,,,,,,,,,,,,,linux,macos,windows,,,,,,,,,,,,,,,,,,,,,,,,,,,,,,,,,,,android,ios,linux,macos,windows,,,,,,,,,,,linux,macos,windows,,,,,,,,,,,,,,,,,,,
6a2f8fac0de103506950df52,38555,android,arm,,,,,,,,,,,,,,android,,linux,x86-64,,,,,,,,,,,,,,,,,,,,,,,,,,,,android,arm,,,,,,,,,,,,,,,,,,,,,,,,,,,,,,,,,,,,android,arm,,,,,,,,,,,,,,android,arm,,,,,,,,,,,,,,,,,,,,
6a2f8fac0de103506950df53,39021,linux,macos,windows,,,,,,,,,,,,,windows,,actionscript,,,,,,,,,,,,,,,,,,,,,,,,,,,,,linux,macos,windows,,,,,,,,,,,,,,,,,,,,,,,,,,,,,,,,,,,android,ios,linux,macos,windows,,,,,,,,,,,linux,macos,windows,,,,,,,,,,,,,,,,,,,
6a2f8fac0de103506950df54,39019,linux,macos,windows,,,,,,,,,,,,,windows,,adobe flash player,,,,,,,,,,,,,,,,,,,,,,,,,,,,,linux,macos,windows,,,,,,,,,,,,,,,,,,,,,,,,,,,,,,,,,,,android,ios,linux,macos,windows,,,,,,,,,,,linux,macos,windows,,,,,,,,,,,,,,,,,,,
6a2f8fac0de103506950df55,39649,linux,macos,windows,,,,,,,,,,,,,multiple,,linux,windows,,,,,,,,,,,,,,,,,,,,,,,,,,,,linux,macos,windows,,,,,,,,,,,,,,,,,,,,,,,,,,,,,,,,,,,android,ios,linux,macos,windows,,,,,,,,,,,linux,macos,windows,,,,,,,,,,,,,,,,,,,
6a2f8fac0de103506950df56,39231,xml,,,,,,,,,,,,,,,asp,,asp,windows,x86,,,,,,,,,,,,,,,,,,,,,,,,,,,xml,,,,,,,,,,,,,,,,,,,,,,,,,,,,,,,,,,,,,xml,,,,,,,,,,,,,,,xml,,,,,,,,,,,,,,,,,,,,,
6a2f8fac0de103506950df57,38836,lua,,,,,,,,,,,,,,,multiple,,macos,windows,,,,,,,,,,,,,,,,,,,,,,,,,,,,lua,,,,,,,,,,,,,,,,,,,,,,,,,,,,,,,,,,,,,lua,,,,,,,,,,,,,,,lua,,,,,,,,,,,,,,,,,,,,,
6a2f8fac0de103506950df58,39040,linux,macos,windows,,,,,,,,,,,,,windows,,,,,,,,,,,,,,,,,,,,,,,,,,,,,,,linux,macos,windows,,,,,,,,,,,,,,,,,,,,,,,,,,,,,,,,,,,android,ios,linux,macos,windows,,,,,,,,,,,linux,macos,windows,,,,,,,,,,,,,,,,,,,
6a2f8fac0de103506950df59,39041,linux,macos,windows,,,,,,,,,,,,,windows,,,,,,,,,,,,,,,,,,,,,,,,,,,,,,,linux,macos,windows,,,,,,,,,,,,,,,,,,,,,,,,,,,,,,,,,,,android,ios,linux,macos,windows,,,,,,,,,,,linux,macos,windows,,,,,,,,,,,,,,,,,,,
6a2f8fac0de103506950df5a,39042,linux,macos,windows,,,,,,,,,,,,,windows,,actionscript,,,,,,,,,,,,,,,,,,,,,,,,,,,,,linux,macos,windows,,,,,,,,,,,,,,,,,,,,,,,,,,,,,,,,,,,android,ios,linux,macos,windows,,,,,,,,,,,linux,macos,windows,,,,,,,,,,,,,,,,,,,
6a2f8fac0de103506950df5b,39043,linux,macos,windows,,,,,,,,,,,,,windows,windows-x86-64,x86-64,,,,,,,,,,,,,,,,,,,,,,,,,,,,,linux,macos,windows,,,,,,,,,,,,,,,,,,,,,,,,,,,,,,,,,,,android,ios,linux,macos,windows,,,,,,,,,,,linux,macos,windows,,,,,,,,,,,,,,,,,,,
6a2f8fac0de103506950df5c,39044,linux,macos,windows,,,,,,,,,,,,,windows,,flash,,,,,,,,,,,,,,,,,,,,,,,,,,,,,linux,macos,windows,,,,,,,,,,,,,,,,,,,,,,,,,,,,,,,,,,,android,ios,linux,macos,windows,,,,,,,,,,,linux,macos,windows,,,,,,,,,,,,,,,,,,,
6a2f8fac0de103506950df5d,39048,linux,macos,windows,,,,,,,,,,,,,windows,,,,,,,,,,,,,,,,,,,,,,,,,,,,,,,linux,macos,windows,,,,,,,,,,,,,,,,,,,,,,,,,,,,,,,,,,,android,ios,linux,macos,windows,,,,,,,,,,,linux,macos,windows,,,,,,,,,,,,,,,,,,,
6a2f8fac0de103506950df5e,39049,linux,macos,windows,,,,,,,,,,,,,windows,,,,,,,,,,,,,,,,,,,,,,,,,,,,,,,linux,macos,windows,,,,,,,,,,,,,,,,,,,,,,,,,,,,,,,,,,,android,ios,linux,macos,windows,,,,,,,,,,,linux,macos,windows,,,,,,,,,,,,,,,,,,,
6a2f8fac0de103506950df5f,39051,linux,macos,windows,,,,,,,,,,,,,windows,,,,,,,,,,,,,,,,,,,,,,,,,,,,,,,linux,macos,windows,,,,,,,,,,,,,,,,,,,,,,,,,,,,,,,,,,,android,ios,linux,macos,windows,,,,,,,,,,,linux,macos,windows,,,,,,,,,,,,,,,,,,,
6a2f8fac0de103506950df60,39052,linux,macos,windows,,,,,,,,,,,,,windows,,actionscript,,,,,,,,,,,,,,,,,,,,,,,,,,,,,linux,macos,windows,,,,,,,,,,,,,,,,,,,,,,,,,,,,,,,,,,,android,ios,linux,macos,windows,,,,,,,,,,,linux,macos,windows,,,,,,,,,,,,,,,,,,,
6a2f8fac0de103506950df61,39053,linux,macos,windows,,,,,,,,,,,,,windows,,flash,,,,,,,,,,,,,,,,,,,,,,,,,,,,,linux,macos,windows,,,,,,,,,,,,,,,,,,,,,,,,,,,,,,,,,,,android,ios,linux,macos,windows,,,,,,,,,,,linux,macos,windows,,,,,,,,,,,,,,,,,,,
6a2f8fac0de103506950df62,39054,linux,macos,windows,,,,,,,,,,,,,windows,,actionscript,,,,,,,,,,,,,,,,,,,,,,,,,,,,,linux,macos,windows,,,,,,,,,,,,,,,,,,,,,,,,,,,,,,,,,,,android,ios,linux,macos,windows,,,,,,,,,,,linux,macos,windows,,,,,,,,,,,,,,,,,,,
6a2f8fac0de103506950df63,39072,linux,macos,windows,,,,,,,,,,,,,windows,windows-x86-64,x86-64,,,,,,,,,,,,,,,,,,,,,,,,,,,,,linux,macos,windows,,,,,,,,,,,,,,,,,,,,,,,,,,,,,,,,,,,android,ios,linux,macos,windows,,,,,,,,,,,linux,macos,windows,,,,,,,,,,,,,,,,,,,
6a2f8fac0de103506950df64,39082,php,,,,,,,,,,,,,,,multiple,,linux,php,,,,,,,,,,,,,,,,,,,,,,,,,,,,php,,,,,,,,,,,,,,,,,,,,,,,,,,,,,,,,,,,,,php,,,,,,,,,,,,,,,php,,,,,,,,,,,,,,,,,,,,,
6a2f8fac0de103506950df65,39221,linux,macos,windows,,,,,,,,,,,,,windows,windows-x86-64,windows,x86-64,,,,,,,,,,,,,,,,,,,,,,,,,,,,linux,macos,windows,,,,,,,,,,,,,,,,,,,,,,,,,,,,,,,,,,,android,ios,linux,macos,windows,,,,,,,,,,,linux,macos,windows,,,,,,,,,,,,,,,,,,,
6a2f8fac0de103506950df66,39220,linux,macos,windows,,,,,,,,,,,,,windows,,windows,,,,,,,,,,,,,,,,,,,,,,,,,,,,,linux,macos,windows,,,,,,,,,,,,,,,,,,,,,,,,,,,,,,,,,,,android,ios,linux,macos,windows,,,,,,,,,,,linux,macos,windows,,,,,,,,,,,,,,,,,,,
6a2f8fac0de103506950df67,39219,linux,macos,windows,,,,,,,,,,,,,multiple,,,,,,,,,,,,,,,,,,,,,,,,,,,,,,,linux,macos,windows,,,,,,,,,,,,,,,,,,,,,,,,,,,,,,,,,,,android,ios,linux,macos,windows,,,,,,,,,,,linux,macos,windows,,,,,,,,,,,,,,,,,,,
6a2f8fac0de103506950df68,39476,linux,macos,windows,,,,,,,,,,,,,multiple,,,,,,,,,,,,,,,,,,,,,,,,,,,,,,,linux,macos,windows,,,,,,,,,,,,,,,,,,,,,,,,,,,,,,,,,,,android,ios,linux,macos,windows,,,,,,,,,,,linux,macos,windows,,,,,,,,,,,,,,,,,,,
6a2f8fac0de103506950df69,39033,linux,macos,windows,,,,,,,,,,,,,php,,linux,php,,,,,,,,,,,,,,,,,,,,,,,,,,,,linux,macos,windows,,,,,,,,,,,,,,,,,,,,,,,,,,,,,,,,,,,android,ios,linux,macos,windows,,,,,,,,,,,linux,macos,windows,,,,,,,,,,,,,,,,,,,
6a2f8fac0de103506950df6a,39739,android,arm,,,,,,,,,,,,,,hardware,,python,,,,,,,,,,,,,,,,,,,,,,,,,,,,,android,arm,,,,,,,,,,,,,,,,,,,,,,,,,,,,,,,,,,,,android,arm,linux,,,,,,,,,,,,,android,arm,,,,,,,,,,,,,,,,,,,,
6a2f8fac0de103506950df6b,50698,php,,,,,,,,,,,,,,,php,,linux,php,,,,,,,,,,,,,,,,,,,,,,,,,,,,,,,,,,,,,,,,,,,,,,,,,,,,,,,,,,,,,,,,,php,,,,,,,,,,,,,,,php,,,,,,,,,,,,,,,,,,,,,
6a2f8fac0de103506950df6c,40039,java,,,,,,,,,,,,,,,windows,windows-x86,windows,x86,,,,,,,,,,,,,,,,,,,,,,,,,,,,java,,,,,,,,,,,,,,,,,,,,,,,,,,,,,,,,,,,,,java,,,,,,,,,,,,,,,,,,,,,,,,,,,,,,,,,,,,
6a2f8fac0de103506950df6d,40561,ruby,,,,,,,,,,,,,,,multiple,,bsd,linux,ruby,x86,,,,,,,,,,,,,,,,,,,,,,,,,,ruby,,,,,,,,,,,,,,,,,,,,,,,,,,,,,,,,,,,,,ruby,,,,,,,,,,,,,,,ruby,,,,,,,,,,,,,,,,,,,,,
6a2f8fac0de103506950df6e,42394,java,xml,,,,,,,,,,,,,,java,,java,linux,,,,,,,,,,,,,,,,,,,,,,,,,,,,java,xml,,,,,,,,,,,,,,,,,,,,,,,,,,,,,,,,,,,,java,xml,,,,,,,,,,,,,,java,xml,,,,,,,,,,,,,,,,,,,,
6a2f8fac0de103506950df6f,43375,java,xml,,,,,,,,,,,,,,multiple,,linux,unix,windows,,,,,,,,,,,,,,,,,,,,,,,,,,,java,xml,,,,,,,,,,,,,,,,,,,,,,,,,,,,,,,,,,,,java,xml,,,,,,,,,,,,,,java,xml,,,,,,,,,,,,,,,,,,,,
6a2f8fac0de103506950df70,39467,linux,macos,windows,,,,,,,,,,,,,multiple,,,,,,,,,,,,,,,,,,,,,,,,,,,,,,,linux,macos,windows,,,,,,,,,,,,,,,,,,,,,,,,,,,,,,,,,,,android,ios,linux,macos,windows,,,,,,,,,,,linux,macos,windows,,,,,,,,,,,,,,,,,,,
6a2f8fac0de103506950df71,39460,linux,macos,windows,,,,,,,,,,,,,multiple,,,,,,,,,,,,,,,,,,,,,,,,,,,,,,,linux,macos,windows,,,,,,,,,,,,,,,,,,,,,,,,,,,,,,,,,,,android,ios,linux,macos,windows,,,,,,,,,,,linux,macos,windows,,,,,,,,,,,,,,,,,,,
6a2f8fac0de103506950df72,39466,linux,macos,windows,,,,,,,,,,,,,multiple,,,,,,,,,,,,,,,,,,,,,,,,,,,,,,,linux,macos,windows,,,,,,,,,,,,,,,,,,,,,,,,,,,,,,,,,,,android,ios,linux,macos,windows,,,,,,,,,,,linux,macos,windows,,,,,,,,,,,,,,,,,,,
6a2f8fac0de103506950df73,39465,linux,macos,windows,,,,,,,,,,,,,multiple,,,,,,,,,,,,,,,,,,,,,,,,,,,,,,,linux,macos,windows,,,,,,,,,,,,,,,,,,,,,,,,,,,,,,,,,,,android,ios,linux,macos,windows,,,,,,,,,,,linux,macos,windows,,,,,,,,,,,,,,,,,,,
6a2f8fac0de103506950df74,39463,linux,macos,windows,,,,,,,,,,,,,multiple,,linux,x86-64,,,,,,,,,,,,,,,,,,,,,,,,,,,,linux,macos,windows,,,,,,,,,,,,,,,,,,,,,,,,,,,,,,,,,,,android,ios,linux,macos,windows,,,,,,,,,,,linux,macos,windows,,,,,,,,,,,,,,,,,,,
6a2f8fac0de103506950df75,39462,linux,macos,windows,,,,,,,,,,,,,multiple,,,,,,,,,,,,,,,,,,,,,,,,,,,,,,,linux,macos,windows,,,,,,,,,,,,,,,,,,,,,,,,,,,,,,,,,,,android,ios,linux,macos,windows,,,,,,,,,,,linux,macos,windows,,,,,,,,,,,,,,,,,,,
6a2f8fac0de103506950df76,39461,linux,macos,windows,,,,,,,,,,,,,multiple,,as3,,,,,,,,,,,,,,,,,,,,,,,,,,,,,linux,macos,windows,,,,,,,,,,,,,,,,,,,,,,,,,,,,,,,,,,,android,ios,linux,macos,windows,,,,,,,,,,,linux,macos,windows,,,,,,,,,,,,,,,,,,,
6a2f8fac0de103506950df77,39613,linux,macos,windows,,,,,,,,,,,,,windows,,windows,x86,x86-64,,,,,,,,,,,,,,,,,,,,,,,,,,,linux,macos,windows,,,,,,,,,,,,,,,,,,,,,,,,,,,,,,,,,,,android,ios,linux,macos,windows,,,,,,,,,,,linux,macos,windows,,,,,,,,,,,,,,,,,,,
6a2f8fac0de103506950df78,39612,linux,macos,windows,,,,,,,,,,,,,windows,,actionscript,,,,,,,,,,,,,,,,,,,,,,,,,,,,,linux,macos,windows,,,,,,,,,,,,,,,,,,,,,,,,,,,,,,,,,,,android,ios,linux,macos,windows,,,,,,,,,,,linux,macos,windows,,,,,,,,,,,,,,,,,,,
6a2f8fac0de103506950df79,39610,linux,macos,windows,,,,,,,,,,,,,windows,,,,,,,,,,,,,,,,,,,,,,,,,,,,,,,linux,macos,windows,,,,,,,,,,,,,,,,,,,,,,,,,,,,,,,,,,,android,ios,linux,macos,windows,,,,,,,,,,,linux,macos,windows,,,,,,,,,,,,,,,,,,,
6a2f8fac0de103506950df7a,40413,php,,,,,,,,,,,,,,,php,,linux,php,,,,,,,,,,,,,,,,,,,,,,,,,,,,,,,,,,,,,,,,,,,,,,,,,,,,,,,,,,,,,,,,,php,,,,,,,,,,,,,,,php,,,,,,,,,,,,,,,,,,,,,
6a2f8fac0de103506950df7b,42596,php,,,,,,,,,,,,,,,php,,linux,php,,,,,,,,,,,,,,,,,,,,,,,,,,,,,,,,,,,,,,,,,,,,,,,,,,,,,,,,,,,,,,,,,php,,,,,,,,,,,,,,,php,,,,,,,,,,,,,,,,,,,,,
6a2f8fac0de103506950df7c,39609,linux,macos,windows,,,,,,,,,,,,,windows,,linux,x86,x86-64,,,,,,,,,,,,,,,,,,,,,,,,,,,linux,macos,windows,,,,,,,,,,,,,,,,,,,,,,,,,,,,,,,,,,,android,ios,linux,macos,windows,,,,,,,,,,,linux,macos,windows,,,,,,,,,,,,,,,,,,,
6a2f8fac0de103506950df7d,40962,aix,bsd,hp-ux,immunix,irix,linux,macos,minix,novell,qnx,sco,solaris,tru64,unixware,vxworks,linux,,linux,,,,,,,,,,,,,,,,,,,,,,,,,,,,,aix,bsd,hp-ux,immunix,irix,linux,macos,minix,novell,qnx,sco,solaris,tru64,unixware,vxworks,,,,,,,,,,,,,,,,,,,,,,,bsd,,,,,,,,,,,,,,,aix,atheos,beos,bsd,hp-ux,immunix,irix,linux,macos,minix,netware,novell,palm os,palm-os,plan9,qnx,sco,solaris,tru64,ultrix,unixware,vxworks
6a2f8fac0de103506950df7e,39608,linux,macos,windows,,,,,,,,,,,,,windows,,,,,,,,,,,,,,,,,,,,,,,,,,,,,,,linux,macos,windows,,,,,,,,,,,,,,,,,,,,,,,,,,,,,,,,,,,android,ios,linux,macos,windows,,,,,,,,,,,linux,macos,windows,,,,,,,,,,,,,,,,,,,
6a2f8fac0de103506950df7f,41435,linux,perl,,,,,,,,,,,,,,linux,,linux,,,,,,,,,,,,,,,,,,,,,,,,,,,,,linux,perl,,,,,,,,,,,,,,,,,,,,,,,,,,,,,,,,,,,,linux,perl,,,,,,,,,,,,,,linux,perl,,,,,,,,,,,,,,,,,,,,
6a2f8fac0de103506950df80,39779,linux,macos,windows,,,,,,,,,,,,,windows,,,,,,,,,,,,,,,,,,,,,,,,,,,,,,,linux,macos,windows,,,,,,,,,,,,,,,,,,,,,,,,,,,,,,,,,,,linux,macos,windows,,,,,,,,,,,,,linux,macos,windows,,,,,,,,,,,,,,,,,,,
6a2f8fac0de103506950df81,39778,linux,macos,windows,,,,,,,,,,,,,windows,,windows,,,,,,,,,,,,,,,,,,,,,,,,,,,,,linux,macos,windows,,,,,,,,,,,,,,,,,,,,,,,,,,,,,,,,,,,linux,macos,windows,,,,,,,,,,,,,linux,macos,windows,,,,,,,,,,,,,,,,,,,
6a2f8fac0de103506950df82,39828,windows,,,,,,,,,,,,,,,multiple,,,,,,,,,,,,,,,,,,,,,,,,,,,,,,,windows,,,,,,,,,,,,,,,,,,,,,,,,,,,,,,,,,,,,,android,ios,linux,macos,windows,,,,,,,,,,,windows,,,,,,,,,,,,,,,,,,,,,
6a2f8fac0de103506950df83,39827,windows,,,,,,,,,,,,,,,multiple,,,,,,,,,,,,,,,,,,,,,,,,,,,,,,,windows,,,,,,,,,,,,,,,,,,,,,,,,,,,,,,,,,,,,,android,ios,linux,macos,windows,,,,,,,,,,,windows,,,,,,,,,,,,,,,,,,,,,
6a2f8fac0de103506950df84,39824,windows,,,,,,,,,,,,,,,multiple,,,,,,,,,,,,,,,,,,,,,,,,,,,,,,,windows,,,,,,,,,,,,,,,,,,,,,,,,,,,,,,,,,,,,,android,ios,linux,macos,windows,,,,,,,,,,,windows,,,,,,,,,,,,,,,,,,,,,
6a2f8fac0de103506950df85,39826,windows,,,,,,,,,,,,,,,multiple,,,,,,,,,,,,,,,,,,,,,,,,,,,,,,,windows,,,,,,,,,,,,,,,,,,,,,,,,,,,,,,,,,,,,,android,ios,linux,macos,windows,,,,,,,,,,,windows,,,,,,,,,,,,,,,,,,,,,
6a2f8fac0de103506950df86,39825,windows,,,,,,,,,,,,,,,multiple,,,,,,,,,,,,,,,,,,,,,,,,,,,,,,,windows,,,,,,,,,,,,,,,,,,,,,,,,,,,,,,,,,,,,,android,ios,linux,macos,windows,,,,,,,,,,,windows,,,,,,,,,,,,,,,,,,,,,
6a2f8fac0de103506950df87,39829,windows,,,,,,,,,,,,,,,multiple,,,,,,,,,,,,,,,,,,,,,,,,,,,,,,,windows,,,,,,,,,,,,,,,,,,,,,,,,,,,,,,,,,,,,,android,ios,linux,macos,windows,,,,,,,,,,,windows,,,,,,,,,,,,,,,,,,,,,
6a2f8fac0de103506950df88,39831,windows,,,,,,,,,,,,,,,multiple,,,,,,,,,,,,,,,,,,,,,,,,,,,,,,,windows,,,,,,,,,,,,,,,,,,,,,,,,,,,,,,,,,,,,,android,ios,linux,macos,windows,,,,,,,,,,,windows,,,,,,,,,,,,,,,,,,,,,
6a2f8fac0de103506950df89,39412,java,jsp,,,,,,,,,,,,,,hardware,,java,windows,,,,,,,,,,,,,,,,,,,,,,,,,,,,java,jsp,,,,,,,,,,,,,,,,,,,,,,,,,,,,,,,,,,,,java,jsp,,,,,,,,,,,,,,java,jsp,,,,,,,,,,,,,,,,,,,,
6a2f8fac0de103506950df8a,43902,linux,unixware,windows,,,,,,,,,,,,,multiple,,python,,,,,,,,,,,,,,,,,,,,,,,,,,,,,linux,unixware,windows,,,,,,,,,,,,,,,,,,,,,,,,,,,,,,,,,,,linux,unixware,windows,,,,,,,,,,,,,linux,unixware,windows,,,,,,,,,,,,,,,,,,,
6a2f8fac0de103506950df8b,43939,linux,unixware,,,,,,,,,,,,,,multiple,,linux,windows,,,,,,,,,,,,,,,,,,,,,,,,,,,,linux,unixware,,,,,,,,,,,,,,,,,,,,,,,,,,,,,,,,,,,,linux,unixware,,,,,,,,,,,,,,linux,unixware,,,,,,,,,,,,,,,,,,,,
6a2f8fac0de103506950df8c,39687,java,jsp,novell,,,,,,,,,,,,,jsp,,java,,,,,,,,,,,,,,,,,,,,,,,,,,,,,jsp,novell,,,,,,,,,,,,,,,,,,,,,,,,,,,,,,,,,,,,java,jsp,novell,,,,,,,,,,,,,jsp,novell,,,,,,,,,,,,,,,,,,,,
6a2f8fac0de103506950df8d,39708,jsp,novell,,,,,,,,,,,,,,multiple,,linux,windows,,,,,,,,,,,,,,,,,,,,,,,,,,,,jsp,novell,,,,,,,,,,,,,,,,,,,,,,,,,,,,,,,,,,,,java,jsp,novell,,,,,,,,,,,,,jsp,novell,,,,,,,,,,,,,,,,,,,,
6a2f8fac0de103506950df8e,40161,novell,,,,,,,,,,,,,,,java,,java,linux,,,,,,,,,,,,,,,,,,,,,,,,,,,,novell,,,,,,,,,,,,,,,,,,,,,,,,,,,,,,,,,,,,,novell,,,,,,,,,,,,,,,novell,,,,,,,,,,,,,,,,,,,,,
6a2f8fac0de103506950df8f,47392,php,,,,,,,,,,,,,,,cfm,,cfm,linux,x86-64,,,,,,,,,,,,,,,,,,,,,,,,,,,php,,,,,,,,,,,,,,,,,,,,,,,,,,,,,,,,,,,,,php,,,,,,,,,,,,,,,php,,,,,,,,,,,,,,,,,,,,,
6a2f8fac0de103506950df90,39359,ios,macos,,,,,,,,,,,,,,ios,,ios,,,,,,,,,,,,,,,,,,,,,,,,,,,,,ios,macos,,,,,,,,,,,,,,,,,,,,,,,,,,,,,,,,,,,,ios,macos,watchos,,,,,,,,,,,,,ios,macos,,,,,,,,,,,,,,,,,,,,
6a2f8fac0de103506950df91,39360,ios,macos,,,,,,,,,,,,,,ios,,ios,,,,,,,,,,,,,,,,,,,,,,,,,,,,,ios,macos,,,,,,,,,,,,,,,,,,,,,,,,,,,,,,,,,,,,ios,macos,watchos,,,,,,,,,,,,,ios,macos,,,,,,,,,,,,,,,,,,,,
6a2f8fac0de103506950df92,39361,ios,macos,,,,,,,,,,,,,,ios,,ios,,,,,,,,,,,,,,,,,,,,,,,,,,,,,ios,macos,,,,,,,,,,,,,,,,,,,,,,,,,,,,,,,,,,,,ios,macos,watchos,,,,,,,,,,,,,ios,macos,,,,,,,,,,,,,,,,,,,,
6a2f8fac0de103506950df93,39362,ios,macos,,,,,,,,,,,,,,ios,,ios,,,,,,,,,,,,,,,,,,,,,,,,,,,,,ios,macos,,,,,,,,,,,,,,,,,,,,,,,,,,,,,,,,,,,,ios,macos,watchos,,,,,,,,,,,,,ios,macos,,,,,,,,,,,,,,,,,,,,
6a2f8fac0de103506950df94,39363,ios,macos,,,,,,,,,,,,,,ios,,ios,,,,,,,,,,,,,,,,,,,,,,,,,,,,,ios,macos,,,,,,,,,,,,,,,,,,,,,,,,,,,,,,,,,,,,ios,macos,watchos,,,,,,,,,,,,,ios,macos,,,,,,,,,,,,,,,,,,,,
6a2f8fac0de103506950df95,39364,ios,macos,,,,,,,,,,,,,,ios,,ios,,,,,,,,,,,,,,,,,,,,,,,,,,,,,ios,macos,,,,,,,,,,,,,,,,,,,,,,,,,,,,,,,,,,,,ios,macos,watchos,,,,,,,,,,,,,ios,macos,,,,,,,,,,,,,,,,,,,,
6a2f8fac0de103506950df96,39367,ios,macos,,,,,,,,,,,,,,macos,,macos,,,,,,,,,,,,,,,,,,,,,,,,,,,,,ios,macos,,,,,,,,,,,,,,,,,,,,,,,,,,,,,,,,,,,,ios,macos,watchos,,,,,,,,,,,,,ios,macos,,,,,,,,,,,,,,,,,,,,
6a2f8fac0de103506950df97,39614,ios,macos,watchos,,,,,,,,,,,,,macos,,macos,x86,,,,,,,,,,,,,,,,,,,,,,,,,,,,ios,macos,watchos,,,,,,,,,,,,,,,,,,,,,,,,,,,,,,,,,,,ios,macos,watchos,,,,,,,,,,,,,ios,macos,watchos,,,,,,,,,,,,,,,,,,,
6a2f8fac0de103506950df98,39741,ios,macos,,,,,,,,,,,,,,macos,,macos,,,,,,,,,,,,,,,,,,,,,,,,,,,,,ios,macos,,,,,,,,,,,,,,,,,,,,,,,,,,,,,,,,,,,,ios,macos,,,,,,,,,,,,,,ios,macos,,,,,,,,,,,,,,,,,,,,
6a2f8fac0de103506950df99,40669,ios,macos,,,,,,,,,,,,,,macos,,macos,,,,,,,,,,,,,,,,,,,,,,,,,,,,,ios,macos,,,,,,,,,,,,,,,,,,,,,,,,,,,,,,,,,,,,ios,macos,,,,,,,,,,,,,,ios,macos,,,,,,,,,,,,,,,,,,,,
6a2f8fac0de103506950df9a,44239,ios,macos,watchos,,,,,,,,,,,,,macos,,macos,,,,,,,,,,,,,,,,,,,,,,,,,,,,,ios,macos,watchos,,,,,,,,,,,,,,,,,,,,,,,,,,,,,,,,,,,ios,macos,watchos,,,,,,,,,,,,,ios,macos,watchos,,,,,,,,,,,,,,,,,,,
6a2f8fac0de103506950df9b,39633,macos,,,,,,,,,,,,,,,multiple,,macos,windows,,,,,,,,,,,,,,,,,,,,,,,,,,,,macos,,,,,,,,,,,,,,,,,,,,,,,,,,,,,,,,,,,,,macos,,,,,,,,,,,,,,,macos,,,,,,,,,,,,,,,,,,,,,
6a2f8fac0de103506950df9c,39634,macos,,,,,,,,,,,,,,,multiple,,macos,windows,,,,,,,,,,,,,,,,,,,,,,,,,,,,macos,,,,,,,,,,,,,,,,,,,,,,,,,,,,,,,,,,,,,macos,,,,,,,,,,,,,,,macos,,,,,,,,,,,,,,,,,,,,,
6a2f8fac0de103506950df9d,39635,macos,,,,,,,,,,,,,,,multiple,,macos,windows,,,,,,,,,,,,,,,,,,,,,,,,,,,,macos,,,,,,,,,,,,,,,,,,,,,,,,,,,,,,,,,,,,,macos,,,,,,,,,,,,,,,macos,,,,,,,,,,,,,,,,,,,,,
6a2f8fac0de103506950df9e,39925,ios,macos,watchos,,,,,,,,,,,,,macos,,macos,x86,,,,,,,,,,,,,,,,,,,,,,,,,,,,ios,macos,watchos,,,,,,,,,,,,,,,,,,,,,,,,,,,,,,,,,,,ios,macos,watchos,,,,,,,,,,,,,ios,macos,watchos,,,,,,,,,,,,,,,,,,,
6a2f8fac0de103506950df9f,39929,ios,macos,watchos,,,,,,,,,,,,,multiple,,ios,macos,x86-64,,,,,,,,,,,,,,,,,,,,,,,,,,,ios,macos,watchos,,,,,,,,,,,,,,,,,,,,,,,,,,,,,,,,,,,ios,macos,watchos,,,,,,,,,,,,,ios,macos,watchos,,,,,,,,,,,,,,,,,,,
6a2f8fac0de103506950dfa0,39924,ios,macos,watchos,,,,,,,,,,,,,macos,,macos,x86,,,,,,,,,,,,,,,,,,,,,,,,,,,,ios,macos,watchos,,,,,,,,,,,,,,,,,,,,,,,,,,,,,,,,,,,ios,macos,watchos,,,,,,,,,,,,,ios,macos,watchos,,,,,,,,,,,,,,,,,,,
6a2f8fac0de103506950dfa1,39928,ios,macos,watchos,,,,,,,,,,,,,macos,,macos,,,,,,,,,,,,,,,,,,,,,,,,,,,,,ios,macos,watchos,,,,,,,,,,,,,,,,,,,,,,,,,,,,,,,,,,,ios,macos,watchos,,,,,,,,,,,,,ios,macos,watchos,,,,,,,,,,,,,,,,,,,
6a2f8fac0de103506950dfa2,39927,ios,macos,watchos,,,,,,,,,,,,,macos,,macos,,,,,,,,,,,,,,,,,,,,,,,,,,,,,ios,macos,watchos,,,,,,,,,,,,,,,,,,,,,,,,,,,,,,,,,,,ios,macos,watchos,,,,,,,,,,,,,ios,macos,watchos,,,,,,,,,,,,,,,,,,,
6a2f8fac0de103506950dfa3,44238,ios,macos,watchos,,,,,,,,,,,,,macos,,ios,macos,,,,,,,,,,,,,,,,,,,,,,,,,,,,ios,macos,watchos,,,,,,,,,,,,,,,,,,,,,,,,,,,,,,,,,,,ios,macos,watchos,,,,,,,,,,,,,ios,macos,watchos,,,,,,,,,,,,,,,,,,,
6a2f8fac0de103506950dfa4,39493,ios,macos,watchos,xml,,,,,,,,,,,,linux,,linux,,,,,,,,,,,,,,,,,,,,,,,,,,,,,ios,macos,watchos,xml,,,,,,,,,,,,,,,,,,,,,,,,,,,,,,,,,,ios,macos,watchos,xml,,,,,,,,,,,,ios,macos,watchos,xml,,,,,,,,,,,,,,,,,,
6a2f8fac0de103506950dfa5,39491,ios,macos,watchos,xml,,,,,,,,,,,,linux,,linux,,,,,,,,,,,,,,,,,,,,,,,,,,,,,ios,macos,watchos,xml,,,,,,,,,,,,,,,,,,,,,,,,,,,,,,,,,,ios,macos,watchos,xml,,,,,,,,,,,,ios,macos,watchos,xml,,,,,,,,,,,,,,,,,,
6a2f8fac0de103506950dfa6,40652,ios,macos,watchos,,,,,,,,,,,,,macos,,macos,,,,,,,,,,,,,,,,,,,,,,,,,,,,,ios,macos,watchos,,,,,,,,,,,,,,,,,,,,,,,,,,,,,,,,,,,ios,macos,watchos,,,,,,,,,,,,,ios,macos,watchos,,,,,,,,,,,,,,,,,,,
6a2f8fac0de103506950dfa7,39835,windows,,,,,,,,,,,,,,,multiple,,linux,macos,windows,,,,,,,,,,,,,,,,,,,,,,,,,,,windows,,,,,,,,,,,,,,,,,,,,,,,,,,,,,,,,,,,,,windows,,,,,,,,,,,,,,,windows,,,,,,,,,,,,,,,,,,,,,
6a2f8fac0de103506950dfa8,40037,linux,macos,windows,,,,,,,,,,,,,multiple,,windows,,,,,,,,,,,,,,,,,,,,,,,,,,,,,linux,macos,windows,,,,,,,,,,,,,,,,,,,,,,,,,,,,,,,,,,,linux,macos,windows,,,,,,,,,,,,,linux,macos,windows,,,,,,,,,,,,,,,,,,,
6a2f8fac0de103506950dfa9,40032,linux,macos,windows,,,,,,,,,,,,,multiple,,linux,windows,,,,,,,,,,,,,,,,,,,,,,,,,,,,linux,macos,windows,,,,,,,,,,,,,,,,,,,,,,,,,,,,,,,,,,,linux,macos,windows,,,,,,,,,,,,,linux,macos,windows,,,,,,,,,,,,,,,,,,,
6a2f8fac0de103506950dfaa,39550,x86-64,,,,,,,,,,,,,,,multiple,,linux,x86-64,,,,,,,,,,,,,,,,,,,,,,,,,,,,x86-64,,,,,,,,,,,,,,,,,,,,,,,,,,,,,,,,,,,,,x86-64,,,,,,,,,,,,,,,x86-64,,,,,,,,,,,,,,,,,,,,,
6a2f8fac0de103506950dfab,39919,java,,,,,,,,,,,,,,,multiple,,java,linux,windows,,,,,,,,,,,,,,,,,,,,,,,,,,,java,,,,,,,,,,,,,,,,,,,,,,,,,,,,,,,,,,,,,java,,,,,,,,,,,,,,,java,,,,,,,,,,,,,,,,,,,,,
6a2f8fac0de103506950dfac,39545,linux,x86,,,,,,,,,,,,,,linux,,linux,,,,,,,,,,,,,,,,,,,,,,,,,,,,,linux,x86,,,,,,,,,,,,,,,,,,,,,,,,,,,,,,,,,,,,linux,x86,,,,,,,,,,,,,,linux,x86,,,,,,,,,,,,,,,,,,,,
6a2f8fac0de103506950dfad,40406,macos,windows,,,,,,,,,,,,,,windows,,windows,x86,,,,,,,,,,,,,,,,,,,,,,,,,,,,macos,windows,,,,,,,,,,,,,,,,,,,,,,,,,,,,,,,,,,,,macos,windows,,,,,,,,,,,,,,macos,windows,,,,,,,,,,,,,,,,,,,,
6a2f8fac0de103506950dfae,40034,linux,macos,,,,,,,,,,,,,,multiple,,,,,,,,,,,,,,,,,,,,,,,,,,,,,,,linux,macos,,,,,,,,,,,,,,,,,,,,,,,,,,,,,,,,,,,,linux,macos,windows,,,,,,,,,,,,,linux,macos,,,,,,,,,,,,,,,,,,,,
6a2f8fac0de103506950dfaf,40035,linux,macos,windows,,,,,,,,,,,,,multiple,,linux,x86,x86-64,,,,,,,,,,,,,,,,,,,,,,,,,,,linux,macos,,,,,,,,,,,,,,,,,,,,,,,,,,,,,,,,,,,,linux,macos,windows,,,,,,,,,,,,,linux,macos,windows,,,,,,,,,,,,,,,,,,,
6a2f8fac0de103506950dfb0,39880,java,,,,,,,,,,,,,,,jsp,,java,,,,,,,,,,,,,,,,,,,,,,,,,,,,,java,,,,,,,,,,,,,,,,,,,,,,,,,,,,,,,,,,,,,java,,,,,,,,,,,,,,,java,jsp,,,,,,,,,,,,,,,,,,,,
6a2f8fac0de103506950dfb1,47067,linux,x86,,,,,,,,,,,,,,hardware,,arm,linux,,,,,,,,,,,,,,,,,,,,,,,,,,,,linux,x86,,,,,,,,,,,,,,,,,,,,,,,,,,,,,,,,,,,,linux,x86,,,,,,,,,,,,,,linux,x86,,,,,,,,,,,,,,,,,,,,
6a2f8fac0de103506950dfb2,47625,linux,x86,,,,,,,,,,,,,,hardware,,linux,python,,,,,,,,,,,,,,,,,,,,,,,,,,,,linux,x86,,,,,,,,,,,,,,,,,,,,,,,,,,,,,,,,,,,,linux,x86,,,,,,,,,,,,,,linux,x86,,,,,,,,,,,,,,,,,,,,
6a2f8fac0de103506950dfb3,39995,java,xml,,,,,,,,,,,,,,java,,java,,,,,,,,,,,,,,,,,,,,,,,,,,,,,java,xml,,,,,,,,,,,,,,,,,,,,,,,,,,,,,,,,,,,,java,xml,,,,,,,,,,,,,,java,xml,,,,,,,,,,,,,,,,,,,,
6a2f8fac0de103506950dfb4,39830,windows,,,,,,,,,,,,,,,multiple,,,,,,,,,,,,,,,,,,,,,,,,,,,,,,,windows,,,,,,,,,,,,,,,,,,,,,,,,,,,,,,,,,,,,,android,ios,linux,macos,windows,,,,,,,,,,,windows,,,,,,,,,,,,,,,,,,,,,
6a2f8fac0de103506950dfb5,40087,windows,,,,,,,,,,,,,,,multiple,,,,,,,,,,,,,,,,,,,,,,,,,,,,,,,windows,,,,,,,,,,,,,,,,,,,,,,,,,,,,,,,,,,,,,linux,macos,windows,,,,,,,,,,,,,windows,,,,,,,,,,,,,,,,,,,,,
6a2f8fac0de103506950dfb6,40088,windows,,,,,,,,,,,,,,,multiple,,,,,,,,,,,,,,,,,,,,,,,,,,,,,,,windows,,,,,,,,,,,,,,,,,,,,,,,,,,,,,,,,,,,,,linux,macos,windows,,,,,,,,,,,,,windows,,,,,,,,,,,,,,,,,,,,,
6a2f8fac0de103506950dfb7,40089,windows,,,,,,,,,,,,,,,multiple,,,,,,,,,,,,,,,,,,,,,,,,,,,,,,,windows,,,,,,,,,,,,,,,,,,,,,,,,,,,,,,,,,,,,,linux,macos,windows,,,,,,,,,,,,,windows,,,,,,,,,,,,,,,,,,,,,
6a2f8fac0de103506950dfb8,40090,windows,,,,,,,,,,,,,,,multiple,,,,,,,,,,,,,,,,,,,,,,,,,,,,,,,windows,,,,,,,,,,,,,,,,,,,,,,,,,,,,,,,,,,,,,linux,macos,windows,,,,,,,,,,,,,windows,,,,,,,,,,,,,,,,,,,,,
6a2f8fac0de103506950dfb9,40103,linux,macos,windows,,,,,,,,,,,,,multiple,,macos,windows,,,,,,,,,,,,,,,,,,,,,,,,,,,,linux,macos,windows,,,,,,,,,,,,,,,,,,,,,,,,,,,,,,,,,,,linux,macos,windows,,,,,,,,,,,,,linux,macos,windows,,,,,,,,,,,,,,,,,,,
6a2f8fac0de103506950dfba,40105,linux,macos,windows,,,,,,,,,,,,,multiple,,macos,windows,,,,,,,,,,,,,,,,,,,,,,,,,,,,linux,macos,windows,,,,,,,,,,,,,,,,,,,,,,,,,,,,,,,,,,,linux,macos,windows,,,,,,,,,,,,,linux,macos,windows,,,,,,,,,,,,,,,,,,,
6a2f8fac0de103506950dfbb,40104,linux,macos,windows,,,,,,,,,,,,,multiple,,macos,windows,,,,,,,,,,,,,,,,,,,,,,,,,,,,linux,macos,windows,,,,,,,,,,,,,,,,,,,,,,,,,,,,,,,,,,,linux,macos,windows,,,,,,,,,,,,,linux,macos,windows,,,,,,,,,,,,,,,,,,,
6a2f8fac0de103506950dfbc,40102,linux,macos,windows,,,,,,,,,,,,,multiple,,macos,windows,,,,,,,,,,,,,,,,,,,,,,,,,,,,linux,macos,windows,,,,,,,,,,,,,,,,,,,,,,,,,,,,,,,,,,,linux,macos,windows,,,,,,,,,,,,,linux,macos,windows,,,,,,,,,,,,,,,,,,,
6a2f8fac0de103506950dfbd,40308,linux,macos,windows,,,,,,,,,,,,,multiple,,windows,,,,,,,,,,,,,,,,,,,,,,,,,,,,,linux,macos,windows,,,,,,,,,,,,,,,,,,,,,,,,,,,,,,,,,,,linux,macos,windows,,,,,,,,,,,,,linux,macos,windows,,,,,,,,,,,,,,,,,,,
6a2f8fac0de103506950dfbe,40307,linux,macos,windows,,,,,,,,,,,,,multiple,,linux,x86-64,,,,,,,,,,,,,,,,,,,,,,,,,,,,linux,macos,windows,,,,,,,,,,,,,,,,,,,,,,,,,,,,,,,,,,,linux,macos,windows,,,,,,,,,,,,,linux,macos,windows,,,,,,,,,,,,,,,,,,,
6a2f8fac0de103506950dfbf,40309,linux,macos,windows,,,,,,,,,,,,,multiple,,windows,x86-64,,,,,,,,,,,,,,,,,,,,,,,,,,,,linux,macos,windows,,,,,,,,,,,,,,,,,,,,,,,,,,,,,,,,,,,linux,macos,windows,,,,,,,,,,,,,linux,macos,windows,,,,,,,,,,,,,,,,,,,
6a2f8fac0de103506950dfc0,40310,linux,macos,windows,,,,,,,,,,,,,multiple,,,,,,,,,,,,,,,,,,,,,,,,,,,,,,,linux,macos,windows,,,,,,,,,,,,,,,,,,,,,,,,,,,,,,,,,,,linux,macos,windows,,,,,,,,,,,,,linux,macos,windows,,,,,,,,,,,,,,,,,,,
6a2f8fac0de103506950dfc1,40311,linux,macos,windows,,,,,,,,,,,,,multiple,,,,,,,,,,,,,,,,,,,,,,,,,,,,,,,linux,macos,windows,,,,,,,,,,,,,,,,,,,,,,,,,,,,,,,,,,,linux,macos,windows,,,,,,,,,,,,,linux,macos,windows,,,,,,,,,,,,,,,,,,,
6a2f8fac0de103506950dfc2,40356,linux,macos,windows,,,,,,,,,,,,,multiple,,,,,,,,,,,,,,,,,,,,,,,,,,,,,,,linux,macos,windows,,,,,,,,,,,,,,,,,,,,,,,,,,,,,,,,,,,linux,macos,windows,,,,,,,,,,,,,linux,macos,windows,,,,,,,,,,,,,,,,,,,
6a2f8fac0de103506950dfc3,40510,linux,macos,windows,,,,,,,,,,,,,multiple,,macos,windows,,,,,,,,,,,,,,,,,,,,,,,,,,,,linux,macos,windows,,,,,,,,,,,,,,,,,,,,,,,,,,,,,,,,,,,linux,macos,windows,,,,,,,,,,,,,linux,macos,windows,,,,,,,,,,,,,,,,,,,
6a2f8fac0de103506950dfc4,40421,linux,macos,windows,,,,,,,,,,,,,multiple,,,,,,,,,,,,,,,,,,,,,,,,,,,,,,,linux,macos,windows,,,,,,,,,,,,,,,,,,,,,,,,,,,,,,,,,,,linux,macos,windows,,,,,,,,,,,,,linux,macos,windows,,,,,,,,,,,,,,,,,,,
6a2f8fac0de103506950dfc5,40239,java,xml,,,,,,,,,,,,,,jsp,,windows,xml,,,,,,,,,,,,,,,,,,,,,,,,,,,,java,jsp,xml,,,,,,,,,,,,,,,,,,,,,,,,,,,,,,,,,,,java,xml,,,,,,,,,,,,,,java,xml,,,,,,,,,,,,,,,,,,,,
6a2f8fac0de103506950dfc6,40242,java,jsp,,,,,,,,,,,,,,jsp,,java,,,,,,,,,,,,,,,,,,,,,,,,,,,,,java,,,,,,,,,,,,,,,,,,,,,,,,,,,,,,,,,,,,,java,jsp,,,,,,,,,,,,,,java,jsp,,,,,,,,,,,,,,,,,,,,
6a2f8fac0de103506950dfc7,48410,java,,,,,,,,,,,,,,,multiple,,windows,,,,,,,,,,,,,,,,,,,,,,,,,,,,,java,,,,,,,,,,,,,,,,,,,,,,,,,,,,,,,,,,,,,java,,,,,,,,,,,,,,,java,,,,,,,,,,,,,,,,,,,,,
6a2f8fac0de103506950dfc8,44213,ios,,,,,,,,,,,,,,,hardware,,arm,,,,,,,,,,,,,,,,,,,,,,,,,,,,,ios,,,,,,,,,,,,,,,,,,,,,,,,,,,,,,,,,,,,,ios,,,,,,,,,,,,,,,ios,,,,,,,,,,,,,,,,,,,,,
6a2f8fac0de103506950dfc9,40654,ios,macos,watchos,,,,,,,,,,,,,multiple,,ios,macos,,,,,,,,,,,,,,,,,,,,,,,,,,,,ios,macos,watchos,,,,,,,,,,,,,,,,,,,,,,,,,,,,,,,,,,,ios,macos,watchos,,,,,,,,,,,,,ios,macos,watchos,,,,,,,,,,,,,,,,,,,
6a2f8fac0de103506950dfca,40405,linux,macos,windows,,,,,,,,,,,,,multiple,,,,,,,,,,,,,,,,,,,,,,,,,,,,,,,linux,macos,windows,,,,,,,,,,,,,,,,,,,,,,,,,,,,,,,,,,,linux,macos,windows,,,,,,,,,,,,,linux,macos,windows,,,,,,,,,,,,,,,,,,,
6a2f8fac0de103506950dfcb,40588,java,,,,,,,,,,,,,,,multiple,,php,,,,,,,,,,,,,,,,,,,,,,,,,,,,,java,,,,,,,,,,,,,,,,,,,,,,,,,,,,,,,,,,,,,java,,,,,,,,,,,,,,,java,,,,,,,,,,,,,,,,,,,,,
6a2f8fac0de103506950dfcc,40200,cgi,,,,,,,,,,,,,,,hardware,,arm,linux,php,x86,,,,,,,,,,,,,,,,,,,,,,,,,,cgi,,,,,,,,,,,,,,,,,,,,,,,,,,,,,,,,,,,,,cgi,,,,,,,,,,,,,,,cgi,,,,,,,,,,,,,,,,,,,,,
6a2f8fac0de103506950dfcd,43883,.net,,,,,,,,,,,,,,,windows,,.net,windows,,,,,,,,,,,,,,,,,,,,,,,,,,,,,,,,,,,,,,,,,,,,,,,,,,,,,,,,,,,,,,,,,,,,,,,,,,,,,,,,.net,,,,,,,,,,,,,,,,,,,,,
6a2f8fac0de103506950dfce,40229,java,,,,,,,,,,,,,,,jsp,,java,,,,,,,,,,,,,,,,,,,,,,,,,,,,,,,,,,,,,,,,,,,,,,,,,,,,,,,,,,,,,,,,,,,,,,,,,,,,,,,,,java,,,,,,,,,,,,,,,,,,,,,
6a2f8fac0de103506950dfcf,40657,windows,x86-64,,,,,,,,,,,,,,windows,,windows,x86-64,,,,,,,,,,,,,,,,,,,,,,,,,,,,windows,,,,,,,,,,,,,,,,,,,,,,,,,,,,,,,,,,,,,windows,,,,,,,,,,,,,,,windows,x86,x86-64,,,,,,,,,,,,,,,,,,,
6a2f8fac0de103506950dfd0,40658,windows,x86-64,,,,,,,,,,,,,,windows,,windows,x86-64,,,,,,,,,,,,,,,,,,,,,,,,,,,,windows,,,,,,,,,,,,,,,,,,,,,,,,,,,,,,,,,,,,,windows,,,,,,,,,,,,,,,windows,x86,x86-64,,,,,,,,,,,,,,,,,,,
6a2f8fac0de103506950dfd1,40955,ios,macos,watchos,,,,,,,,,,,,,multiple,,ios,macos,,,,,,,,,,,,,,,,,,,,,,,,,,,,ios,macos,watchos,,,,,,,,,,,,,,,,,,,,,,,,,,,,,,,,,,,ios,macos,watchos,,,,,,,,,,,,,ios,macos,watchos,,,,,,,,,,,,,,,,,,,
6a2f8fac0de103506950dfd2,43320,ios,macos,watchos,,,,,,,,,,,,,multiple,,ios,macos,,,,,,,,,,,,,,,,,,,,,,,,,,,,ios,macos,watchos,,,,,,,,,,,,,,,,,,,,,,,,,,,,,,,,,,,ios,macos,watchos,,,,,,,,,,,,,ios,macos,watchos,,,,,,,,,,,,,,,,,,,
6a2f8fac0de103506950dfd3,46248,ios,macos,watchos,,,,,,,,,,,,,multiple,,ios,macos,,,,,,,,,,,,,,,,,,,,,,,,,,,,ios,macos,watchos,,,,,,,,,,,,,,,,,,,,,,,,,,,,,,,,,,,ios,macos,watchos,,,,,,,,,,,,,ios,macos,watchos,,,,,,,,,,,,,,,,,,,
6a2f8fac0de103506950dfd4,40956,ios,macos,watchos,,,,,,,,,,,,,macos,,ios,macos,,,,,,,,,,,,,,,,,,,,,,,,,,,,ios,macos,watchos,,,,,,,,,,,,,,,,,,,,,,,,,,,,,,,,,,,ios,macos,watchos,,,,,,,,,,,,,ios,macos,watchos,,,,,,,,,,,,,,,,,,,
6a2f8fac0de103506950dfd5,40906,ios,watchos,,,,,,,,,,,,,,ios,,arm,ios,,,,,,,,,,,,,,,,,,,,,,,,,,,,ios,watchos,,,,,,,,,,,,,,,,,,,,,,,,,,,,,,,,,,,,ios,watchos,,,,,,,,,,,,,,ios,watchos,,,,,,,,,,,,,,,,,,,,
6a2f8fac0de103506950dfd6,40931,ios,macos,watchos,,,,,,,,,,,,,multiple,,arm64,ios,macos,,,,,,,,,,,,,,,,,,,,,,,,,,,ios,macos,watchos,,,,,,,,,,,,,,,,,,,,,,,,,,,,,,,,,,,ios,macos,watchos,,,,,,,,,,,,,ios,macos,watchos,,,,,,,,,,,,,,,,,,,
6a2f8fac0de103506950dfd7,40957,ios,macos,watchos,,,,,,,,,,,,,macos,,ios,macos,,,,,,,,,,,,,,,,,,,,,,,,,,,,ios,macos,watchos,,,,,,,,,,,,,,,,,,,,,,,,,,,,,,,,,,,ios,macos,watchos,,,,,,,,,,,,,ios,macos,watchos,,,,,,,,,,,,,,,,,,,
6a2f8fac0de103506950dfd8,40959,ios,macos,watchos,,,,,,,,,,,,,multiple,,ios,macos,,,,,,,,,,,,,,,,,,,,,,,,,,,,ios,macos,watchos,,,,,,,,,,,,,,,,,,,,,,,,,,,,,,,,,,,ios,macos,watchos,,,,,,,,,,,,,ios,macos,watchos,,,,,,,,,,,,,,,,,,,
6a2f8fac0de103506950dfd9,40667,windows,x86-64,,,,,,,,,,,,,,windows,,windows,x86-64,,,,,,,,,,,,,,,,,,,,,,,,,,,,windows,x86,x86-64,,,,,,,,,,,,,,,,,,,,,,,,,,,,,,,,,,,windows,,,,,,,,,,,,,,,windows,,,,,,,,,,,,,,,,,,,,,
6a2f8fac0de103506950dfda,40668,windows,x86,x86-64,,,,,,,,,,,,,windows,,windows,x86-64,,,,,,,,,,,,,,,,,,,,,,,,,,,,windows,x86,x86-64,,,,,,,,,,,,,,,,,,,,,,,,,,,,,,,,,,,windows,x86,x86-64,,,,,,,,,,,,,windows,x86,x86-64,,,,,,,,,,,,,,,,,,,
6a2f8fac0de103506950dfdb,40664,windows,x86,x86-64,,,,,,,,,,,,,windows,,windows,x86-64,,,,,,,,,,,,,,,,,,,,,,,,,,,,windows,x86,x86-64,,,,,,,,,,,,,,,,,,,,,,,,,,,,,,,,,,,windows,x86,x86-64,,,,,,,,,,,,,windows,x86,x86-64,,,,,,,,,,,,,,,,,,,
6a2f8fac0de103506950dfdc,40662,windows,x86-64,,,,,,,,,,,,,,windows,,windows,x86-64,,,,,,,,,,,,,,,,,,,,,,,,,,,,windows,x86,x86-64,,,,,,,,,,,,,,,,,,,,,,,,,,,,,,,,,,,windows,,,,,,,,,,,,,,,windows,,,,,,,,,,,,,,,,,,,,,
6a2f8fac0de103506950dfdd,48692,,,,,,,,,,,,,,,,java,,windows,,,,,,,,,,,,,,,,,,,,,,,,,,,,,,,,,,,,,,,,,,,,,,,,,,,,,,,,,,,,,,,,,,,,,,,,,,,,,,,,,java,,,,,,,,,,,,,,,,,,,,,
6a2f8fac0de103506950dfde,41414,php,,,,,,,,,,,,,,,linux,,linux,x86,,,,,,,,,,,,,,,,,,,,,,,,,,,,php,,,,,,,,,,,,,,,,,,,,,,,,,,,,,,,,,,,,,php,,,,,,,,,,,,,,,php,,,,,,,,,,,,,,,,,,,,,
6a2f8fac0de103506950dfdf,42175,javascript,,,,,,,,,,,,,,,android,,linux,macos,windows,,,,,,,,,,,,,,,,,,,,,,,,,,,,,,,,,,,,,,,,,,,,,,,,,,,,,,,,,,,,,,,,javascript,,,,,,,,,,,,,,,javascript,,,,,,,,,,,,,,,,,,,,,
6a2f8fac0de103506950dfe0,41415,cgi,,,,,,,,,,,,,,,hardware,,linux,x86,,,,,,,,,,,,,,,,,,,,,,,,,,,,cgi,,,,,,,,,,,,,,,,,,,,,,,,,,,,,,,,,,,,,cgi,,,,,,,,,,,,,,,cgi,,,,,,,,,,,,,,,,,,,,,
6a2f8fac0de103506950dfe1,41416,cgi,,,,,,,,,,,,,,,hardware,,linux,,,,,,,,,,,,,,,,,,,,,,,,,,,,,cgi,,,,,,,,,,,,,,,,,,,,,,,,,,,,,,,,,,,,,cgi,,,,,,,,,,,,,,,cgi,,,,,,,,,,,,,,,,,,,,,
6a2f8fac0de103506950dfe2,41805,android,arm,,,,,,,,,,,,,,hardware,,arm,,,,,,,,,,,,,,,,,,,,,,,,,,,,,android,arm,,,,,,,,,,,,,,,,,,,,,,,,,,,,,,,,,,,,android,linux,,,,,,,,,,,,,,android,arm,,,,,,,,,,,,,,,,,,,,
6a2f8fac0de103506950dfe3,41806,android,arm,,,,,,,,,,,,,,hardware,,,,,,,,,,,,,,,,,,,,,,,,,,,,,,,android,arm,,,,,,,,,,,,,,,,,,,,,,,,,,,,,,,,,,,,android,linux,,,,,,,,,,,,,,android,arm,,,,,,,,,,,,,,,,,,,,
6a2f8fac0de103506950dfe4,39441,java,,,,,,,,,,,,,,,multiple,,java,linux,windows,,,,,,,,,,,,,,,,,,,,,,,,,,,java,,,,,,,,,,,,,,,,,,,,,,,,,,,,,,,,,,,,,java,,,,,,,,,,,,,,,java,,,,,,,,,,,,,,,,,,,,,
6a2f8fac0de103506950dfe5,45625,linux,,,,,,,,,,,,,,,solaris,,solaris,x86,x86-64,,,,,,,,,,,,,,,,,,,,,,,,,,,linux,,,,,,,,,,,,,,,,,,,,,,,,,,,,,,,,,,,,,linux,,,,,,,,,,,,,,,linux,,,,,,,,,,,,,,,,,,,,,
6a2f8fac0de103506950dfe6,42183,aix,bsd,hp-ux,linux,solaris,unixware,,,,,,,,,,linux,,linux,,,,,,,,,,,,,,,,,,,,,,,,,,,,,aix,bsd,hp-ux,linux,solaris,unixware,,,,,,,,,,,,,,,,,,,,,,,,,,,,,,,,unixware,,,,,,,,,,,,,,,aix,bsd,hp-ux,linux,solaris,unixware,,,,,,,,,,,,,,,,
6a2f8fac0de103506950dfe7,44757,java,,,,,,,,,,,,,,,linux,,linux,,,,,,,,,,,,,,,,,,,,,,,,,,,,,java,,,,,,,,,,,,,,,,,,,,,,,,,,,,,,,,,,,,,java,,,,,,,,,,,,,,,java,,,,,,,,,,,,,,,,,,,,,
6a2f8fac0de103506950dfe8,43458,java,,,,,,,,,,,,,,,multiple,,java,linux,,,,,,,,,,,,,,,,,,,,,,,,,,,,java,,,,,,,,,,,,,,,,,,,,,,,,,,,,,,,,,,,,,java,,,,,,,,,,,,,,,java,,,,,,,,,,,,,,,,,,,,,
6a2f8fac0de103506950dfe9,43924,java,,,,,,,,,,,,,,,multiple,,windows,,,,,,,,,,,,,,,,,,,,,,,,,,,,,java,,,,,,,,,,,,,,,,,,,,,,,,,,,,,,,,,,,,,java,,,,,,,,,,,,,,,java,,,,,,,,,,,,,,,,,,,,,
6a2f8fac0de103506950dfea,42541,windows,,,,,,,,,,,,,,,php,,linux,php,,,,,,,,,,,,,,,,,,,,,,,,,,,,windows,,,,,,,,,,,,,,,,,,,,,,,,,,,,,,,,,,,,,windows,,,,,,,,,,,,,,,windows,,,,,,,,,,,,,,,,,,,,,
6a2f8fac0de103506950dfeb,42784,arm,,,,,,,,,,,,,,,ios,,arm,ios,,,,,,,,,,,,,,,,,,,,,,,,,,,,arm,,,,,,,,,,,,,,,,,,,,,,,,,,,,,,,,,,,,,arm,,,,,,,,,,,,,,,,,,,,,,,,,,,,,,,,,,,,
6a2f8fac0de103506950dfec,42434,php,,,,,,,,,,,,,,,hardware,,linux,php,,,,,,,,,,,,,,,,,,,,,,,,,,,,,,,,,,,,,,,,,,,,,,,,,,,,,,,,,,,,,,,,,php,,,,,,,,,,,,,,,php,,,,,,,,,,,,,,,,,,,,,
6a2f8fac0de103506950dfed,44556,java,,,,,,,,,,,,,,,multiple,,java,linux,windows,,,,,,,,,,,,,,,,,,,,,,,,,,,java,,,,,,,,,,,,,,,,,,,,,,,,,,,,,,,,,,,,,java,,,,,,,,,,,,,,,java,,,,,,,,,,,,,,,,,,,,,
6a2f8fac0de103506950dfee,42953,java,jsp,windows,,,,,,,,,,,,,windows,,java,windows,,,,,,,,,,,,,,,,,,,,,,,,,,,,jsp,windows,java,,,,,,,,,,,,,,,,,,,,,,,,,,,,,,,,,,,java,jsp,,,,,,,,,,,,,,jsp,windows,java,,,,,,,,,,,,,,,,,,,
6a2f8fac0de103506950dfef,43008,java,jsp,,,,,,,,,,,,,,java,,linux,windows,,,,,,,,,,,,,,,,,,,,,,,,,,,,java,jsp,,,,,,,,,,,,,,,,,,,,,,,,,,,,,,,,,,,,java,jsp,,,,,,,,,,,,,,java,jsp,,,,,,,,,,,,,,,,,,,,
6a2f8fac0de103506950dff0,44498,json,,,,,,,,,,,,,,,linux,,linux,python,,,,,,,,,,,,,,,,,,,,,,,,,,,,json,,,,,,,,,,,,,,,,,,,,,,,,,,,,,,,,,,,,,javascript,json,,,,,,,,,,,,,,json,,,,,,,,,,,,,,,,,,,,,
6a2f8fac0de103506950dff1,44913,json,,,,,,,,,,,,,,,linux,,linux,,,,,,,,,,,,,,,,,,,,,,,,,,,,,json,,,,,,,,,,,,,,,,,,,,,,,,,,,,,,,,,,,,,javascript,json,,,,,,,,,,,,,,json,,,,,,,,,,,,,,,,,,,,,
6a2f8fac0de103506950dff2,45019,json,,,,,,,,,,,,,,,linux,,linux,x86-64,,,,,,,,,,,,,,,,,,,,,,,,,,,,json,,,,,,,,,,,,,,,,,,,,,,,,,,,,,,,,,,,,,javascript,json,,,,,,,,,,,,,,json,,,,,,,,,,,,,,,,,,,,,
6a2f8fac0de103506950dff3,42460,linux,macos,,,,,,,,,,,,,,macos,,macos,,,,,,,,,,,,,,,,,,,,,,,,,,,,,linux,macos,,,,,,,,,,,,,,,,,,,,,,,,,,,,,,,,,,,,linux,macos,,,,,,,,,,,,,,linux,macos,,,,,,,,,,,,,,,,,,,,
6a2f8fac0de103506950dff4,43172,ios,windows,,,,,,,,,,,,,,multiple,,x86-64,,,,,,,,,,,,,,,,,,,,,,,,,,,,,ios,watchos,windows,,,,,,,,,,,,,,,,,,,,,,,,,,,,,,,,,,,ios,macos,tvos,windows,,,,,,,,,,,,ios,windows,,,,,,,,,,,,,,,,,,,,
6a2f8fac0de103506950dff5,43171,ios,watchos,windows,,,,,,,,,,,,,multiple,,x86-64,,,,,,,,,,,,,,,,,,,,,,,,,,,,,ios,watchos,windows,,,,,,,,,,,,,,,,,,,,,,,,,,,,,,,,,,,ios,macos,watchos,windows,,,,,,,,,,,,ios,watchos,windows,,,,,,,,,,,,,,,,,,,
6a2f8fac0de103506950dff6,43170,ios,windows,,,,,,,,,,,,,,multiple,,x86-64,,,,,,,,,,,,,,,,,,,,,,,,,,,,,ios,watchos,windows,,,,,,,,,,,,,,,,,,,,,,,,,,,,,,,,,,,ios,macos,windows,,,,,,,,,,,,,ios,windows,,,,,,,,,,,,,,,,,,,,
6a2f8fac0de103506950dff7,43176,ios,watchos,windows,,,,,,,,,,,,,multiple,,javascript,x86-64,,,,,,,,,,,,,,,,,,,,,,,,,,,,ios,watchos,windows,,,,,,,,,,,,,,,,,,,,,,,,,,,,,,,,,,,ios,macos,windows,,,,,,,,,,,,,ios,watchos,windows,,,,,,,,,,,,,,,,,,,
6a2f8fac0de103506950dff8,43167,ios,windows,,,,,,,,,,,,,,multiple,,x86-64,,,,,,,,,,,,,,,,,,,,,,,,,,,,,ios,watchos,windows,,,,,,,,,,,,,,,,,,,,,,,,,,,,,,,,,,,ios,windows,,,,,,,,,,,,,,ios,windows,,,,,,,,,,,,,,,,,,,,
6a2f8fac0de103506950dff9,43174,ios,watchos,windows,,,,,,,,,,,,,multiple,,x86-64,,,,,,,,,,,,,,,,,,,,,,,,,,,,,ios,watchos,windows,,,,,,,,,,,,,,,,,,,,,,,,,,,,,,,,,,,ios,macos,watchos,windows,,,,,,,,,,,,ios,windows,,,,,,,,,,,,,,,,,,,,
6a2f8fac0de103506950dffa,43169,ios,macos,watchos,windows,,,,,,,,,,,,multiple,,macos,x86-64,,,,,,,,,,,,,,,,,,,,,,,,,,,,ios,watchos,windows,,,,,,,,,,,,,,,,,,,,,,,,,,,,,,,,,,,ios,macos,watchos,windows,,,,,,,,,,,,ios,windows,,,,,,,,,,,,,,,,,,,,
6a2f8fac0de103506950dffb,43166,ios,watchos,windows,,,,,,,,,,,,,multiple,,x86-64,,,,,,,,,,,,,,,,,,,,,,,,,,,,,ios,watchos,windows,,,,,,,,,,,,,,,,,,,,,,,,,,,,,,,,,,,ios,macos,watchos,windows,,,,,,,,,,,,ios,windows,,,,,,,,,,,,,,,,,,,,
6a2f8fac0de103506950dffc,43168,ios,macos,watchos,windows,,,,,,,,,,,,multiple,,macos,x86-64,,,,,,,,,,,,,,,,,,,,,,,,,,,,ios,watchos,windows,,,,,,,,,,,,,,,,,,,,,,,,,,,,,,,,,,,ios,macos,watchos,windows,,,,,,,,,,,,ios,windows,,,,,,,,,,,,,,,,,,,,
6a2f8fac0de103506950dffd,43175,ios,windows,,,,,,,,,,,,,,multiple,,x86-64,,,,,,,,,,,,,,,,,,,,,,,,,,,,,ios,watchos,windows,,,,,,,,,,,,,,,,,,,,,,,,,,,,,,,,,,,ios,macos,windows,,,,,,,,,,,,,ios,windows,,,,,,,,,,,,,,,,,,,,
6a2f8fac0de103506950dffe,43173,ios,macos,windows,,,,,,,,,,,,,multiple,,macos,x86-64,,,,,,,,,,,,,,,,,,,,,,,,,,,,ios,watchos,windows,,,,,,,,,,,,,,,,,,,,,,,,,,,,,,,,,,,ios,macos,windows,,,,,,,,,,,,,ios,windows,,,,,,,,,,,,,,,,,,,,
6a2f8fac0de103506950dfff,43161,ios,watchos,,,,,,,,,,,,,,ios,,ios,,,,,,,,,,,,,,,,,,,,,,,,,,,,,ios,watchos,,,,,,,,,,,,,,,,,,,,,,,,,,,,,,,,,,,,ios,watchos,,,,,,,,,,,,,,ios,watchos,,,,,,,,,,,,,,,,,,,,
6a2f8fac0de103506950e000,43318,ios,macos,watchos,,,,,,,,,,,,,macos,,macos,,,,,,,,,,,,,,,,,,,,,,,,,,,,,ios,macos,watchos,,,,,,,,,,,,,,,,,,,,,,,,,,,,,,,,,,,ios,macos,watchos,,,,,,,,,,,,,ios,macos,watchos,,,,,,,,,,,,,,,,,,,
6a2f8fac0de103506950e001,43321,ios,macos,watchos,,,,,,,,,,,,,macos,,macos,,,,,,,,,,,,,,,,,,,,,,,,,,,,,ios,macos,watchos,,,,,,,,,,,,,,,,,,,,,,,,,,,,,,,,,,,ios,macos,watchos,,,,,,,,,,,,,ios,macos,watchos,,,,,,,,,,,,,,,,,,,
6a2f8fac0de103506950e002,43328,ios,macos,watchos,,,,,,,,,,,,,multiple,,ios,macos,x86,,,,,,,,,,,,,,,,,,,,,,,,,,,ios,macos,watchos,,,,,,,,,,,,,,,,,,,,,,,,,,,,,,,,,,,ios,macos,watchos,,,,,,,,,,,,,ios,macos,watchos,,,,,,,,,,,,,,,,,,,
6a2f8fac0de103506950e003,44234,ios,macos,watchos,,,,,,,,,,,,,macos,,macos,x86-64,,,,,,,,,,,,,,,,,,,,,,,,,,,,ios,macos,watchos,,,,,,,,,,,,,,,,,,,,,,,,,,,,,,,,,,,ios,macos,watchos,,,,,,,,,,,,,ios,macos,watchos,,,,,,,,,,,,,,,,,,,
6a2f8fac0de103506950e004,43319,ios,macos,watchos,,,,,,,,,,,,,macos,,macos,x86-64,,,,,,,,,,,,,,,,,,,,,,,,,,,,ios,macos,watchos,,,,,,,,,,,,,,,,,,,,,,,,,,,,,,,,,,,ios,macos,watchos,,,,,,,,,,,,,ios,macos,watchos,,,,,,,,,,,,,,,,,,,
6a2f8fac0de103506950e005,43325,ios,macos,watchos,,,,,,,,,,,,,multiple,,arm,watchos,,,,,,,,,,,,,,,,,,,,,,,,,,,,ios,macos,watchos,,,,,,,,,,,,,,,,,,,,,,,,,,,,,,,,,,,ios,macos,watchos,,,,,,,,,,,,,ios,macos,watchos,,,,,,,,,,,,,,,,,,,
6a2f8fac0de103506950e006,42805,php,,,,,,,,,,,,,,,php,,linux,php,windows,x86-64,,,,,,,,,,,,,,,,,,,,,,,,,,,,,,,,,,,,,,,,,,,,,,,,,,,,,,,,,,,,,,,php,,,,,,,,,,,,,,,php,,,,,,,,,,,,,,,,,,,,,
6a2f8fac0de103506950e007,43054,javascript,,,,,,,,,,,,,,,nodejs,,nodejs,,,,,,,,,,,,,,,,,,,,,,,,,,,,,javascript,,,,,,,,,,,,,,,,,,,,,,,,,,,,,,,,,,,,,javascript,,,,,,,,,,,,,,,javascript,,,,,,,,,,,,,,,,,,,,,
6a2f8fac0de103506950e008,43053,javascript,,,,,,,,,,,,,,,nodejs,,nodejs,,,,,,,,,,,,,,,,,,,,,,,,,,,,,javascript,,,,,,,,,,,,,,,,,,,,,,,,,,,,,,,,,,,,,javascript,,,,,,,,,,,,,,,javascript,,,,,,,,,,,,,,,,,,,,,
6a2f8fac0de103506950e009,43109,windows,x86-64,,,,,,,,,,,,,,windows,,windows,x86-64,,,,,,,,,,,,,,,,,,,,,,,,,,,,windows,,,,,,,,,,,,,,,,,,,,,,,,,,,,,,,,,,,,,windows,x86-64,,,,,,,,,,,,,,windows,x86-64,,,,,,,,,,,,,,,,,,,,
6a2f8fac0de103506950e00a,48944,php,,,,,,,,,,,,,,,php,,linux,,,,,,,,,,,,,,,,,,,,,,,,,,,,,,,,,,,,,,,,,,,,,,,,,,,,,,,,,,,,,,,,,,php,,,,,,,,,,,,,,,php,,,,,,,,,,,,,,,,,,,,,
6a2f8fac0de103506950e00b,43256,php,,,,,,,,,,,,,,,php,,linux,windows,x86-64,,,,,,,,,,,,,,,,,,,,,,,,,,,,,,,,,,,,,,,,,,,,,,,,,,,,,,,,,,,,,,,,php,,,,,,,,,,,,,,,php,,,,,,,,,,,,,,,,,,,,,
6a2f8fac0de103506950e00c,43393,php,,,,,,,,,,,,,,,php,,linux,php,windows,,,,,,,,,,,,,,,,,,,,,,,,,,,,,,,,,,,,,,,,,,,,,,,,,,,,,,,,,,,,,,,,php,,,,,,,,,,,,,,,php,,,,,,,,,,,,,,,,,,,,,
6a2f8fac0de103506950e00d,41164,macos,,,,,,,,,,,,,,,multiple,,ios,macos,,,,,,,,,,,,,,,,,,,,,,,,,,,,macos,,,,,,,,,,,,,,,,,,,,,,,,,,,,,,,,,,,,,macos,,,,,,,,,,,,,,,macos,,,,,,,,,,,,,,,,,,,,,
6a2f8fac0de103506950e00e,41165,ios,macos,watchos,,,,,,,,,,,,,multiple,,ios,macos,,,,,,,,,,,,,,,,,,,,,,,,,,,,ios,macos,watchos,,,,,,,,,,,,,,,,,,,,,,,,,,,,,,,,,,,ios,macos,watchos,,,,,,,,,,,,,ios,macos,watchos,,,,,,,,,,,,,,,,,,,
6a2f8fac0de103506950e00f,41213,ios,macos,,,,,,,,,,,,,,macos,,macos,,,,,,,,,,,,,,,,,,,,,,,,,,,,,ios,,,,,,,,,,,,,,,,,,,,,,,,,,,,,,,,,,,,,ios,macos,,,,,,,,,,,,,,ios,,,,,,,,,,,,,,,,,,,,,
6a2f8fac0de103506950e010,41449,ios,watchos,,,,,,,,,,,,,,macos,,javascript,macos,,,,,,,,,,,,,,,,,,,,,,,,,,,,ios,watchos,,,,,,,,,,,,,,,,,,,,,,,,,,,,,,,,,,,,ios,watchos,,,,,,,,,,,,,,ios,watchos,,,,,,,,,,,,,,,,,,,,
6a2f8fac0de103506950e011,41799,ios,macos,,,,,,,,,,,,,,multiple,,javascript,macos,,,,,,,,,,,,,,,,,,,,,,,,,,,,ios,,,,,,,,,,,,,,,,,,,,,,,,,,,,,,,,,,,,,ios,macos,,,,,,,,,,,,,,ios,,,,,,,,,,,,,,,,,,,,,
6a2f8fac0de103506950e012,41453,ios,macos,,,,,,,,,,,,,,multiple,,macos,,,,,,,,,,,,,,,,,,,,,,,,,,,,,ios,,,,,,,,,,,,,,,,,,,,,,,,,,,,,,,,,,,,,ios,macos,,,,,,,,,,,,,,ios,,,,,,,,,,,,,,,,,,,,,
6a2f8fac0de103506950e013,41801,ios,macos,,,,,,,,,,,,,,multiple,,macos,,,,,,,,,,,,,,,,,,,,,,,,,,,,,ios,,,,,,,,,,,,,,,,,,,,,,,,,,,,,,,,,,,,,ios,macos,,,,,,,,,,,,,,ios,,,,,,,,,,,,,,,,,,,,,
6a2f8fac0de103506950e014,41163,ios,macos,watchos,,,,,,,,,,,,,multiple,,ios,macos,,,,,,,,,,,,,,,,,,,,,,,,,,,,ios,macos,watchos,,,,,,,,,,,,,,,,,,,,,,,,,,,,,,,,,,,ios,macos,watchos,,,,,,,,,,,,,ios,macos,watchos,,,,,,,,,,,,,,,,,,,
6a2f8fac0de103506950e015,41451,ios,,,,,,,,,,,,,,,multiple,,macos,,,,,,,,,,,,,,,,,,,,,,,,,,,,,ios,,,,,,,,,,,,,,,,,,,,,,,,,,,,,,,,,,,,,ios,,,,,,,,,,,,,,,ios,,,,,,,,,,,,,,,,,,,,,
6a2f8fac0de103506950e016,41216,ios,macos,,,,,,,,,,,,,,multiple,,linux,macos,,,,,,,,,,,,,,,,,,,,,,,,,,,,ios,,,,,,,,,,,,,,,,,,,,,,,,,,,,,,,,,,,,,ios,macos,watchos,,,,,,,,,,,,,ios,,,,,,,,,,,,,,,,,,,,,
6a2f8fac0de103506950e017,41800,ios,,,,,,,,,,,,,,,multiple,,javascript,,,,,,,,,,,,,,,,,,,,,,,,,,,,,ios,,,,,,,,,,,,,,,,,,,,,,,,,,,,,,,,,,,,,ios,macos,,,,,,,,,,,,,,ios,,,,,,,,,,,,,,,,,,,,,
6a2f8fac0de103506950e018,41802,ios,macos,,,,,,,,,,,,,,multiple,,javascript,macos,,,,,,,,,,,,,,,,,,,,,,,,,,,,ios,,,,,,,,,,,,,,,,,,,,,,,,,,,,,,,,,,,,,ios,macos,,,,,,,,,,,,,,ios,,,,,,,,,,,,,,,,,,,,,
6a2f8fac0de103506950e019,41741,ios,macos,watchos,,,,,,,,,,,,,multiple,,macos,,,,,,,,,,,,,,,,,,,,,,,,,,,,,ios,,,,,,,,,,,,,,,,,,,,,,,,,,,,,,,,,,,,,ios,macos,watchos,,,,,,,,,,,,,ios,watchos,,,,,,,,,,,,,,,,,,,,
6a2f8fac0de103506950e01a,41742,ios,macos,watchos,,,,,,,,,,,,,multiple,,macos,,,,,,,,,,,,,,,,,,,,,,,,,,,,,ios,,,,,,,,,,,,,,,,,,,,,,,,,,,,,,,,,,,,,ios,macos,watchos,,,,,,,,,,,,,ios,watchos,,,,,,,,,,,,,,,,,,,,
6a2f8fac0de103506950e01b,41743,ios,macos,,,,,,,,,,,,,,multiple,,macos,,,,,,,,,,,,,,,,,,,,,,,,,,,,,ios,,,,,,,,,,,,,,,,,,,,,,,,,,,,,,,,,,,,,ios,macos,,,,,,,,,,,,,,ios,,,,,,,,,,,,,,,,,,,,,
6a2f8fac0de103506950e01c,41807,ios,macos,,,,,,,,,,,,,,multiple,,macos,,,,,,,,,,,,,,,,,,,,,,,,,,,,,ios,,,,,,,,,,,,,,,,,,,,,,,,,,,,,,,,,,,,,ios,macos,watchos,,,,,,,,,,,,,ios,macos,,,,,,,,,,,,,,,,,,,,
6a2f8fac0de103506950e01d,41809,ios,macos,,,,,,,,,,,,,,multiple,,macos,,,,,,,,,,,,,,,,,,,,,,,,,,,,,ios,,,,,,,,,,,,,,,,,,,,,,,,,,,,,,,,,,,,,ios,macos,watchos,,,,,,,,,,,,,ios,macos,,,,,,,,,,,,,,,,,,,,
6a2f8fac0de103506950e01e,41778,ios,macos,watchos,,,,,,,,,,,,,multiple,,ios,macos,,,,,,,,,,,,,,,,,,,,,,,,,,,,ios,macos,watchos,,,,,,,,,,,,,,,,,,,,,,,,,,,,,,,,,,,ios,macos,watchos,,,,,,,,,,,,,ios,macos,watchos,,,,,,,,,,,,,,,,,,,
6a2f8fac0de103506950e01f,41803,ios,macos,,,,,,,,,,,,,,multiple,,macos,,,,,,,,,,,,,,,,,,,,,,,,,,,,,ios,,,,,,,,,,,,,,,,,,,,,,,,,,,,,,,,,,,,,ios,macos,,,,,,,,,,,,,,ios,,,,,,,,,,,,,,,,,,,,,
6a2f8fac0de103506950e020,41810,ios,macos,,,,,,,,,,,,,,multiple,,macos,,,,,,,,,,,,,,,,,,,,,,,,,,,,,ios,,,,,,,,,,,,,,,,,,,,,,,,,,,,,,,,,,,,,ios,macos,,,,,,,,,,,,,,ios,macos,,,,,,,,,,,,,,,,,,,,
6a2f8fac0de103506950e021,41811,ios,macos,,,,,,,,,,,,,,multiple,,javascript,macos,,,,,,,,,,,,,,,,,,,,,,,,,,,,ios,,,,,,,,,,,,,,,,,,,,,,,,,,,,,,,,,,,,,ios,macos,,,,,,,,,,,,,,ios,watchos,,,,,,,,,,,,,,,,,,,,
6a2f8fac0de103506950e022,41931,ios,macos,,,,,,,,,,,,,,multiple,,javascript,macos,,,,,,,,,,,,,,,,,,,,,,,,,,,,ios,,,,,,,,,,,,,,,,,,,,,,,,,,,,,,,,,,,,,ios,macos,,,,,,,,,,,,,,ios,watchos,,,,,,,,,,,,,,,,,,,,
6a2f8fac0de103506950e023,41812,ios,macos,,,,,,,,,,,,,,multiple,,macos,,,,,,,,,,,,,,,,,,,,,,,,,,,,,ios,macos,,,,,,,,,,,,,,,,,,,,,,,,,,,,,,,,,,,,ios,macos,watchos,,,,,,,,,,,,,ios,macos,,,,,,,,,,,,,,,,,,,,
6a2f8fac0de103506950e024,41869,ios,macos,,,,,,,,,,,,,,multiple,,macos,,,,,,,,,,,,,,,,,,,,,,,,,,,,,ios,,,,,,,,,,,,,,,,,,,,,,,,,,,,,,,,,,,,,ios,macos,,,,,,,,,,,,,,ios,macos,,,,,,,,,,,,,,,,,,,,
6a2f8fac0de103506950e025,41867,ios,macos,,,,,,,,,,,,,,multiple,,macos,,,,,,,,,,,,,,,,,,,,,,,,,,,,,ios,macos,,,,,,,,,,,,,,,,,,,,,,,,,,,,,,,,,,,,ios,macos,,,,,,,,,,,,,,ios,macos,,,,,,,,,,,,,,,,,,,,
6a2f8fac0de103506950e026,41813,ios,watchos,,,,,,,,,,,,,,multiple,,macos,,,,,,,,,,,,,,,,,,,,,,,,,,,,,ios,watchos,,,,,,,,,,,,,,,,,,,,,,,,,,,,,,,,,,,,ios,watchos,,,,,,,,,,,,,,ios,watchos,,,,,,,,,,,,,,,,,,,,
6a2f8fac0de103506950e027,41791,ios,macos,watchos,,,,,,,,,,,,,macos,,macos,,,,,,,,,,,,,,,,,,,,,,,,,,,,,ios,macos,watchos,,,,,,,,,,,,,,,,,,,,,,,,,,,,,,,,,,,ios,macos,watchos,,,,,,,,,,,,,ios,macos,watchos,,,,,,,,,,,,,,,,,,,
6a2f8fac0de103506950e028,41792,ios,macos,watchos,,,,,,,,,,,,,multiple,,ios,macos,x86-64,,,,,,,,,,,,,,,,,,,,,,,,,,,ios,macos,watchos,,,,,,,,,,,,,,,,,,,,,,,,,,,,,,,,,,,ios,macos,watchos,,,,,,,,,,,,,ios,macos,watchos,,,,,,,,,,,,,,,,,,,
6a2f8fac0de103506950e029,41793,ios,macos,watchos,,,,,,,,,,,,,multiple,,ios,macos,x86,,,,,,,,,,,,,,,,,,,,,,,,,,,ios,macos,watchos,,,,,,,,,,,,,,,,,,,,,,,,,,,,,,,,,,,ios,macos,watchos,,,,,,,,,,,,,ios,macos,watchos,,,,,,,,,,,,,,,,,,,
6a2f8fac0de103506950e02a,41814,ios,macos,watchos,,,,,,,,,,,,,multiple,,javascript,macos,,,,,,,,,,,,,,,,,,,,,,,,,,,,ios,macos,,,,,,,,,,,,,,,,,,,,,,,,,,,,,,,,,,,,ios,macos,watchos,,,,,,,,,,,,,ios,watchos,,,,,,,,,,,,,,,,,,,,
6a2f8fac0de103506950e02b,41794,ios,macos,watchos,,,,,,,,,,,,,multiple,,ios,macos,,,,,,,,,,,,,,,,,,,,,,,,,,,,ios,macos,watchos,,,,,,,,,,,,,,,,,,,,,,,,,,,,,,,,,,,ios,macos,watchos,,,,,,,,,,,,,ios,macos,watchos,,,,,,,,,,,,,,,,,,,
6a2f8fac0de103506950e02c,41866,ios,windows,,,,,,,,,,,,,,multiple,,macos,,,,,,,,,,,,,,,,,,,,,,,,,,,,,ios,windows,,,,,,,,,,,,,,,,,,,,,,,,,,,,,,,,,,,,ios,windows,,,,,,,,,,,,,,ios,windows,,,,,,,,,,,,,,,,,,,,
6a2f8fac0de103506950e02d,41865,ios,windows,,,,,,,,,,,,,,multiple,,macos,,,,,,,,,,,,,,,,,,,,,,,,,,,,,ios,windows,,,,,,,,,,,,,,,,,,,,,,,,,,,,,,,,,,,,ios,windows,,,,,,,,,,,,,,ios,windows,,,,,,,,,,,,,,,,,,,,
6a2f8fac0de103506950e02e,41796,ios,macos,watchos,,,,,,,,,,,,,multiple,,ios,macos,,,,,,,,,,,,,,,,,,,,,,,,,,,,ios,macos,watchos,,,,,,,,,,,,,,,,,,,,,,,,,,,,,,,,,,,ios,macos,watchos,,,,,,,,,,,,,ios,macos,watchos,,,,,,,,,,,,,,,,,,,
6a2f8fac0de103506950e02f,41797,ios,macos,watchos,,,,,,,,,,,,,macos,,macos,,,,,,,,,,,,,,,,,,,,,,,,,,,,,ios,macos,watchos,,,,,,,,,,,,,,,,,,,,,,,,,,,,,,,,,,,ios,macos,watchos,,,,,,,,,,,,,ios,macos,watchos,,,,,,,,,,,,,,,,,,,
6a2f8fac0de103506950e030,41804,ios,macos,watchos,,,,,,,,,,,,,multiple,,ios,macos,x86-64,,,,,,,,,,,,,,,,,,,,,,,,,,,ios,macos,watchos,,,,,,,,,,,,,,,,,,,,,,,,,,,,,,,,,,,ios,macos,watchos,,,,,,,,,,,,,ios,macos,watchos,,,,,,,,,,,,,,,,,,,
6a2f8fac0de103506950e031,41964,ios,macos,,,,,,,,,,,,,,macos,,macos,,,,,,,,,,,,,,,,,,,,,,,,,,,,,ios,,,,,,,,,,,,,,,,,,,,,,,,,,,,,,,,,,,,,ios,macos,,,,,,,,,,,,,,ios,,,,,,,,,,,,,,,,,,,,,
6a2f8fac0de103506950e032,42054,ios,macos,watchos,,,,,,,,,,,,,multiple,,ios,macos,,,,,,,,,,,,,,,,,,,,,,,,,,,,ios,macos,watchos,,,,,,,,,,,,,,,,,,,,,,,,,,,,,,,,,,,ios,macos,watchos,,,,,,,,,,,,,ios,macos,watchos,,,,,,,,,,,,,,,,,,,
6a2f8fac0de103506950e033,42064,ios,macos,,,,,,,,,,,,,,multiple,,macos,,,,,,,,,,,,,,,,,,,,,,,,,,,,,ios,,,,,,,,,,,,,,,,,,,,,,,,,,,,,,,,,,,,,ios,macos,,,,,,,,,,,,,,ios,,,,,,,,,,,,,,,,,,,,,
6a2f8fac0de103506950e034,42066,ios,,,,,,,,,,,,,,,multiple,,,,,,,,,,,,,,,,,,,,,,,,,,,,,,,ios,,,,,,,,,,,,,,,,,,,,,,,,,,,,,,,,,,,,,ios,macos,,,,,,,,,,,,,,ios,,,,,,,,,,,,,,,,,,,,,
6a2f8fac0de103506950e035,42067,ios,,,,,,,,,,,,,,,multiple,,linux,windows,,,,,,,,,,,,,,,,,,,,,,,,,,,,ios,,,,,,,,,,,,,,,,,,,,,,,,,,,,,,,,,,,,,ios,macos,,,,,,,,,,,,,,ios,,,,,,,,,,,,,,,,,,,,,
6a2f8fac0de103506950e036,42063,ios,macos,,,,,,,,,,,,,,multiple,,macos,,,,,,,,,,,,,,,,,,,,,,,,,,,,,ios,,,,,,,,,,,,,,,,,,,,,,,,,,,,,,,,,,,,,ios,macos,,,,,,,,,,,,,,ios,,,,,,,,,,,,,,,,,,,,,
6a2f8fac0de103506950e037,42068,ios,,,,,,,,,,,,,,,multiple,,javascript,,,,,,,,,,,,,,,,,,,,,,,,,,,,,ios,,,,,,,,,,,,,,,,,,,,,,,,,,,,,,,,,,,,,ios,macos,,,,,,,,,,,,,,ios,,,,,,,,,,,,,,,,,,,,,
6a2f8fad0de103506950e038,42103,ios,watchos,,,,,,,,,,,,,,linux,,linux,,,,,,,,,,,,,,,,,,,,,,,,,,,,,ios,watchos,,,,,,,,,,,,,,,,,,,,,,,,,,,,,,,,,,,,ios,watchos,,,,,,,,,,,,,,ios,watchos,,,,,,,,,,,,,,,,,,,,
6a2f8fad0de103506950e039,42049,ios,macos,watchos,,,,,,,,,,,,,multiple,,ios,macos,,,,,,,,,,,,,,,,,,,,,,,,,,,,ios,macos,watchos,,,,,,,,,,,,,,,,,,,,,,,,,,,,,,,,,,,ios,macos,watchos,,,,,,,,,,,,,ios,macos,watchos,,,,,,,,,,,,,,,,,,,
6a2f8fad0de103506950e03a,42050,ios,macos,watchos,,,,,,,,,,,,,multiple,,macos,,,,,,,,,,,,,,,,,,,,,,,,,,,,,ios,macos,watchos,,,,,,,,,,,,,,,,,,,,,,,,,,,,,,,,,,,ios,macos,watchos,,,,,,,,,,,,,ios,macos,watchos,,,,,,,,,,,,,,,,,,,
6a2f8fad0de103506950e03b,42051,ios,macos,watchos,,,,,,,,,,,,,multiple,,arm,ios,macos,x86,,,,,,,,,,,,,,,,,,,,,,,,,,ios,macos,watchos,,,,,,,,,,,,,,,,,,,,,,,,,,,,,,,,,,,ios,macos,watchos,,,,,,,,,,,,,ios,macos,watchos,,,,,,,,,,,,,,,,,,,
6a2f8fad0de103506950e03c,42052,macos,,,,,,,,,,,,,,,multiple,,ios,macos,,,,,,,,,,,,,,,,,,,,,,,,,,,,macos,,,,,,,,,,,,,,,,,,,,,,,,,,,,,,,,,,,,,macos,,,,,,,,,,,,,,,macos,,,,,,,,,,,,,,,,,,,,,
6a2f8fad0de103506950e03d,42105,ios,,,,,,,,,,,,,,,multiple,,javascript,,,,,,,,,,,,,,,,,,,,,,,,,,,,,ios,,,,,,,,,,,,,,,,,,,,,,,,,,,,,,,,,,,,,ios,macos,,,,,,,,,,,,,,ios,,,,,,,,,,,,,,,,,,,,,
6a2f8fad0de103506950e03e,42104,ios,,,,,,,,,,,,,,,multiple,,javascript,,,,,,,,,,,,,,,,,,,,,,,,,,,,,ios,,,,,,,,,,,,,,,,,,,,,,,,,,,,,,,,,,,,,ios,macos,,,,,,,,,,,,,,ios,,,,,,,,,,,,,,,,,,,,,
6a2f8fad0de103506950e03f,42125,ios,macos,,,,,,,,,,,,,,macos,,macos,,,,,,,,,,,,,,,,,,,,,,,,,,,,,ios,,,,,,,,,,,,,,,,,,,,,,,,,,,,,,,,,,,,,ios,macos,,,,,,,,,,,,,,ios,,,,,,,,,,,,,,,,,,,,,
6a2f8fad0de103506950e040,42190,ios,,,,,,,,,,,,,,,multiple,,javascript,,,,,,,,,,,,,,,,,,,,,,,,,,,,,ios,,,,,,,,,,,,,,,,,,,,,,,,,,,,,,,,,,,,,ios,macos,,,,,,,,,,,,,,ios,,,,,,,,,,,,,,,,,,,,,
6a2f8fad0de103506950e041,47888,solaris,,,,,,,,,,,,,,,hardware,,aix,ppc,,,,,,,,,,,,,,,,,,,,,,,,,,,,solaris,,,,,,,,,,,,,,,,,,,,,,,,,,,,,,,,,,,,,solaris,,,,,,,,,,,,,,,solaris,,,,,,,,,,,,,,,,,,,,,
6a2f8fad0de103506950e042,47714,macos,windows,,,,,,,,,,,,,,windows,,windows,x86-64,,,,,,,,,,,,,,,,,,,,,,,,,,,,macos,windows,,,,,,,,,,,,,,,,,,,,,,,,,,,,,,,,,,,,macos,windows,,,,,,,,,,,,,,macos,windows,,,,,,,,,,,,,,,,,,,,
6a2f8fad0de103506950e043,41745,linux,,,,,,,,,,,,,,,hardware,,linux,,,,,,,,,,,,,,,,,,,,,,,,,,,,,,,,,,,,,,,,,,,,,,,,,,,,,,,,,,,,,,,,,,,,,,,,,,,,,,,,,linux,,,,,,,,,,,,,,,,,,,,,
6a2f8fad0de103506950e044,43413,linux,,,,,,,,,,,,,,,cgi,,linux,,,,,,,,,,,,,,,,,,,,,,,,,,,,,,,,,,,,,,,,,,,,,,,,,,,,,,,,,,,,,,,,,,,,,,,,,,,,,,,,,linux,,,,,,,,,,,,,,,,,,,,,
6a2f8fad0de103506950e045,41614,java,,,,,,,,,,,,,,,multiple,,java,linux,unix,windows,,,,,,,,,,,,,,,,,,,,,,,,,,java,,,,,,,,,,,,,,,,,,,,,,,,,,,,,,,,,,,,,java,,,,,,,,,,,,,,,java,,,,,,,,,,,,,,,,,,,,,
6a2f8fad0de103506950e046,41754,linux,lua,,,,,,,,,,,,,,hardware,,arm,linux,lua,,,,,,,,,,,,,,,,,,,,,,,,,,,linux,lua,,,,,,,,,,,,,,,,,,,,,,,,,,,,,,,,,,,,,,,,,,,,,,,,,,,lua,,,,,,,,,,,,,,,,,,,,,
6a2f8fad0de103506950e047,43427,arm,x86,,,,,,,,,,,,,,multiple,,x86,,,,,,,,,,,,,,,,,,,,,,,,,,,,,arm,x86,x86-64,,,,,,,,,,,,,,,,,,,,,,,,,,,,,,,,,,,arm,x86,,,,,,,,,,,,,,arm,x86,,,,,,,,,,,,,,,,,,,,
6a2f8fad0de103506950e048,50036,javascript,,,,,,,,,,,,,,,nodejs,,linux,windows,,,,,,,,,,,,,,,,,,,,,,,,,,,,javascript,,,,,,,,,,,,,,,,,,,,,,,,,,,,,,,,,,,,,javascript,,,,,,,,,,,,,,,javascript,,,,,,,,,,,,,,,,,,,,,
6a2f8fad0de103506950e049,41394,linux,,,,,,,,,,,,,,,hardware,,linux,python,,,,,,,,,,,,,,,,,,,,,,,,,,,,,,,,,,,,,,,,,,,,,,,,,,,,,,,,,,,,,,,,,,,,,,,,,,,,,,,,linux,,,,,,,,,,,,,,,,,,,,,
6a2f8fad0de103506950e04a,42726,linux,perl,,,,,,,,,,,,,,hardware,,linux,perl,python,,,,,,,,,,,,,,,,,,,,,,,,,,,perl,,,,,,,,,,,,,,,,,,,,,,,,,,,,,,,,,,,,,perl,,,,,,,,,,,,,,,linux,perl,,,,,,,,,,,,,,,,,,,,
6a2f8fad0de103506950e04b,42013,linux,,,,,,,,,,,,,,,hardware,,linux,windows,x86-64,,,,,,,,,,,,,,,,,,,,,,,,,,,,,,,,,,,,,,,,,,,,,,,,,,,,,,,,,,,,,,,,,,,,,,,,,,,,,,,linux,,,,,,,,,,,,,,,,,,,,,
6a2f8fad0de103506950e04c,52457,php,,,,,,,,,,,,,,,multiple,,linux,php,windows,,,,,,,,,,,,,,,,,,,,,,,,,,,php,,,,,,,,,,,,,,,,,,,,,,,,,,,,,,,,,,,,,php,,,,,,,,,,,,,,,php,,,,,,,,,,,,,,,,,,,,,
6a2f8fad0de103506950e04d,44150,linux,unixware,,,,,,,,,,,,,,multiple,,linux,solaris,x86,x86-64,,,,,,,,,,,,,,,,,,,,,,,,,,linux,unixware,,,,,,,,,,,,,,,,,,,,,,,,,,,,,,,,,,,,linux,unixware,,,,,,,,,,,,,,linux,unixware,,,,,,,,,,,,,,,,,,,,
6a2f8fad0de103506950e04e,41577,,,,,,,,,,,,,,,,jsp,,windows,,,,,,,,,,,,,,,,,,,,,,,,,,,,,,,,,,,,,,,,,,,,,,,,,,,,,,,,,,,,,,,,,,,,,,,,,,,,,,,,,java,,,,,,,,,,,,,,,,,,,,,
6a2f8fad0de103506950e04f,41861,linux,,,,,,,,,,,,,,,linux,,linux,python,x86,x86-64,,,,,,,,,,,,,,,,,,,,,,,,,,,,,,,,,,,,,,,,,,,,,,,,,,,,,,,,,,,,,,,,,,,,,,,,,,,,,,linux,,,,,,,,,,,,,,,,,,,,,
6a2f8fad0de103506950e050,42010,linux,,,,,,,,,,,,,,,linux,,linux,unix,,,,,,,,,,,,,,,,,,,,,,,,,,,,,,,,,,,,,,,,,,,,,,,,,,,,,,,,,,,,,,,,,,,,,,,,,,,,,,,,linux,,,,,,,,,,,,,,,,,,,,,
6a2f8fad0de103506950e051,42555,ios,macos,watchos,,,,,,,,,,,,,ios,,arm,ios,,,,,,,,,,,,,,,,,,,,,,,,,,,,ios,macos,watchos,,,,,,,,,,,,,,,,,,,,,,,,,,,,,,,,,,,ios,macos,tvos,watchos,,,,,,,,,,,,ios,macos,watchos,,,,,,,,,,,,,,,,,,,
6a2f8fad0de103506950e052,42189,ios,,,,,,,,,,,,,,,multiple,,javascript,,,,,,,,,,,,,,,,,,,,,,,,,,,,,ios,,,,,,,,,,,,,,,,,,,,,,,,,,,,,,,,,,,,,ios,macos,,,,,,,,,,,,,,ios,,,,,,,,,,,,,,,,,,,,,
6a2f8fad0de103506950e053,42191,ios,windows,,,,,,,,,,,,,,multiple,,javascript,,,,,,,,,,,,,,,,,,,,,,,,,,,,,ios,windows,,,,,,,,,,,,,,,,,,,,,,,,,,,,,,,,,,,,ios,macos,windows,,,,,,,,,,,,,ios,windows,,,,,,,,,,,,,,,,,,,,
6a2f8fad0de103506950e054,42373,ios,watchos,windows,,,,,,,,,,,,,multiple,,javascript,,,,,,,,,,,,,,,,,,,,,,,,,,,,,ios,watchos,windows,,,,,,,,,,,,,,,,,,,,,,,,,,,,,,,,,,,ios,tvos,windows,,,,,,,,,,,,,ios,watchos,windows,,,,,,,,,,,,,,,,,,,
6a2f8fad0de103506950e055,42378,ios,windows,,,,,,,,,,,,,,multiple,,javascript,,,,,,,,,,,,,,,,,,,,,,,,,,,,,ios,watchos,windows,,,,,,,,,,,,,,,,,,,,,,,,,,,,,,,,,,,ios,macos,windows,,,,,,,,,,,,,ios,windows,,,,,,,,,,,,,,,,,,,,
6a2f8fad0de103506950e056,42362,ios,windows,,,,,,,,,,,,,,multiple,,x86-64,,,,,,,,,,,,,,,,,,,,,,,,,,,,,ios,watchos,windows,,,,,,,,,,,,,,,,,,,,,,,,,,,,,,,,,,,ios,tvos,windows,,,,,,,,,,,,,ios,windows,,,,,,,,,,,,,,,,,,,,
6a2f8fad0de103506950e057,42367,ios,windows,,,,,,,,,,,,,,multiple,,x86-64,,,,,,,,,,,,,,,,,,,,,,,,,,,,,ios,watchos,windows,,,,,,,,,,,,,,,,,,,,,,,,,,,,,,,,,,,ios,windows,,,,,,,,,,,,,,ios,windows,,,,,,,,,,,,,,,,,,,,
6a2f8fad0de103506950e058,42366,ios,macos,windows,,,,,,,,,,,,,multiple,,javascript,macos,x86-64,,,,,,,,,,,,,,,,,,,,,,,,,,,ios,windows,,,,,,,,,,,,,,,,,,,,,,,,,,,,,,,,,,,,ios,macos,windows,,,,,,,,,,,,,ios,windows,,,,,,,,,,,,,,,,,,,,
6a2f8fad0de103506950e059,42364,ios,windows,,,,,,,,,,,,,,multiple,,x86-64,,,,,,,,,,,,,,,,,,,,,,,,,,,,,ios,watchos,windows,,,,,,,,,,,,,,,,,,,,,,,,,,,,,,,,,,,ios,tvos,windows,,,,,,,,,,,,,ios,windows,,,,,,,,,,,,,,,,,,,,
6a2f8fad0de103506950e05a,42361,ios,windows,,,,,,,,,,,,,,multiple,,macos,x86-64,,,,,,,,,,,,,,,,,,,,,,,,,,,,ios,windows,,,,,,,,,,,,,,,,,,,,,,,,,,,,,,,,,,,,ios,tvos,windows,,,,,,,,,,,,,ios,windows,,,,,,,,,,,,,,,,,,,,
6a2f8fad0de103506950e05b,42365,ios,macos,windows,,,,,,,,,,,,,multiple,,linux,macos,x86-64,,,,,,,,,,,,,,,,,,,,,,,,,,,ios,watchos,windows,,,,,,,,,,,,,,,,,,,,,,,,,,,,,,,,,,,ios,macos,windows,,,,,,,,,,,,,ios,windows,,,,,,,,,,,,,,,,,,,,
6a2f8fad0de103506950e05c,42407,ios,macos,watchos,,,,,,,,,,,,,multiple,,ios,macos,,,,,,,,,,,,,,,,,,,,,,,,,,,,ios,macos,watchos,,,,,,,,,,,,,,,,,,,,,,,,,,,,,,,,,,,ios,macos,watchos,,,,,,,,,,,,,ios,macos,watchos,,,,,,,,,,,,,,,,,,,
6a2f8fad0de103506950e05d,42360,ios,macos,windows,,,,,,,,,,,,,multiple,,macos,x86-64,,,,,,,,,,,,,,,,,,,,,,,,,,,,ios,watchos,windows,,,,,,,,,,,,,,,,,,,,,,,,,,,,,,,,,,,ios,macos,windows,,,,,,,,,,,,,ios,windows,,,,,,,,,,,,,,,,,,,,
6a2f8fad0de103506950e05e,42363,ios,windows,,,,,,,,,,,,,,multiple,,x86-64,,,,,,,,,,,,,,,,,,,,,,,,,,,,,ios,watchos,windows,,,,,,,,,,,,,,,,,,,,,,,,,,,,,,,,,,,ios,windows,,,,,,,,,,,,,,ios,windows,,,,,,,,,,,,,,,,,,,,
6a2f8fad0de103506950e05f,42376,ios,windows,,,,,,,,,,,,,,multiple,,javascript,,,,,,,,,,,,,,,,,,,,,,,,,,,,,ios,watchos,windows,,,,,,,,,,,,,,,,,,,,,,,,,,,,,,,,,,,ios,tvos,windows,,,,,,,,,,,,,ios,windows,,,,,,,,,,,,,,,,,,,,
6a2f8fad0de103506950e060,42666,ios,windows,,,,,,,,,,,,,,multiple,,javascript,,,,,,,,,,,,,,,,,,,,,,,,,,,,,ios,windows,,,,,,,,,,,,,,,,,,,,,,,,,,,,,,,,,,,,ios,macos,windows,,,,,,,,,,,,,ios,windows,,,,,,,,,,,,,,,,,,,,
6a2f8fad0de103506950e061,42375,ios,windows,,,,,,,,,,,,,,multiple,,javascript,,,,,,,,,,,,,,,,,,,,,,,,,,,,,ios,windows,,,,,,,,,,,,,,,,,,,,,,,,,,,,,,,,,,,,ios,macos,windows,,,,,,,,,,,,,ios,windows,,,,,,,,,,,,,,,,,,,,
6a2f8fad0de103506950e062,45866,ios,windows,,,,,,,,,,,,,,multiple,,ios,macos,,,,,,,,,,,,,,,,,,,,,,,,,,,,ios,windows,,,,,,,,,,,,,,,,,,,,,,,,,,,,,,,,,,,,ios,windows,,,,,,,,,,,,,,ios,windows,,,,,,,,,,,,,,,,,,,,
6a2f8fad0de103506950e063,42955,ios,windows,,,,,,,,,,,,,,multiple,,javascript,,,,,,,,,,,,,,,,,,,,,,,,,,,,,ios,windows,,,,,,,,,,,,,,,,,,,,,,,,,,,,,,,,,,,,ios,windows,,,,,,,,,,,,,,ios,watchos,windows,,,,,,,,,,,,,,,,,,,
6a2f8fad0de103506950e064,43521,ios,macos,,,,,,,,,,,,,,macos,,macos,,,,,,,,,,,,,,,,,,,,,,,,,,,,,ios,macos,,,,,,,,,,,,,,,,,,,,,,,,,,,,,,,,,,,,ios,macos,,,,,,,,,,,,,,ios,macos,,,,,,,,,,,,,,,,,,,,
6a2f8fad0de103506950e065,41639,,,,,,,,,,,,,,,,windows,,python,,,,,,,,,,,,,,,,,,,,,,,,,,,,,,,,,,,,,,,,,,,,,,,,,,,,,,,,,,,,,,,,,,linux,,,,,,,,,,,,,,,windows,,,,,,,,,,,,,,,,,,,,,
6a2f8fad0de103506950e066,41773,windows,xml,,,,,,,,,,,,,,windows,,windows,x86,,,,,,,,,,,,,,,,,,,,,,,,,,,,windows,xml,,,,,,,,,,,,,,,,,,,,,,,,,,,,,,,,,,,,windows,xml,,,,,,,,,,,,,,windows,xml,,,,,,,,,,,,,,,,,,,,
6a2f8fad0de103506950e067,43875,windows,xml,,,,,,,,,,,,,,windows,,windows,,,,,,,,,,,,,,,,,,,,,,,,,,,,,windows,xml,,,,,,,,,,,,,,,,,,,,,,,,,,,,,,,,,,,,windows,xml,,,,,,,,,,,,,,windows,xml,,,,,,,,,,,,,,,,,,,,
6a2f8fad0de103506950e068,44157,windows,xml,,,,,,,,,,,,,,windows,,windows,x86,,,,,,,,,,,,,,,,,,,,,,,,,,,,windows,xml,,,,,,,,,,,,,,,,,,,,,,,,,,,,,,,,,,,,windows,xml,,,,,,,,,,,,,,windows,xml,,,,,,,,,,,,,,,,,,,,
6a2f8fad0de103506950e069,41852,xml,,,,,,,,,,,,,,,windows,,xml,,,,,,,,,,,,,,,,,,,,,,,,,,,,,xml,,,,,,,,,,,,,,,,,,,,,,,,,,,,,,,,,,,,,xml,,,,,,,,,,,,,,,windows,xml,,,,,,,,,,,,,,,,,,,,
6a2f8fad0de103506950e06a,41898,linux,unix,,,,,,,,,,,,,,linux,,linux,x86,,,,,,,,,,,,,,,,,,,,,,,,,,,,unix,,,,,,,,,,,,,,,,,,,,,,,,,,,,,,,,,,,,,linux,unix,,,,,,,,,,,,,,unix,,,,,,,,,,,,,,,,,,,,,
6a2f8fad0de103506950e06b,43447,java,jsp,,,,,,,,,,,,,,jsp,,java,,,,,,,,,,,,,,,,,,,,,,,,,,,,,jsp,,,,,,,,,,,,,,,,,,,,,,,,,,,,,,,,,,,,,jsp,,,,,,,,,,,,,,,java,jsp,,,,,,,,,,,,,,,,,,,,
6a2f8fad0de103506950e06c,43142,ios,,,,,,,,,,,,,,,hardware,,linux,,,,,,,,,,,,,,,,,,,,,,,,,,,,,ios,,,,,,,,,,,,,,,,,,,,,,,,,,,,,,,,,,,,,ios,,,,,,,,,,,,,,,ios,,,,,,,,,,,,,,,,,,,,,
6a2f8fad0de103506950e06d,44263,windows,,,,,,,,,,,,,,,windows,,python,windows,,,,,,,,,,,,,,,,,,,,,,,,,,,,,,,,,,,,,,,,,,,,,,,,,,,,,,,,,,,,,,,,,windows,,,,,,,,,,,,,,,windows,,,,,,,,,,,,,,,,,,,,,
6a2f8fad0de103506950e06e,42282,windows,,,,,,,,,,,,,,,windows,,windows,x86,x86-64,,,,,,,,,,,,,,,,,,,,,,,,,,,,,,,,,,,,,,,,,,,,,,,,,,,,,,,,,,,,,,,,windows,,,,,,,,,,,,,,,windows,,,,,,,,,,,,,,,,,,,,,
6a2f8fad0de103506950e06f,42119,xml,,,,,,,,,,,,,,,windows,,java,,,,,,,,,,,,,,,,,,,,,,,,,,,,,xml,,,,,,,,,,,,,,,,,,,,,,,,,,,,,,,,,,,,,xml,,,,,,,,,,,,,,,xml,,,,,,,,,,,,,,,,,,,,,
6a2f8fad0de103506950e070,44643,java,,,,,,,,,,,,,,,multiple,,java,linux,windows,,,,,,,,,,,,,,,,,,,,,,,,,,,java,,,,,,,,,,,,,,,,,,,,,,,,,,,,,,,,,,,,,java,,,,,,,,,,,,,,,java,,,,,,,,,,,,,,,,,,,,,
6a2f8fad0de103506950e071,42627,java,xml,,,,,,,,,,,,,,linux,,java,,,,,,,,,,,,,,,,,,,,,,,,,,,,,java,xml,,,,,,,,,,,,,,,,,,,,,,,,,,,,,,,,,,,,java,xml,,,,,,,,,,,,,,java,xml,,,,,,,,,,,,,,,,,,,,
6a2f8fad0de103506950e072,48336,aspx,,,,,,,,,,,,,,,windows,,windows,,,,,,,,,,,,,,,,,,,,,,,,,,,,,aspx,,,,,,,,,,,,,,,,,,,,,,,,,,,,,,,,,,,,,aspx,,,,,,,,,,,,,,,,,,,,,,,,,,,,,,,,,,,,
6a2f8fad0de103506950e073,42517,,,,,,,,,,,,,,,,xml,,json,xml,,,,,,,,,,,,,,,,,,,,,,,,,,,,,,,,,,,,,,,,,,,,,,,,,,,,,,,,,,,,,,,,,,,,,,,,,,,,,,,,linux,,,,,,,,,,,,,,,,,,,,,
6a2f8fad0de103506950e074,43986,linux,xml,,,,,,,,,,,,,,hardware,,linux,x86-64,,,,,,,,,,,,,,,,,,,,,,,,,,,,linux,xml,,,,,,,,,,,,,,,,,,,,,,,,,,,,,,,,,,,,xml,,,,,,,,,,,,,,,xml,,,,,,,,,,,,,,,,,,,,,
6a2f8fad0de103506950e075,44324,json,,,,,,,,,,,,,,,multiple,,linux,,,,,,,,,,,,,,,,,,,,,,,,,,,,,json,,,,,,,,,,,,,,,,,,,,,,,,,,,,,,,,,,,,,javascript,json,,,,,,,,,,,,,,json,,,,,,,,,,,,,,,,,,,,,
6a2f8fad0de103506950e076,45015,linux,,,,,,,,,,,,,,,hardware,,linux,x86-64,,,,,,,,,,,,,,,,,,,,,,,,,,,,,,,,,,,,,,,,,,,,,,,,,,,,,,,,,,,,,,,,,,,,,,,,,,,,,,,,linux,,,,,,,,,,,,,,,,,,,,,
6a2f8fad0de103506950e077,44976,php,,,,,,,,,,,,,,,php,,linux,php,,,,,,,,,,,,,,,,,,,,,,,,,,,,,,,,,,,,,,,,,,,,,,,,,,,,,,,,,,,,,,,,,php,,,,,,,,,,,,,,,php,,,,,,,,,,,,,,,,,,,,,
6a2f8fad0de103506950e078,45434,php,,,,,,,,,,,,,,,php,,linux,php,,,,,,,,,,,,,,,,,,,,,,,,,,,,,,,,,,,,,,,,,,,,,,,,,,,,,,,,,,,,,,,,,php,,,,,,,,,,,,,,,php,,,,,,,,,,,,,,,,,,,,,
6a2f8fad0de103506950e079,44805,php,,,,,,,,,,,,,,,php,,linux,php,,,,,,,,,,,,,,,,,,,,,,,,,,,,,,,,,,,,,,,,,,,,,,,,,,,,,,,,,,,,,,,,,php,,,,,,,,,,,,,,,php,,,,,,,,,,,,,,,,,,,,,
6a2f8fad0de103506950e07a,44503,php,,,,,,,,,,,,,,,php,,php,wordpress,,,,,,,,,,,,,,,,,,,,,,,,,,,,,,,,,,,,,,,,,,,,,,,,,,,,,,,,,,,,,,,,,php,,,,,,,,,,,,,,,php,,,,,,,,,,,,,,,,,,,,,
6a2f8fad0de103506950e07b,44547,php,,,,,,,,,,,,,,,php,,linux,php,,,,,,,,,,,,,,,,,,,,,,,,,,,,,,,,,,,,,,,,,,,,,,,,,,,,,,,,,,,,,,,,,php,,,,,,,,,,,,,,,php,,,,,,,,,,,,,,,,,,,,,
6a2f8fad0de103506950e07c,44099,java,,,,,,,,,,,,,,,multiple,,java,linux,,,,,,,,,,,,,,,,,,,,,,,,,,,,java,,,,,,,,,,,,,,,,,,,,,,,,,,,,,,,,,,,,,java,,,,,,,,,,,,,,,java,,,,,,,,,,,,,,,,,,,,,
6a2f8fad0de103506950e07d,45716,windows,x86-64,,,,,,,,,,,,,,windows,,windows,,,,,,,,,,,,,,,,,,,,,,,,,,,,,windows,x86-64,,,,,,,,,,,,,,,,,,,,,,,,,,,,,,,,,,,,windows,x86-64,,,,,,,,,,,,,,windows,x86-64,,,,,,,,,,,,,,,,,,,,
6a2f8fad0de103506950e07e,44589,php,,,,,,,,,,,,,,,linux,,linux,,,,,,,,,,,,,,,,,,,,,,,,,,,,,php,,,,,,,,,,,,,,,,,,,,,,,,,,,,,,,,,,,,,php,,,,,,,,,,,,,,,,,,,,,,,,,,,,,,,,,,,,
6a2f8fad0de103506950e07f,44607,java,xml,,,,,,,,,,,,,,java,,java,linux,,,,,,,,,,,,,,,,,,,,,,,,,,,,xml,,,,,,,,,,,,,,,,,,,,,,,,,,,,,,,,,,,,,java,xml,,,,,,,,,,,,,,xml,,,,,,,,,,,,,,,,,,,,,
6a2f8fad0de103506950e080,45313,linux,,,,,,,,,,,,,,,linux,,linux,x86,x86-64,,,,,,,,,,,,,,,,,,,,,,,,,,,,,,,,,,,,,,,,,,,,,,,,,,,,,,,,,,,,,,,,linux,,,,,,,,,,,,,,,linux,,,,,,,,,,,,,,,,,,,,,
6a2f8fad0de103506950e081,44865,json,,,,,,,,,,,,,,,linux,,linux,,,,,,,,,,,,,,,,,,,,,,,,,,,,,json,,,,,,,,,,,,,,,,,,,,,,,,,,,,,,,,,,,,,json,,,,,,,,,,,,,,,json,,,,,,,,,,,,,,,,,,,,,
6a2f8fad0de103506950e082,44763,php,,,,,,,,,,,,,,,php,,linux,php,x86-64,,,,,,,,,,,,,,,,,,,,,,,,,,,,,,,,,,,,,,,,,,,,,,,,,,,,,,,,,,,,,,,,php,,,,,,,,,,,,,,,php,,,,,,,,,,,,,,,,,,,,,
6a2f8fad0de103506950e083,45224,php,,,,,,,,,,,,,,,php,,linux,php,,,,,,,,,,,,,,,,,,,,,,,,,,,,,,,,,,,,,,,,,,,,,,,,,,,,,,,,,,,,,,,,,php,,,,,,,,,,,,,,,php,,,,,,,,,,,,,,,,,,,,,
6a2f8fad0de103506950e084,45200,linux,,,,,,,,,,,,,,,cgi,,php,,,,,,,,,,,,,,,,,,,,,,,,,,,,,linux,,,,,,,,,,,,,,,,,,,,,,,,,,,,,,,,,,,,,linux,,,,,,,,,,,,,,,linux,,,,,,,,,,,,,,,,,,,,,
6a2f8fad0de103506950e085,44931,php,,,,,,,,,,,,,,,php,,php,windows,,,,,,,,,,,,,,,,,,,,,,,,,,,,,,,,,,,,,,,,,,,,,,,,,,,,,,,,,,,,,,,,,php,,,,,,,,,,,,,,,php,,,,,,,,,,,,,,,,,,,,,
6a2f8fad0de103506950e086,44827,xml,,,,,,,,,,,,,,,java,,java,windows,,,,,,,,,,,,,,,,,,,,,,,,,,,,xml,,,,,,,,,,,,,,,,,,,,,,,,,,,,,,,,,,,,,xml,,,,,,,,,,,,,,,xml,,,,,,,,,,,,,,,,,,,,,
6a2f8fad0de103506950e087,44899,,,,,,,,,,,,,,,,linux,,linux,x86-64,,,,,,,,,,,,,,,,,,,,,,,,,,,,,,,,,,,,,,,,,,,,,,,,,,,,,,,,,,,,,,,,,,,,,,,,,,,,,,,,perl,,,,,,,,,,,,,,,,,,,,,
6a2f8fad0de103506950e088,44833,php,,,,,,,,,,,,,,,php,,linux,php,,,,,,,,,,,,,,,,,,,,,,,,,,,,,,,,,,,,,,,,,,,,,,,,,,,,,,,,,,,,,,,,,php,,,,,,,,,,,,,,,php,,,,,,,,,,,,,,,,,,,,,
6a2f8fad0de103506950e089,45367,java,,,,,,,,,,,,,,,multiple,,java,linux,windows,x86,x86-64,,,,,,,,,,,,,,,,,,,,,,,,,java,,,,,,,,,,,,,,,,,,,,,,,,,,,,,,,,,,,,,java,,,,,,,,,,,,,,,java,,,,,,,,,,,,,,,,,,,,,
6a2f8fad0de103506950e08a,52246,cgi,,,,,,,,,,,,,,,hardware,,linux,macos,python,windows,,,,,,,,,,,,,,,,,,,,,,,,,,cgi,,,,,,,,,,,,,,,,,,,,,,,,,,,,,,,,,,,,,cgi,,,,,,,,,,,,,,,cgi,,,,,,,,,,,,,,,,,,,,,
6a2f8fad0de103506950e08b,44958,windows,,,,,,,,,,,,,,,windows,,python,windows,,,,,,,,,,,,,,,,,,,,,,,,,,,,,,,,,,,,,,,,,,,,,,,,,,,,,,,,,,,,,,,,,,,,,,,,,,,,,,,,windows,,,,,,,,,,,,,,,,,,,,,
6a2f8fad0de103506950e08c,45027,xml,,,,,,,,,,,,,,,java,,java,,,,,,,,,,,,,,,,,,,,,,,,,,,,,xml,,,,,,,,,,,,,,,,,,,,,,,,,,,,,,,,,,,,,xml,,,,,,,,,,,,,,,xml,,,,,,,,,,,,,,,,,,,,,
6a2f8fad0de103506950e08d,44634,xml,,,,,,,,,,,,,,,java,,java,,,,,,,,,,,,,,,,,,,,,,,,,,,,,xml,,,,,,,,,,,,,,,,,,,,,,,,,,,,,,,,,,,,,xml,,,,,,,,,,,,,,,xml,,,,,,,,,,,,,,,,,,,,,
6a2f8fad0de103506950e08e,44925,linux,windows,,,,,,,,,,,,,,linux,,linux,x86-64,,,,,,,,,,,,,,,,,,,,,,,,,,,,linux,windows,,,,,,,,,,,,,,,,,,,,,,,,,,,,,,,,,,,,linux,windows,,,,,,,,,,,,,,linux,windows,,,,,,,,,,,,,,,,,,,,
6a2f8fad0de103506950e08f,45306,xml,,,,,,,,,,,,,,,hardware,,windows,,,,,,,,,,,,,,,,,,,,,,,,,,,,,xml,,,,,,,,,,,,,,,,,,,,,,,,,,,,,,,,,,,,,xml,,,,,,,,,,,,,,,xml,,,,,,,,,,,,,,,,,,,,,
6a2f8fad0de103506950e090,45400,java,,,,,,,,,,,,,,,windows,,windows,,,,,,,,,,,,,,,,,,,,,,,,,,,,,java,,,,,,,,,,,,,,,,,,,,,,,,,,,,,,,,,,,,,java,,,,,,,,,,,,,,,java,,,,,,,,,,,,,,,,,,,,,
6a2f8fad0de103506950e091,47208,java,,,,,,,,,,,,,,,windows,,windows,,,,,,,,,,,,,,,,,,,,,,,,,,,,,java,,,,,,,,,,,,,,,,,,,,,,,,,,,,,,,,,,,,,java,,,,,,,,,,,,,,,java,,,,,,,,,,,,,,,,,,,,,
6a2f8fad0de103506950e092,45145,java,windows,xml,,,,,,,,,,,,,xml,,windows,,,,,,,,,,,,,,,,,,,,,,,,,,,,,java,windows,xml,,,,,,,,,,,,,,,,,,,,,,,,,,,,,,,,,,,java,windows,xml,,,,,,,,,,,,,java,windows,xml,,,,,,,,,,,,,,,,,,,
6a2f8fad0de103506950e093,45105,java,,,,,,,,,,,,,,,linux,,linux,python,,,,,,,,,,,,,,,,,,,,,,,,,,,,java,,,,,,,,,,,,,,,,,,,,,,,,,,,,,,,,,,,,,java,,,,,,,,,,,,,,,java,,,,,,,,,,,,,,,,,,,,,
6a2f8fad0de103506950e094,46106,aspx,,,,,,,,,,,,,,,windows,,windows,,,,,,,,,,,,,,,,,,,,,,,,,,,,,aspx,,,,,,,,,,,,,,,,,,,,,,,,,,,,,,,,,,,,,aspx,,,,,,,,,,,,,,,aspx,,,,,,,,,,,,,,,,,,,,,
6a2f8fad0de103506950e095,45697,linux,,,,,,,,,,,,,,,multiple,,bsd,linux,,,,,,,,,,,,,,,,,,,,,,,,,,,,linux,,,,,,,,,,,,,,,,,,,,,,,,,,,,,,,,,,,,,linux,,,,,,,,,,,,,,,linux,,,,,,,,,,,,,,,,,,,,,
6a2f8fad0de103506950e096,45742,linux,,,,,,,,,,,,,,,bsd,,bsd,,,,,,,,,,,,,,,,,,,,,,,,,,,,,linux,,,,,,,,,,,,,,,,,,,,,,,,,,,,,,,,,,,,,linux,,,,,,,,,,,,,,,linux,,,,,,,,,,,,,,,,,,,,,
6a2f8fad0de103506950e097,45908,linux,,,,,,,,,,,,,,,multiple,,bsd,linux,x86,x86-64,,,,,,,,,,,,,,,,,,,,,,,,,,linux,,,,,,,,,,,,,,,,,,,,,,,,,,,,,,,,,,,,,linux,,,,,,,,,,,,,,,linux,,,,,,,,,,,,,,,,,,,,,
6a2f8fad0de103506950e098,45938,linux,,,,,,,,,,,,,,,aix,,aix,perl,,,,,,,,,,,,,,,,,,,,,,,,,,,,linux,,,,,,,,,,,,,,,,,,,,,,,,,,,,,,,,,,,,,linux,,,,,,,,,,,,,,,linux,,,,,,,,,,,,,,,,,,,,,
6a2f8fad0de103506950e099,46142,linux,,,,,,,,,,,,,,,solaris,,solaris,sparc,x86,,,,,,,,,,,,,,,,,,,,,,,,,,,linux,,,,,,,,,,,,,,,,,,,,,,,,,,,,,,,,,,,,,linux,,,,,,,,,,,,,,,linux,,,,,,,,,,,,,,,,,,,,,
6a2f8fad0de103506950e09a,47701,linux,,,,,,,,,,,,,,,unix,,aix,,,,,,,,,,,,,,,,,,,,,,,,,,,,,linux,,,,,,,,,,,,,,,,,,,,,,,,,,,,,,,,,,,,,linux,,,,,,,,,,,,,,,linux,,,,,,,,,,,,,,,,,,,,,
6a2f8fad0de103506950e09b,46305,ashx,,,,,,,,,,,,,,,windows,,windows,,,,,,,,,,,,,,,,,,,,,,,,,,,,,ashx,,,,,,,,,,,,,,,,,,,,,,,,,,,,,,,,,,,,,ashx,,,,,,,,,,,,,,,ashx,,,,,,,,,,,,,,,,,,,,,
6a2f8fad0de103506950e09c,45296,cgi,,,,,,,,,,,,,,,windows,windows-x86,windows,,,,,,,,,,,,,,,,,,,,,,,,,,,,,cgi,,,,,,,,,,,,,,,,,,,,,,,,,,,,,,,,,,,,,cgi,,,,,,,,,,,,,,,cgi,,,,,,,,,,,,,,,,,,,,,
6a2f8fad0de103506950e09d,45384,xml,json,,,,,,,,,,,,,,hardware,,,,,,,,,,,,,,,,,,,,,,,,,,,,,,,xml,json,,,,,,,,,,,,,,,,,,,,,,,,,,,,,,,,,,,,xml,json,,,,,,,,,,,,,,xml,json,,,,,,,,,,,,,,,,,,,,
6a2f8fad0de103506950e09e,45437,php,,,,,,,,,,,,,,,linux,,php,,,,,,,,,,,,,,,,,,,,,,,,,,,,,,,,,,,,,,,,,,,,,,,,,,,,,,,,,,,,,,,,,,php,,,,,,,,,,,,,,,php,,,,,,,,,,,,,,,,,,,,,
6a2f8fad0de103506950e09f,45470,php,,,,,,,,,,,,,,,php,,linux,php,windows,x86-64,,,,,,,,,,,,,,,,,,,,,,,,,,,,,,,,,,,,,,,,,,,,,,,,,,,,,,,,,,,,,,,php,,,,,,,,,,,,,,,php,,,,,,,,,,,,,,,,,,,,,
6a2f8fad0de103506950e0a0,46017,xml,,,,,,,,,,,,,,,multiple,,windows,,,,,,,,,,,,,,,,,,,,,,,,,,,,,xml,,,,,,,,,,,,,,,,,,,,,,,,,,,,,,,,,,,,,xml,,,,,,,,,,,,,,,xml,,,,,,,,,,,,,,,,,,,,,
6a2f8fad0de103506950e0a1,45755,asp,,,,,,,,,,,,,,,jsp,,unix,,,,,,,,,,,,,,,,,,,,,,,,,,,,,asp,,,,,,,,,,,,,,,,,,,,,,,,,,,,,,,,,,,,,asp,,,,,,,,,,,,,,,asp,,,,,,,,,,,,,,,,,,,,,
6a2f8fad0de103506950e0a2,45724,php,,,,,,,,,,,,,,,php,,linux,php,windows,x86-64,,,,,,,,,,,,,,,,,,,,,,,,,,,,,,,,,,,,,,,,,,,,,,,,,,,,,,,,,,,,,,,,,,,,,,,,,,,,,,php,,,,,,,,,,,,,,,,,,,,,
6a2f8fad0de103506950e0a3,46401,php,,,,,,,,,,,,,,,php,,linux,php,,,,,,,,,,,,,,,,,,,,,,,,,,,,,,,,,,,,,,,,,,,,,,,,,,,,,,,,,,,,,,,,,php,,,,,,,,,,,,,,,php,,,,,,,,,,,,,,,,,,,,,
6a2f8fad0de103506950e0a4,45091,windows,x86,,,,,,,,,,,,,,windows,,windows,,,,,,,,,,,,,,,,,,,,,,,,,,,,,windows,x86,,,,,,,,,,,,,,,,,,,,,,,,,,,,,,,,,,,,x86,,,,,,,,,,,,,,,windows,x86,,,,,,,,,,,,,,,,,,,,
6a2f8fad0de103506950e0a5,46556,windows,,,,,,,,,,,,,,,multiple,,linux,windows,,,,,,,,,,,,,,,,,,,,,,,,,,,,windows,,,,,,,,,,,,,,,,,,,,,,,,,,,,,,,,,,,,,windows,,,,,,,,,,,,,,,windows,,,,,,,,,,,,,,,,,,,,,
6a2f8fad0de103506950e0a6,45193,java,,,,,,,,,,,,,,,windows,,windows,,,,,,,,,,,,,,,,,,,,,,,,,,,,,java,,,,,,,,,,,,,,,,,,,,,,,,,,,,,,,,,,,,,java,,,,,,,,,,,,,,,java,,,,,,,,,,,,,,,,,,,,,
6a2f8fad0de103506950e0a7,44695,arm,x86,,,,,,,,,,,,,,hardware,,arm,x86-64,,,,,,,,,,,,,,,,,,,,,,,,,,,,arm,x86,,,,,,,,,,,,,,,,,,,,,,,,,,,,,,,,,,,,arm,x86,,,,,,,,,,,,,,arm,mips,ppc,sparc,x86,,,,,,,,,,,,,,,,,
6a2f8fad0de103506950e0a8,43937,ios,macos,,,,,,,,,,,,,,multiple,,macos,x86-64,,,,,,,,,,,,,,,,,,,,,,,,,,,,ios,macos,,,,,,,,,,,,,,,,,,,,,,,,,,,,,,,,,,,,ios,macos,,,,,,,,,,,,,,ios,macos,,,,,,,,,,,,,,,,,,,,
6a2f8fad0de103506950e0a9,43923,ios,macos,watchos,,,,,,,,,,,,,macos,,macos,,,,,,,,,,,,,,,,,,,,,,,,,,,,,ios,macos,watchos,,,,,,,,,,,,,,,,,,,,,,,,,,,,,,,,,,,ios,macos,watchos,,,,,,,,,,,,,ios,macos,watchos,,,,,,,,,,,,,,,,,,,
6a2f8fad0de103506950e0aa,44427,ios,macos,watchos,windows,,,,,,,,,,,,multiple,,macos,typescript,,,,,,,,,,,,,,,,,,,,,,,,,,,,ios,watchos,windows,,,,,,,,,,,,,,,,,,,,,,,,,,,,,,,,,,,ios,macos,watchos,windows,,,,,,,,,,,,ios,watchos,windows,,,,,,,,,,,,,,,,,,,
6a2f8fad0de103506950e0ab,45048,ios,watchos,windows,,,,,,,,,,,,,multiple,,javascript,,,,,,,,,,,,,,,,,,,,,,,,,,,,,ios,watchos,windows,,,,,,,,,,,,,,,,,,,,,,,,,,,,,,,,,,,ios,macos,watchos,windows,,,,,,,,,,,,ios,watchos,windows,,,,,,,,,,,,,,,,,,,
6a2f8fad0de103506950e0ac,46428,macos,windows,,,,,,,,,,,,,,macos,,macos,,,,,,,,,,,,,,,,,,,,,,,,,,,,,macos,windows,,,,,,,,,,,,,,,,,,,,,,,,,,,,,,,,,,,,macos,windows,,,,,,,,,,,,,,macos,windows,,,,,,,,,,,,,,,,,,,,
6a2f8fad0de103506950e0ad,45489,ios,macos,windows,,,,,,,,,,,,,multiple,,macos,x86-64,,,,,,,,,,,,,,,,,,,,,,,,,,,,ios,windows,,,,,,,,,,,,,,,,,,,,,,,,,,,,,,,,,,,,ios,macos,watchos,windows,,,,,,,,,,,,ios,windows,,,,,,,,,,,,,,,,,,,,
6a2f8fad0de103506950e0ae,44566,ios,macos,windows,,,,,,,,,,,,,multiple,,macos,x86-64,,,,,,,,,,,,,,,,,,,,,,,,,,,,ios,windows,,,,,,,,,,,,,,,,,,,,,,,,,,,,,,,,,,,,ios,macos,,,,,,,,,,,,,,ios,windows,,,,,,,,,,,,,,,,,,,,
6a2f8fad0de103506950e0af,44861,ios,watchos,windows,,,,,,,,,,,,,multiple,,javascript,,,,,,,,,,,,,,,,,,,,,,,,,,,,,ios,watchos,windows,,,,,,,,,,,,,,,,,,,,,,,,,,,,,,,,,,,ios,macos,watchos,windows,,,,,,,,,,,,ios,watchos,windows,,,,,,,,,,,,,,,,,,,
6a2f8fad0de103506950e0b0,44859,ios,watchos,windows,,,,,,,,,,,,,multiple,,,,,,,,,,,,,,,,,,,,,,,,,,,,,,,ios,watchos,windows,,,,,,,,,,,,,,,,,,,,,,,,,,,,,,,,,,,ios,macos,watchos,windows,,,,,,,,,,,,ios,watchos,windows,,,,,,,,,,,,,,,,,,,
6a2f8fad0de103506950e0b1,45998,ios,macos,tvos,watchos,windows,,,,,,,,,,,macos,,macos,python,,,,,,,,,,,,,,,,,,,,,,,,,,,,ios,tvos,watchos,windows,macos,,,,,,,,,,,,,,,,,,,,,,,,,,,,,,,,,ios,macos,watchos,windows,,,,,,,,,,,,ios,tvos,watchos,windows,macos,,,,,,,,,,,,,,,,,
6a2f8fad0de103506950e0b2,45916,ios,macos,watchos,,,,,,,,,,,,,macos,,macos,,,,,,,,,,,,,,,,,,,,,,,,,,,,,ios,macos,watchos,,,,,,,,,,,,,,,,,,,,,,,,,,,,,,,,,,,ios,macos,watchos,,,,,,,,,,,,,ios,macos,watchos,,,,,,,,,,,,,,,,,,,
6a2f8fad0de103506950e0b3,44849,ios,macos,watchos,,,,,,,,,,,,,multiple,,ios,macos,,,,,,,,,,,,,,,,,,,,,,,,,,,,ios,macos,watchos,,,,,,,,,,,,,,,,,,,,,,,,,,,,,,,,,,,ios,macos,watchos,,,,,,,,,,,,,ios,macos,watchos,,,,,,,,,,,,,,,,,,,
6a2f8fad0de103506950e0b4,44848,ios,macos,watchos,,,,,,,,,,,,,multiple,,ios,macos,,,,,,,,,,,,,,,,,,,,,,,,,,,,ios,macos,watchos,,,,,,,,,,,,,,,,,,,,,,,,,,,,,,,,,,,ios,macos,watchos,,,,,,,,,,,,,ios,macos,watchos,,,,,,,,,,,,,,,,,,,
6a2f8fad0de103506950e0b5,45482,ios,macos,windows,,,,,,,,,,,,,multiple,,macos,x86-64,,,,,,,,,,,,,,,,,,,,,,,,,,,,ios,windows,,,,,,,,,,,,,,,,,,,,,,,,,,,,,,,,,,,,ios,macos,windows,,,,,,,,,,,,,ios,windows,,,,,,,,,,,,,,,,,,,,
6a2f8fad0de103506950e0b6,45481,ios,macos,windows,,,,,,,,,,,,,multiple,,macos,x86-64,,,,,,,,,,,,,,,,,,,,,,,,,,,,ios,windows,,,,,,,,,,,,,,,,,,,,,,,,,,,,,,,,,,,,ios,macos,windows,,,,,,,,,,,,,ios,windows,,,,,,,,,,,,,,,,,,,,
6a2f8fad0de103506950e0b7,45480,ios,macos,windows,,,,,,,,,,,,,multiple,,macos,x86-64,,,,,,,,,,,,,,,,,,,,,,,,,,,,ios,windows,,,,,,,,,,,,,,,,,,,,,,,,,,,,,,,,,,,,ios,macos,windows,,,,,,,,,,,,,ios,windows,,,,,,,,,,,,,,,,,,,,
6a2f8fad0de103506950e0b8,45485,ios,macos,windows,,,,,,,,,,,,,multiple,,macos,x86-64,,,,,,,,,,,,,,,,,,,,,,,,,,,,ios,windows,,,,,,,,,,,,,,,,,,,,,,,,,,,,,,,,,,,,ios,macos,windows,,,,,,,,,,,,,ios,windows,,,,,,,,,,,,,,,,,,,,
6a2f8fad0de103506950e0b9,45486,ios,macos,windows,,,,,,,,,,,,,multiple,,macos,x86-64,,,,,,,,,,,,,,,,,,,,,,,,,,,,ios,windows,,,,,,,,,,,,,,,,,,,,,,,,,,,,,,,,,,,,ios,macos,windows,,,,,,,,,,,,,ios,windows,,,,,,,,,,,,,,,,,,,,
6a2f8fad0de103506950e0ba,45488,ios,macos,windows,,,,,,,,,,,,,multiple,,macos,x86-64,,,,,,,,,,,,,,,,,,,,,,,,,,,,ios,windows,,,,,,,,,,,,,,,,,,,,,,,,,,,,,,,,,,,,ios,macos,windows,,,,,,,,,,,,,ios,windows,,,,,,,,,,,,,,,,,,,,
6a2f8fad0de103506950e0bb,45484,ios,macos,windows,,,,,,,,,,,,,multiple,,macos,x86-64,,,,,,,,,,,,,,,,,,,,,,,,,,,,ios,windows,,,,,,,,,,,,,,,,,,,,,,,,,,,,,,,,,,,,ios,macos,windows,,,,,,,,,,,,,ios,windows,,,,,,,,,,,,,,,,,,,,
6a2f8fad0de103506950e0bc,45483,ios,windows,,,,,,,,,,,,,,multiple,,macos,x86-64,,,,,,,,,,,,,,,,,,,,,,,,,,,,ios,windows,,,,,,,,,,,,,,,,,,,,,,,,,,,,,,,,,,,,ios,windows,,,,,,,,,,,,,,ios,windows,,,,,,,,,,,,,,,,,,,,
6a2f8fad0de103506950e0bd,45911,ios,watchos,windows,,,,,,,,,,,,,multiple,,javascript,,,,,,,,,,,,,,,,,,,,,,,,,,,,,ios,watchos,windows,,,,,,,,,,,,,,,,,,,,,,,,,,,,,,,,,,,ios,watchos,windows,,,,,,,,,,,,,ios,watchos,windows,,,,,,,,,,,,,,,,,,,
6a2f8fad0de103506950e0be,45786,ios,watchos,,,,,,,,,,,,,,ios,,ios,,,,,,,,,,,,,,,,,,,,,,,,,,,,,ios,watchos,,,,,,,,,,,,,,,,,,,,,,,,,,,,,,,,,,,,ios,watchos,,,,,,,,,,,,,,ios,watchos,,,,,,,,,,,,,,,,,,,,
6a2f8fad0de103506950e0bf,45912,ios,watchos,windows,,,,,,,,,,,,,multiple,,javascript,,,,,,,,,,,,,,,,,,,,,,,,,,,,,ios,watchos,windows,,,,,,,,,,,,,,,,,,,,,,,,,,,,,,,,,,,ios,watchos,windows,,,,,,,,,,,,,ios,watchos,windows,,,,,,,,,,,,,,,,,,,
6a2f8fad0de103506950e0c0,47893,ios,watchos,windows,,,,,,,,,,,,,hardware,,x86,,,,,,,,,,,,,,,,,,,,,,,,,,,,,ios,watchos,windows,,,,,,,,,,,,,,,,,,,,,,,,,,,,,,,,,,,ios,watchos,windows,,,,,,,,,,,,,ios,watchos,windows,,,,,,,,,,,,,,,,,,,
6a2f8fad0de103506950e0c1,45910,ios,watchos,windows,,,,,,,,,,,,,multiple,,javascript,,,,,,,,,,,,,,,,,,,,,,,,,,,,,ios,watchos,windows,,,,,,,,,,,,,,,,,,,,,,,,,,,,,,,,,,,ios,macos,watchos,windows,,,,,,,,,,,,ios,watchos,windows,,,,,,,,,,,,,,,,,,,
6a2f8fad0de103506950e0c2,45960,ios,macos,watchos,,,,,,,,,,,,,multiple,,macos,,,,,,,,,,,,,,,,,,,,,,,,,,,,,ios,macos,watchos,,,,,,,,,,,,,,,,,,,,,,,,,,,,,,,,,,,ios,macos,watchos,,,,,,,,,,,,,ios,macos,watchos,,,,,,,,,,,,,,,,,,,
6a2f8fad0de103506950e0c3,45984,ios,watchos,windows,,,,,,,,,,,,,multiple,,javascript,,,,,,,,,,,,,,,,,,,,,,,,,,,,,ios,watchos,windows,,,,,,,,,,,,,,,,,,,,,,,,,,,,,,,,,,,ios,watchos,windows,,,,,,,,,,,,,ios,watchos,windows,,,,,,,,,,,,,,,,,,,
6a2f8fad0de103506950e0c4,46072,ios,watchos,windows,,,,,,,,,,,,,multiple,,javascript,,,,,,,,,,,,,,,,,,,,,,,,,,,,,ios,watchos,windows,,,,,,,,,,,,,,,,,,,,,,,,,,,,,,,,,,,ios,watchos,windows,,,,,,,,,,,,,ios,watchos,windows,,,,,,,,,,,,,,,,,,,
6a2f8fad0de103506950e0c5,46522,ios,watchos,windows,,,,,,,,,,,,,hardware,,javascript,,,,,,,,,,,,,,,,,,,,,,,,,,,,,ios,watchos,windows,,,,,,,,,,,,,,,,,,,,,,,,,,,,,,,,,,,ios,watchos,windows,,,,,,,,,,,,,ios,watchos,windows,,,,,,,,,,,,,,,,,,,
6a2f8fad0de103506950e0c6,46183,ios,watchos,windows,,,,,,,,,,,,,multiple,,javascript,,,,,,,,,,,,,,,,,,,,,,,,,,,,,ios,watchos,windows,,,,,,,,,,,,,,,,,,,,,,,,,,,,,,,,,,,ios,macos,watchos,windows,,,,,,,,,,,,ios,watchos,windows,,,,,,,,,,,,,,,,,,,
6a2f8fad0de103506950e0c7,46071,ios,watchos,windows,,,,,,,,,,,,,multiple,,javascript,,,,,,,,,,,,,,,,,,,,,,,,,,,,,ios,watchos,windows,,,,,,,,,,,,,,,,,,,,,,,,,,,,,,,,,,,ios,watchos,windows,,,,,,,,,,,,,ios,watchos,windows,,,,,,,,,,,,,,,,,,,
6a2f8fad0de103506950e0c8,43547,xml,,,,,,,,,,,,,,,windows,,asp,,,,,,,,,,,,,,,,,,,,,,,,,,,,,xml,,,,,,,,,,,,,,,,,,,,,,,,,,,,,,,,,,,,,aspx,xml,,,,,,,,,,,,,,xml,,,,,,,,,,,,,,,,,,,,,
6a2f8fad0de103506950e0c9,44128,php,,,,,,,,,,,,,,,php,,linux,php,windows,x86-64,,,,,,,,,,,,,,,,,,,,,,,,,,,,,,,,,,,,,,,,,,,,,,,,,,,,,,,,,,,,,,,php,,,,,,,,,,,,,,,php,,,,,,,,,,,,,,,,,,,,,
6a2f8fad0de103506950e0ca,44112,php,,,,,,,,,,,,,,,php,,linux,php,windows,x86-64,,,,,,,,,,,,,,,,,,,,,,,,,,,,,,,,,,,,,,,,,,,,,,,,,,,,,,,,,,,,,,,php,,,,,,,,,,,,,,,php,,,,,,,,,,,,,,,,,,,,,
6a2f8fad0de103506950e0cb,43912,php,,,,,,,,,,,,,,,php,,linux,php,windows,,,,,,,,,,,,,,,,,,,,,,,,,,,,,,,,,,,,,,,,,,,,,,,,,,,,,,,,,,,,,,,,php,,,,,,,,,,,,,,,php,,,,,,,,,,,,,,,,,,,,,
6a2f8fad0de103506950e0cc,44166,xml,,,,,,,,,,,,,,,jsp,,linux,,,,,,,,,,,,,,,,,,,,,,,,,,,,,xml,,,,,,,,,,,,,,,,,,,,,,,,,,,,,,,,,,,,,xml,,,,,,,,,,,,,,,xml,,,,,,,,,,,,,,,,,,,,,
6a2f8fad0de103506950e0cd,44130,php,,,,,,,,,,,,,,,php,,linux,windows,,,,,,,,,,,,,,,,,,,,,,,,,,,,,,,,,,,,,,,,,,,,,,,,,,,,,,,,,,,,,,,,,php,,,,,,,,,,,,,,,php,,,,,,,,,,,,,,,,,,,,,
6a2f8fad0de103506950e0ce,43973,windows,x86,x86-64,,,,,,,,,,,,,windows,,windows,x86,x86-64,,,,,,,,,,,,,,,,,,,,,,,,,,,windows,,,,,,,,,,,,,,,,,,,,,,,,,,,,,,,,,,,,,windows,,,,,,,,,,,,,,,windows,x86,x86-64,,,,,,,,,,,,,,,,,,,
6a2f8fad0de103506950e0cf,43975,php,,,,,,,,,,,,,,,php,,linux,php,windows,x86-64,,,,,,,,,,,,,,,,,,,,,,,,,,,,,,,,,,,,,,,,,,,,,,,,,,,,,,,,,,,,,,,php,,,,,,,,,,,,,,,php,,,,,,,,,,,,,,,,,,,,,
6a2f8fad0de103506950e0d0,43978,jsp,,,,,,,,,,,,,,,php,,linux,php,windows,,,,,,,,,,,,,,,,,,,,,,,,,,,jsp,,,,,,,,,,,,,,,,,,,,,,,,,,,,,,,,,,,,,jsp,,,,,,,,,,,,,,,jsp,,,,,,,,,,,,,,,,,,,,,
6a2f8fad0de103506950e0d1,44134,php,,,,,,,,,,,,,,,php,,linux,php,windows,,,,,,,,,,,,,,,,,,,,,,,,,,,,,,,,,,,,,,,,,,,,,,,,,,,,,,,,,,,,,,,,php,,,,,,,,,,,,,,,php,,,,,,,,,,,,,,,,,,,,,
6a2f8fad0de103506950e0d2,44136,php,,,,,,,,,,,,,,,php,,linux,php,windows,,,,,,,,,,,,,,,,,,,,,,,,,,,,,,,,,,,,,,,,,,,,,,,,,,,,,,,,,,,,,,,,php,,,,,,,,,,,,,,,php,,,,,,,,,,,,,,,,,,,,,
6a2f8fad0de103506950e0d3,44133,php,,,,,,,,,,,,,,,php,,linux,windows,x86-64,,,,,,,,,,,,,,,,,,,,,,,,,,,,,,,,,,,,,,,,,,,,,,,,,,,,,,,,,,,,,,,,php,,,,,,,,,,,,,,,php,,,,,,,,,,,,,,,,,,,,,
6a2f8fad0de103506950e0d4,47459,php,,,,,,,,,,,,,,,multiple,,linux,php,,,,,,,,,,,,,,,,,,,,,,,,,,,,php,,,,,,,,,,,,,,,,,,,,,,,,,,,,,,,,,,,,,php,,,,,,,,,,,,,,,php,,,,,,,,,,,,,,,,,,,,,
6a2f8fad0de103506950e0d5,44290,linux,,,,,,,,,,,,,,,hardware,,python,,,,,,,,,,,,,,,,,,,,,,,,,,,,,,,,,,,,,,,,,,,,,,,,,,,,,,,,,,,,,,,,,,linux,,,,,,,,,,,,,,,linux,,,,,,,,,,,,,,,,,,,,,
6a2f8fad0de103506950e0d6,45583,windows,xml,,,,,,,,,,,,,,windows,,python,windows,,,,,,,,,,,,,,,,,,,,,,,,,,,,windows,xml,,,,,,,,,,,,,,,,,,,,,,,,,,,,,,,,,,,,windows,xml,,,,,,,,,,,,,,xml,,,,,,,,,,,,,,,,,,,,,
6a2f8fad0de103506950e0d7,44843,java,,,,,,,,,,,,,,,linux,,linux,windows,,,,,,,,,,,,,,,,,,,,,,,,,,,,java,,,,,,,,,,,,,,,,,,,,,,,,,,,,,,,,,,,,,java,,,,,,,,,,,,,,,java,,,,,,,,,,,,,,,,,,,,,
6a2f8fad0de103506950e0d8,44697,bsd,linux,macos,windows,x86,x86-64,,,,,,,,,,windows,,windows,,,,,,,,,,,,,,,,,,,,,,,,,,,,,bsd,linux,macos,windows,x86,x86-64,,,,,,,,,,,,,,,,,,,,,,,,,,,,,,,,bsd,linux,macos,,,,,,,,,,,,,bsd,linux,macos,windows,x86,x86-64,,,,,,,,,,,,,,,,
6a2f8fad0de103506950e0d9,45024,bsd,linux,macos,windows,x86,x86-64,,,,,,,,,,windows,,windows,x86-64,,,,,,,,,,,,,,,,,,,,,,,,,,,,bsd,linux,macos,windows,x86,x86-64,,,,,,,,,,,,,,,,,,,,,,,,,,,,,,,,bsd,linux,macos,,,,,,,,,,,,,bsd,linux,macos,windows,x86,x86-64,,,,,,,,,,,,,,,,
6a2f8fad0de103506950e0da,44370,php,,,,,,,,,,,,,,,php,,linux,php,x86-64,,,,,,,,,,,,,,,,,,,,,,,,,,,,,,,,,,,,,,,,,,,,,,,,,,,,,,,,,,,,,,,,php,,,,,,,,,,,,,,,php,,,,,,,,,,,,,,,,,,,,,
6a2f8fad0de103506950e0db,44414,ashx,aspx,,,,,,,,,,,,,,windows,,aspx,,,,,,,,,,,,,,,,,,,,,,,,,,,,,ashx,,,,,,,,,,,,,,,,,,,,,,,,,,,,,,,,,,,,,ashx,aspx,,,,,,,,,,,,,,ashx,,,,,,,,,,,,,,,,,,,,,
6a2f8fad0de103506950e0dc,44545,python,,,,,,,,,,,,,,,linux,,python,,,,,,,,,,,,,,,,,,,,,,,,,,,,,,,,,,,,,,,,,,,,,,,,,,,,,,,,,,,,,,,,,,python,,,,,,,,,,,,,,,python,,,,,,,,,,,,,,,,,,,,,
6a2f8fad0de103506950e0dd,44401,php,,,,,,,,,,,,,,,php,,linux,php,windows,x86,,,,,,,,,,,,,,,,,,,,,,,,,,,,,,,,,,,,,,,,,,,,,,,,,,,,,,,,,,,,,,,php,,,,,,,,,,,,,,,php,,,,,,,,,,,,,,,,,,,,,
6a2f8fad0de103506950e0de,49036,arm,linux,,,,,,,,,,,,,,hardware,,arm,linux,,,,,,,,,,,,,,,,,,,,,,,,,,,,linux,,,,,,,,,,,,,,,,,,,,,,,,,,,,,,,,,,,,,,,,,,,,,,,,,,,,arm,linux,mips,,,,,,,,,,,,,,,,,,,
6a2f8fad0de103506950e0df,49383,go,,,,,,,,,,,,,,,multiple,,debian,linux,x86-64,,,,,,,,,,,,,,,,,,,,,,,,,,,go,,,,,,,,,,,,,,,,,,,,,,,,,,,,,,,,,,,,,go,,,,,,,,,,,,,,,go,,,,,,,,,,,,,,,,,,,,,
6a2f8fad0de103506950e0e0,47697,php,,,,,,,,,,,,,,,multiple,,linux,x86-64,,,,,,,,,,,,,,,,,,,,,,,,,,,,php,,,,,,,,,,,,,,,,,,,,,,,,,,,,,,,,,,,,,php,,,,,,,,,,,,,,,php,,,,,,,,,,,,,,,,,,,,,
6a2f8fad0de103506950e0e1,46525,java,,,,,,,,,,,,,,,multiple,,linux,,,,,,,,,,,,,,,,,,,,,,,,,,,,,java,,,,,,,,,,,,,,,,,,,,,,,,,,,,,,,,,,,,,java,,,,,,,,,,,,,,,java,,,,,,,,,,,,,,,,,,,,,
6a2f8fad0de103506950e0e2,46526,java,jsp,,,,,,,,,,,,,,jsp,,linux,windows,,,,,,,,,,,,,,,,,,,,,,,,,,,,java,jsp,,,,,,,,,,,,,,,,,,,,,,,,,,,,,,,,,,,,java,jsp,,,,,,,,,,,,,,java,jsp,,,,,,,,,,,,,,,,,,,,
6a2f8fad0de103506950e0e3,47027,aspx,,,,,,,,,,,,,,,multiple,,linux,windows,,,,,,,,,,,,,,,,,,,,,,,,,,,,aspx,,,,,,,,,,,,,,,,,,,,,,,,,,,,,,,,,,,,,aspx,,,,,,,,,,,,,,,aspx,,,,,,,,,,,,,,,,,,,,,
6a2f8fad0de103506950e0e4,47448,aspx,,,,,,,,,,,,,,,multiple,,python,,,,,,,,,,,,,,,,,,,,,,,,,,,,,aspx,,,,,,,,,,,,,,,,,,,,,,,,,,,,,,,,,,,,,aspx,,,,,,,,,,,,,,,aspx,,,,,,,,,,,,,,,,,,,,,
6a2f8fad0de103506950e0e5,47390,json,,,,,,,,,,,,,,,hardware,,linux,,,,,,,,,,,,,,,,,,,,,,,,,,,,,json,,,,,,,,,,,,,,,,,,,,,,,,,,,,,,,,,,,,,json,,,,,,,,,,,,,,,json,,,,,,,,,,,,,,,,,,,,,
6a2f8fad0de103506950e0e6,47331,php,,,,,,,,,,,,,,,php,,linux,windows,,,,,,,,,,,,,,,,,,,,,,,,,,,,,,,,,,,,,,,,,,,,,,,,,,,,,,,,,,,,,,,,,php,,,,,,,,,,,,,,,php,,,,,,,,,,,,,,,,,,,,,
6a2f8fad0de103506950e0e7,47227,java,jsp,,,,,,,,,,,,,,multiple,,linux,windows,,,,,,,,,,,,,,,,,,,,,,,,,,,,java,jsp,,,,,,,,,,,,,,,,,,,,,,,,,,,,,,,,,,,,java,jsp,,,,,,,,,,,,,,jsp,,,,,,,,,,,,,,,,,,,,,
6a2f8fad0de103506950e0e8,47228,java,jsp,,,,,,,,,,,,,,multiple,,linux,windows,,,,,,,,,,,,,,,,,,,,,,,,,,,,java,jsp,,,,,,,,,,,,,,,,,,,,,,,,,,,,,,,,,,,,jsp,,,,,,,,,,,,,,,java,jsp,,,,,,,,,,,,,,,,,,,,
6a2f8fad0de103506950e0e9,47323,php,,,,,,,,,,,,,,,php,,linux,php,,,,,,,,,,,,,,,,,,,,,,,,,,,,,,,,,,,,,,,,,,,,,,,,,,,,,,,,,,,,,,,,,php,,,,,,,,,,,,,,,php,,,,,,,,,,,,,,,,,,,,,
6a2f8fad0de103506950e0ea,48955,php,,,,,,,,,,,,,,,php,,linux,windows,,,,,,,,,,,,,,,,,,,,,,,,,,,,,,,,,,,,,,,,,,,,,,,,,,,,,,,,,,,,,,,,,php,,,,,,,,,,,,,,,php,,,,,,,,,,,,,,,,,,,,,
6a2f8fad0de103506950e0eb,47364,cgi,,,,,,,,,,,,,,,multiple,,linux,php,,,,,,,,,,,,,,,,,,,,,,,,,,,,cgi,,,,,,,,,,,,,,,,,,,,,,,,,,,,,,,,,,,,,cgi,,,,,,,,,,,,,,,cgi,,,,,,,,,,,,,,,,,,,,,
6a2f8fad0de103506950e0ec,48701,php,,,,,,,,,,,,,,,multiple,,linux,php,,,,,,,,,,,,,,,,,,,,,,,,,,,,php,,,,,,,,,,,,,,,,,,,,,,,,,,,,,,,,,,,,,php,,,,,,,,,,,,,,,php,,,,,,,,,,,,,,,,,,,,,
6a2f8fad0de103506950e0ed,47399,,,,,,,,,,,,,,,,hardware,,php,,,,,,,,,,,,,,,,,,,,,,,,,,,,,,,,,,,,,,,,,,,,,,,,,,,,,,,,,,,,,,,,,,,,,,,,,,,,,,,,,linux,,,,,,,,,,,,,,,,,,,,,
6a2f8fad0de103506950e0ee,47407,php,,,,,,,,,,,,,,,multiple,,php,windows,x86-64,,,,,,,,,,,,,,,,,,,,,,,,,,,php,,,,,,,,,,,,,,,,,,,,,,,,,,,,,,,,,,,,,php,,,,,,,,,,,,,,,php,,,,,,,,,,,,,,,,,,,,,
6a2f8fad0de103506950e0ef,49729,php,,,,,,,,,,,,,,,php,,linux,php,,,,,,,,,,,,,,,,,,,,,,,,,,,,,,,,,,,,,,,,,,,,,,,,,,,,,,,,,,,,,,,,,,,,,,,,,,,,,,,,php,,,,,,,,,,,,,,,,,,,,,
6a2f8fad0de103506950e0f0,47652,,,,,,,,,,,,,,,,hardware,,macos,,,,,,,,,,,,,,,,,,,,,,,,,,,,,,,,,,,,,,,,,,,,,,,,,,,,,,,,,,,,,,,,,,,,,,,,,,,,,,,,,aspx,,,,,,,,,,,,,,,,,,,,,
6a2f8fad0de103506950e0f1,48338,java,,,,,,,,,,,,,,,multiple,,java,linux,windows,,,,,,,,,,,,,,,,,,,,,,,,,,,java,,,,,,,,,,,,,,,,,,,,,,,,,,,,,,,,,,,,,java,,,,,,,,,,,,,,,java,,,,,,,,,,,,,,,,,,,,,
6a2f8fad0de103506950e0f2,50716,,,,,,,,,,,,,,,,nodejs,,linux,,,,,,,,,,,,,,,,,,,,,,,,,,,,,,,,,,,,,,,,,,,,,,,,,,,,,,,,,,,,,,,,,,,,,,,,,,,,,,,,,javascript,,,,,,,,,,,,,,,,,,,,,
6a2f8fad0de103506950e0f3,47945,xml,,,,,,,,,,,,,,,xml,,windows,,,,,,,,,,,,,,,,,,,,,,,,,,,,,,,,,,,,,,,,,,,,,,,,,,,,,,,,,,,,,,,,,,xml,,,,,,,,,,,,,,,xml,,,,,,,,,,,,,,,,,,,,,
6a2f8fad0de103506950e0f4,49902,php,,,,,,,,,,,,,,,multiple,,linux,php,,,,,,,,,,,,,,,,,,,,,,,,,,,,php,,,,,,,,,,,,,,,,,,,,,,,,,,,,,,,,,,,,,php,,,,,,,,,,,,,,,php,,,,,,,,,,,,,,,,,,,,,
6a2f8fad0de103506950e0f5,48223,php,,,,,,,,,,,,,,,linux,,linux,,,,,,,,,,,,,,,,,,,,,,,,,,,,,php,,,,,,,,,,,,,,,,,,,,,,,,,,,,,,,,,,,,,php,,,,,,,,,,,,,,,php,,,,,,,,,,,,,,,,,,,,,
6a2f8fad0de103506950e0f6,50238,javascript,,,,,,,,,,,,,,,multiple,,linux,,,,,,,,,,,,,,,,,,,,,,,,,,,,,javascript,,,,,,,,,,,,,,,,,,,,,,,,,,,,,,,,,,,,,javascript,,,,,,,,,,,,,,,javascript,,,,,,,,,,,,,,,,,,,,,
6a2f8fad0de103506950e0f7,50239,javascript,,,,,,,,,,,,,,,multiple,,linux,,,,,,,,,,,,,,,,,,,,,,,,,,,,,javascript,,,,,,,,,,,,,,,,,,,,,,,,,,,,,,,,,,,,,javascript,,,,,,,,,,,,,,,javascript,,,,,,,,,,,,,,,,,,,,,
6a2f8fad0de103506950e0f8,47777,.net,windows,,,,,,,,,,,,,,aspx,,asp,aspx,windows,,,,,,,,,,,,,,,,,,,,,,,,,,,.net,windows,,,,,,,,,,,,,,,,,,,,,,,,,,,,,,,,,,,,.net,php,,,,,,,,,,,,,,.net,windows,,,,,,,,,,,,,,,,,,,,
6a2f8fad0de103506950e0f9,46841,linux,,,,,,,,,,,,,,,hardware,,linux,,,,,,,,,,,,,,,,,,,,,,,,,,,,,,,,,,,,,,,,,,,,,,,,,,,,,,,,,,,,,,,,,,,,,,,,,,,,,,,,,linux,,,,,,,,,,,,,,,,,,,,,
6a2f8fad0de103506950e0fa,48274,linux,,,,,,,,,,,,,,,hardware,,linux,,,,,,,,,,,,,,,,,,,,,,,,,,,,,,,,,,,,,,,,,,,,,,,,,,,,,,,,,,,,,,,,,,,,,,,,,,,,,,,,,linux,,,,,,,,,,,,,,,,,,,,,
6a2f8fad0de103506950e0fb,47463,android,linux,,,,,,,,,,,,,,android,,android,arm,,,,,,,,,,,,,,,,,,,,,,,,,,,,android,linux,,,,,,,,,,,,,,,,,,,,,,,,,,,,,,,,,,,,android,linux,,,,,,,,,,,,,,android,linux,,,,,,,,,,,,,,,,,,,,
6a2f8fad0de103506950e0fc,46728,java,,,,,,,,,,,,,,,windows,,windows,,,,,,,,,,,,,,,,,,,,,,,,,,,,,java,xml,,,,,,,,,,,,,,,,,,,,,,,,,,,,,,,,,,,,java,,,,,,,,,,,,,,,,,,,,,,,,,,,,,,,,,,,,
6a2f8fad0de103506950e0fd,46729,java,,,,,,,,,,,,,,,windows,,windows,xml,,,,,,,,,,,,,,,,,,,,,,,,,,,,java,,,,,,,,,,,,,,,,,,,,,,,,,,,,,,,,,,,,,java,,,,,,,,,,,,,,,,,,,,,,,,,,,,,,,,,,,,
6a2f8fad0de103506950e0fe,46722,java,,,,,,,,,,,,,,,multiple,,java,linux,windows,x86-64,,,,,,,,,,,,,,,,,,,,,,,,,,java,,,,,,,,,,,,,,,,,,,,,,,,,,,,,,,,,,,,,java,,,,,,,,,,,,,,,java,,,,,,,,,,,,,,,,,,,,,
6a2f8fad0de103506950e0ff,46723,java,,,,,,,,,,,,,,,multiple,,java,linux,windows,x86-64,,,,,,,,,,,,,,,,,,,,,,,,,,java,,,,,,,,,,,,,,,,,,,,,,,,,,,,,,,,,,,,,java,,,,,,,,,,,,,,,java,,,,,,,,,,,,,,,,,,,,,
6a2f8fad0de103506950e100,46814,java,,,,,,,,,,,,,,,multiple,,solaris,windows,,,,,,,,,,,,,,,,,,,,,,,,,,,,java,,,,,,,,,,,,,,,,,,,,,,,,,,,,,,,,,,,,,java,,,,,,,,,,,,,,,java,,,,,,,,,,,,,,,,,,,,,
6a2f8fad0de103506950e101,47621,java,,,,,,,,,,,,,,,jsp,,java,linux,windows,,,,,,,,,,,,,,,,,,,,,,,,,,,,,,,,,,,,,,,,,,,,,,,,,,,,,,,,,,,,,,,,,,,,,,,,,,,,,,,java,,,,,,,,,,,,,,,,,,,,,
6a2f8fad0de103506950e102,47635,,,,,,,,,,,,,,,,jsp,,linux,windows,,,,,,,,,,,,,,,,,,,,,,,,,,,,,,,,,,,,,,,,,,,,,,,,,,,,,,,,,,,,,,,,,,,,,,,,,,,,,,,,java,,,,,,,,,,,,,,,,,,,,,
6a2f8fad0de103506950e103,46969,java,,,,,,,,,,,,,,,windows,,windows,x86,x86-64,,,,,,,,,,,,,,,,,,,,,,,,,,,java,,,,,,,,,,,,,,,,,,,,,,,,,,,,,,,,,,,,,java,,,,,,,,,,,,,,,java,,,,,,,,,,,,,,,,,,,,,
6a2f8fad0de103506950e104,46571,linux,,,,,,,,,,,,,,,multiple,,python,,,,,,,,,,,,,,,,,,,,,,,,,,,,,linux,,,,,,,,,,,,,,,,,,,,,,,,,,,,,,,,,,,,,linux,,,,,,,,,,,,,,,linux,,,,,,,,,,,,,,,,,,,,,
6a2f8fad0de103506950e105,48183,javascript,,,,,,,,,,,,,,,multiple,,macos,windows,,,,,,,,,,,,,,,,,,,,,,,,,,,,javascript,,,,,,,,,,,,,,,,,,,,,,,,,,,,,,,,,,,,,javascript,,,,,,,,,,,,,,,javascript,,,,,,,,,,,,,,,,,,,,,
6a2f8fad0de103506950e106,46296,ios,macos,,,,,,,,,,,,,,macos,,macos,,,,,,,,,,,,,,,,,,,,,,,,,,,,,ios,macos,,,,,,,,,,,,,,,,,,,,,,,,,,,,,,,,,,,,ios,macos,,,,,,,,,,,,,,ios,macos,,,,,,,,,,,,,,,,,,,,
6a2f8fad0de103506950e107,46285,ios,macos,watchos,,,,,,,,,,,,,multiple,,ios,macos,,,,,,,,,,,,,,,,,,,,,,,,,,,,ios,macos,watchos,,,,,,,,,,,,,,,,,,,,,,,,,,,,,,,,,,,ios,macos,watchos,,,,,,,,,,,,,ios,macos,watchos,,,,,,,,,,,,,,,,,,,
6a2f8fad0de103506950e108,46300,ios,macos,watchos,,,,,,,,,,,,,multiple,,ios,macos,,,,,,,,,,,,,,,,,,,,,,,,,,,,ios,macos,watchos,,,,,,,,,,,,,,,,,,,,,,,,,,,,,,,,,,,ios,macos,tvos,watchos,,,,,,,,,,,,ios,macos,watchos,,,,,,,,,,,,,,,,,,,
6a2f8fad0de103506950e109,46298,ios,macos,watchos,,,,,,,,,,,,,multiple,,ios,macos,,,,,,,,,,,,,,,,,,,,,,,,,,,,ios,macos,watchos,,,,,,,,,,,,,,,,,,,,,,,,,,,,,,,,,,,ios,macos,watchos,,,,,,,,,,,,,ios,macos,watchos,,,,,,,,,,,,,,,,,,,
6a2f8fad0de103506950e10a,46448,ios,windows,,,,,,,,,,,,,,multiple,,javascript,,,,,,,,,,,,,,,,,,,,,,,,,,,,,ios,windows,,,,,,,,,,,,,,,,,,,,,,,,,,,,,,,,,,,,ios,macos,windows,,,,,,,,,,,,,ios,windows,,,,,,,,,,,,,,,,,,,,
6a2f8fad0de103506950e10b,46433,ios,macos,watchos,,,,,,,,,,,,,macos,,ios,macos,,,,,,,,,,,,,,,,,,,,,,,,,,,,ios,macos,watchos,,,,,,,,,,,,,,,,,,,,,,,,,,,,,,,,,,,ios,macos,watchos,,,,,,,,,,,,,ios,macos,watchos,,,,,,,,,,,,,,,,,,,
6a2f8fad0de103506950e10c,46179,linux,,,,,,,,,,,,,,,hardware,,linux,python,,,,,,,,,,,,,,,,,,,,,,,,,,,,linux,,,,,,,,,,,,,,,,,,,,,,,,,,,,,,,,,,,,,,,,,,,,,,,,,,,,arm,,,,,,,,,,,,,,,,,,,,,
6a2f8fad0de103506950e10d,50070,android,json,,,,,,,,,,,,,,android,,android,,,,,,,,,,,,,,,,,,,,,,,,,,,,,android,json,,,,,,,,,,,,,,,,,,,,,,,,,,,,,,,,,,,,android,json,,,,,,,,,,,,,,android,json,,,,,,,,,,,,,,,,,,,,
6a2f8fad0de103506950e10e,46803,ios,macos,,,,,,,,,,,,,,ios,,ios,,,,,,,,,,,,,,,,,,,,,,,,,,,,,ios,macos,,,,,,,,,,,,,,,,,,,,,,,,,,,,,,,,,,,,ios,macos,tvos,watchos,,,,,,,,,,,,ios,macos,,,,,,,,,,,,,,,,,,,,
6a2f8fad0de103506950e10f,47259,macos,windows,,,,,,,,,,,,,,windows,,c,windows,,,,,,,,,,,,,,,,,,,,,,,,,,,,macos,windows,,,,,,,,,,,,,,,,,,,,,,,,,,,,,,,,,,,,macos,windows,,,,,,,,,,,,,,macos,windows,,,,,,,,,,,,,,,,,,,,
6a2f8fae0de103506950e110,47260,macos,windows,,,,,,,,,,,,,,windows,,windows,,,,,,,,,,,,,,,,,,,,,,,,,,,,,macos,windows,,,,,,,,,,,,,,,,,,,,,,,,,,,,,,,,,,,,macos,windows,,,,,,,,,,,,,,macos,windows,,,,,,,,,,,,,,,,,,,,
6a2f8fae0de103506950e111,47275,macos,windows,,,,,,,,,,,,,,windows,,windows,,,,,,,,,,,,,,,,,,,,,,,,,,,,,macos,windows,,,,,,,,,,,,,,,,,,,,,,,,,,,,,,,,,,,,macos,windows,,,,,,,,,,,,,,macos,windows,,,,,,,,,,,,,,,,,,,,
6a2f8fae0de103506950e112,47273,macos,windows,,,,,,,,,,,,,,windows,,windows,,,,,,,,,,,,,,,,,,,,,,,,,,,,,macos,windows,,,,,,,,,,,,,,,,,,,,,,,,,,,,,,,,,,,,macos,windows,,,,,,,,,,,,,,macos,windows,,,,,,,,,,,,,,,,,,,,
6a2f8fae0de103506950e113,46399,php,,,,,,,,,,,,,,,php,,php,windows,,,,,,,,,,,,,,,,,,,,,,,,,,,,,,,,,,,,,,,,,,,,,,,,,,,,,,,,,,,,,,,,,,,,,,,,,,,,,,,,php,,,,,,,,,,,,,,,,,,,,,
6a2f8fae0de103506950e114,46647,ios,watchos,windows,,,,,,,,,,,,,multiple,,javascript,,,,,,,,,,,,,,,,,,,,,,,,,,,,,ios,watchos,windows,,,,,,,,,,,,,,,,,,,,,,,,,,,,,,,,,,,ios,watchos,windows,,,,,,,,,,,,,ios,watchos,windows,,,,,,,,,,,,,,,,,,,
6a2f8fae0de103506950e115,46648,ios,macos,watchos,,,,,,,,,,,,,multiple,,ios,macos,,,,,,,,,,,,,,,,,,,,,,,,,,,,ios,macos,watchos,,,,,,,,,,,,,,,,,,,,,,,,,,,,,,,,,,,ios,macos,watchos,,,,,,,,,,,,,ios,macos,watchos,,,,,,,,,,,,,,,,,,,
6a2f8fae0de103506950e116,46649,ios,watchos,windows,,,,,,,,,,,,,multiple,,javascript,macos,,,,,,,,,,,,,,,,,,,,,,,,,,,,ios,watchos,windows,,,,,,,,,,,,,,,,,,,,,,,,,,,,,,,,,,,ios,watchos,windows,,,,,,,,,,,,,ios,watchos,windows,,,,,,,,,,,,,,,,,,,
6a2f8fae0de103506950e117,46650,ios,watchos,windows,,,,,,,,,,,,,multiple,,javascript,,,,,,,,,,,,,,,,,,,,,,,,,,,,,ios,watchos,windows,,,,,,,,,,,,,,,,,,,,,,,,,,,,,,,,,,,ios,macos,watchos,windows,,,,,,,,,,,,ios,watchos,windows,,,,,,,,,,,,,,,,,,,
6a2f8fae0de103506950e118,46914,ios,macos,,,,,,,,,,,,,,macos,,macos,python,,,,,,,,,,,,,,,,,,,,,,,,,,,,ios,macos,,,,,,,,,,,,,,,,,,,,,,,,,,,,,,,,,,,,ios,macos,,,,,,,,,,,,,,ios,macos,,,,,,,,,,,,,,,,,,,,
6a2f8fae0de103506950e119,46891,ios,macos,watchos,,,,,,,,,,,,,multiple,,ios,macos,,,,,,,,,,,,,,,,,,,,,,,,,,,,ios,macos,watchos,,,,,,,,,,,,,,,,,,,,,,,,,,,,,,,,,,,ios,macos,watchos,,,,,,,,,,,,,ios,macos,watchos,,,,,,,,,,,,,,,,,,,
6a2f8fae0de103506950e11a,46892,ios,macos,watchos,,,,,,,,,,,,,multiple,,ios,macos,,,,,,,,,,,,,,,,,,,,,,,,,,,,ios,macos,watchos,,,,,,,,,,,,,,,,,,,,,,,,,,,,,,,,,,,ios,macos,watchos,,,,,,,,,,,,,ios,macos,watchos,,,,,,,,,,,,,,,,,,,
6a2f8fae0de103506950e11b,47409,ios,macos,watchos,,,,,,,,,,,,,ios,,ios,,,,,,,,,,,,,,,,,,,,,,,,,,,,,ios,macos,watchos,,,,,,,,,,,,,,,,,,,,,,,,,,,,,,,,,,,ios,macos,watchos,,,,,,,,,,,,,ios,macos,watchos,,,,,,,,,,,,,,,,,,,
6a2f8fae0de103506950e11c,46913,ios,watchos,,,,,,,,,,,,,,ios,,ios,,,,,,,,,,,,,,,,,,,,,,,,,,,,,ios,watchos,,,,,,,,,,,,,,,,,,,,,,,,,,,,,,,,,,,,ios,watchos,,,,,,,,,,,,,,ios,watchos,,,,,,,,,,,,,,,,,,,,
6a2f8fae0de103506950e11d,46888,ios,macos,watchos,windows,,,,,,,,,,,,multiple,,ios,macos,,,,,,,,,,,,,,,,,,,,,,,,,,,,ios,macos,watchos,windows,,,,,,,,,,,,,,,,,,,,,,,,,,,,,,,,,,ios,macos,watchos,,,,,,,,,,,,,ios,macos,watchos,windows,,,,,,,,,,,,,,,,,,
6a2f8fae0de103506950e11e,46889,ios,macos,watchos,windows,,,,,,,,,,,,multiple,,ios,javascript,macos,x86-64,,,,,,,,,,,,,,,,,,,,,,,,,,ios,macos,watchos,windows,,,,,,,,,,,,,,,,,,,,,,,,,,,,,,,,,,ios,macos,watchos,,,,,,,,,,,,,ios,macos,watchos,windows,,,,,,,,,,,,,,,,,,
6a2f8fae0de103506950e11f,47194,ios,macos,watchos,,,,,,,,,,,,,multiple,,ios,python,,,,,,,,,,,,,,,,,,,,,,,,,,,,ios,macos,watchos,,,,,,,,,,,,,,,,,,,,,,,,,,,,,,,,,,,ios,macos,watchos,,,,,,,,,,,,,ios,macos,watchos,,,,,,,,,,,,,,,,,,,
6a2f8fae0de103506950e120,47192,ios,watchos,,,,,,,,,,,,,,multiple,,ios,,,,,,,,,,,,,,,,,,,,,,,,,,,,,ios,watchos,,,,,,,,,,,,,,,,,,,,,,,,,,,,,,,,,,,,ios,watchos,,,,,,,,,,,,,,ios,watchos,,,,,,,,,,,,,,,,,,,,
6a2f8fae0de103506950e121,47162,ios,macos,windows,,,,,,,,,,,,,multiple,,javascript,,,,,,,,,,,,,,,,,,,,,,,,,,,,,ios,macos,windows,,,,,,,,,,,,,,,,,,,,,,,,,,,,,,,,,,,ios,macos,windows,,,,,,,,,,,,,ios,macos,windows,,,,,,,,,,,,,,,,,,,
6a2f8fae0de103506950e122,47193,ios,macos,watchos,,,,,,,,,,,,,multiple,,ios,,,,,,,,,,,,,,,,,,,,,,,,,,,,,ios,macos,watchos,,,,,,,,,,,,,,,,,,,,,,,,,,,,,,,,,,,ios,macos,watchos,,,,,,,,,,,,,ios,macos,watchos,,,,,,,,,,,,,,,,,,,
6a2f8fae0de103506950e123,47189,ios,macos,watchos,,,,,,,,,,,,,multiple,,ios,macos,objc,,,,,,,,,,,,,,,,,,,,,,,,,,,ios,macos,watchos,,,,,,,,,,,,,,,,,,,,,,,,,,,,,,,,,,,ios,macos,watchos,,,,,,,,,,,,,ios,macos,watchos,,,,,,,,,,,,,,,,,,,
6a2f8fae0de103506950e124,47608,ios,macos,watchos,,,,,,,,,,,,,multiple,,macos,x86-64,,,,,,,,,,,,,,,,,,,,,,,,,,,,ios,macos,watchos,,,,,,,,,,,,,,,,,,,,,,,,,,,,,,,,,,,ios,macos,watchos,,,,,,,,,,,,,ios,macos,watchos,,,,,,,,,,,,,,,,,,,
6a2f8fae0de103506950e125,47257,ios,macos,,,,,,,,,,,,,,multiple,,macos,,,,,,,,,,,,,,,,,,,,,,,,,,,,,ios,macos,,,,,,,,,,,,,,,,,,,,,,,,,,,,,,,,,,,,ios,macos,,,,,,,,,,,,,,ios,macos,,,,,,,,,,,,,,,,,,,,
6a2f8fae0de103506950e126,47190,ios,macos,windows,,,,,,,,,,,,,multiple,,ios,macos,,,,,,,,,,,,,,,,,,,,,,,,,,,,ios,macos,windows,,,,,,,,,,,,,,,,,,,,,,,,,,,,,,,,,,,ios,macos,windows,,,,,,,,,,,,,ios,macos,windows,,,,,,,,,,,,,,,,,,,
6a2f8fae0de103506950e127,47191,ios,macos,watchos,windows,,,,,,,,,,,,multiple,,ios,macos,,,,,,,,,,,,,,,,,,,,,,,,,,,,ios,macos,watchos,windows,,,,,,,,,,,,,,,,,,,,,,,,,,,,,,,,,,ios,macos,tvos,watchos,windows,,,,,,,,,,,ios,macos,watchos,windows,,,,,,,,,,,,,,,,,,
6a2f8fae0de103506950e128,47316,ios,macos,watchos,windows,,,,,,,,,,,,multiple,,javascript,,,,,,,,,,,,,,,,,,,,,,,,,,,,,ios,macos,watchos,windows,,,,,,,,,,,,,,,,,,,,,,,,,,,,,,,,,,ios,macos,tvos,watchos,windows,,,,,,,,,,,ios,macos,watchos,windows,,,,,,,,,,,,,,,,,,
6a2f8fae0de103506950e129,47237,ios,macos,windows,,,,,,,,,,,,,multiple,,macos,,,,,,,,,,,,,,,,,,,,,,,,,,,,,ios,macos,windows,,,,,,,,,,,,,,,,,,,,,,,,,,,,,,,,,,,ios,macos,windows,,,,,,,,,,,,,ios,macos,windows,,,,,,,,,,,,,,,,,,,
6a2f8fae0de103506950e12a,47607,ios,watchos,,,,,,,,,,,,,,ios,,ios,,,,,,,,,,,,,,,,,,,,,,,,,,,,,ios,watchos,,,,,,,,,,,,,,,,,,,,,,,,,,,,,,,,,,,,ios,watchos,,,,,,,,,,,,,,ios,watchos,,,,,,,,,,,,,,,,,,,,
6a2f8fae0de103506950e12b,47565,watchos,,,,,,,,,,,,,,,multiple,,macos,,,,,,,,,,,,,,,,,,,,,,,,,,,,,watchos,,,,,,,,,,,,,,,,,,,,,,,,,,,,,,,,,,,,,ios,watchos,,,,,,,,,,,,,,watchos,,,,,,,,,,,,,,,,,,,,,
6a2f8fae0de103506950e12c,47590,ios,watchos,windows,,,,,,,,,,,,,multiple,,javascript,,,,,,,,,,,,,,,,,,,,,,,,,,,,,ios,watchos,windows,,,,,,,,,,,,,,,,,,,,,,,,,,,,,,,,,,,ios,watchos,windows,,,,,,,,,,,,,ios,watchos,windows,,,,,,,,,,,,,,,,,,,
6a2f8fae0de103506950e12d,47638,python,,,,,,,,,,,,,,,hardware,,linux,php,,,,,,,,,,,,,,,,,,,,,,,,,,,,python,,,,,,,,,,,,,,,,,,,,,,,,,,,,,,,,,,,,,python,,,,,,,,,,,,,,,python,,,,,,,,,,,,,,,,,,,,,
6a2f8fae0de103506950e12e,46502,linux,x86,,,,,,,,,,,,,,linux,,linux,x86,,,,,,,,,,,,,,,,,,,,,,,,,,,,linux,,,,,,,,,,,,,,,,,,,,,,,,,,,,,,,,,,,,,linux,,,,,,,,,,,,,,,linux,x86,,,,,,,,,,,,,,,,,,,,
6a2f8fae0de103506950e12f,52346,php,,,,,,,,,,,,,,,multiple,,linux,php,ubuntu,,,,,,,,,,,,,,,,,,,,,,,,,,,php,,,,,,,,,,,,,,,,,,,,,,,,,,,,,,,,,,,,,php,,,,,,,,,,,,,,,php,,,,,,,,,,,,,,,,,,,,,
6a2f8fae0de103506950e130,48275,.net,windows,,,,,,,,,,,,,,windows,,windows,,,,,,,,,,,,,,,,,,,,,,,,,,,,,.net,,,,,,,,,,,,,,,,,,,,,,,,,,,,,,,,,,,,,.net,windows,,,,,,,,,,,,,,.net,,,,,,,,,,,,,,,,,,,,,
6a2f8fae0de103506950e131,48294,linux,,,,,,,,,,,,,,,multiple,,linux,python,,,,,,,,,,,,,,,,,,,,,,,,,,,,linux,,,,,,,,,,,,,,,,,,,,,,,,,,,,,,,,,,,,,linux,,,,,,,,,,,,,,,linux,,,,,,,,,,,,,,,,,,,,,
6a2f8fae0de103506950e132,51726,php,,,,,,,,,,,,,,,php,,php,windows,,,,,,,,,,,,,,,,,,,,,,,,,,,,,,,,,,,,,,,,,,,,,,,,,,,,,,,,,,,,,,,,,php,,,,,,,,,,,,,,,php,,,,,,,,,,,,,,,,,,,,,
6a2f8fae0de103506950e133,48519,linux,php,,,,,,,,,,,,,,linux,,linux,macos,windows,,,,,,,,,,,,,,,,,,,,,,,,,,,linux,php,,,,,,,,,,,,,,,,,,,,,,,,,,,,,,,,,,,,php,,,,,,,,,,,,,,,linux,php,,,,,,,,,,,,,,,,,,,,
6a2f8fae0de103506950e134,48747,xml,,,,,,,,,,,,,,,aspx,,aspx,windows,,,,,,,,,,,,,,,,,,,,,,,,,,,,,,,,,,,,,,,,,,,,,,,,,,,,,,,,,,,,,,,,,.net,xml,,,,,,,,,,,,,,xml,,,,,,,,,,,,,,,,,,,,,
6a2f8fae0de103506950e135,50151,xml,,,,,,,,,,,,,,,aspx,,windows,,,,,,,,,,,,,,,,,,,,,,,,,,,,,,,,,,,,,,,,,,,,,,,,,,,,,,,,,,,,,,,,,,.net,xml,,,,,,,,,,,,,,xml,,,,,,,,,,,,,,,,,,,,,
6a2f8fae0de103506950e136,48315,php,,,,,,,,,,,,,,,php,,php,windows,x86,,,,,,,,,,,,,,,,,,,,,,,,,,,,,,,,,,,,,,,,,,,,,,,,,,,,,,,,,,,,,,,,php,,,,,,,,,,,,,,,php,,,,,,,,,,,,,,,,,,,,,
6a2f8fae0de103506950e137,48817,php,,,,,,,,,,,,,,,multiple,,bsd,php,,,,,,,,,,,,,,,,,,,,,,,,,,,,php,,,,,,,,,,,,,,,,,,,,,,,,,,,,,,,,,,,,,php,,,,,,,,,,,,,,,php,,,,,,,,,,,,,,,,,,,,,
6a2f8fae0de103506950e138,48358,linux,,,,,,,,,,,,,,,hardware,,python,,,,,,,,,,,,,,,,,,,,,,,,,,,,,linux,,,,,,,,,,,,,,,,,,,,,,,,,,,,,,,,,,,,,linux,,,,,,,,,,,,,,,bash,linux,,,,,,,,,,,,,,,,,,,,
6a2f8fae0de103506950e139,49927,python,,,,,,,,,,,,,,,multiple,,linux,python,,,,,,,,,,,,,,,,,,,,,,,,,,,,python,,,,,,,,,,,,,,,,,,,,,,,,,,,,,,,,,,,,,python,,,,,,,,,,,,,,,python,,,,,,,,,,,,,,,,,,,,,
6a2f8fae0de103506950e13a,48387,linux,,,,,,,,,,,,,,,macos,,macos,python,,,,,,,,,,,,,,,,,,,,,,,,,,,,linux,,,,,,,,,,,,,,,,,,,,,,,,,,,,,,,,,,,,,linux,,,,,,,,,,,,,,,linux,,,,,,,,,,,,,,,,,,,,,
6a2f8fae0de103506950e13b,49613,bsd,linux,,,,,,,,,,,,,,linux,,linux,x86-64,,,,,,,,,,,,,,,,,,,,,,,,,,,,bsd,linux,,,,,,,,,,,,,,,,,,,,,,,,,,,,,,,,,,,,bsd,linux,,,,,,,,,,,,,,bsd,linux,,,,,,,,,,,,,,,,,,,,
6a2f8fae0de103506950e13c,48666,aspx,,,,,,,,,,,,,,,multiple,,aspx,windows,,,,,,,,,,,,,,,,,,,,,,,,,,,,aspx,,,,,,,,,,,,,,,,,,,,,,,,,,,,,,,,,,,,,ashx,,,,,,,,,,,,,,,aspx,,,,,,,,,,,,,,,,,,,,,
6a2f8fae0de103506950e13d,48634,php,,,,,,,,,,,,,,,multiple,,linux,php,ubuntu,,,,,,,,,,,,,,,,,,,,,,,,,,,php,,,,,,,,,,,,,,,,,,,,,,,,,,,,,,,,,,,,,php,,,,,,,,,,,,,,,php,,,,,,,,,,,,,,,,,,,,,
6a2f8fae0de103506950e13e,48652,cgi,,,,,,,,,,,,,,,hardware,,x86,,,,,,,,,,,,,,,,,,,,,,,,,,,,,cgi,,,,,,,,,,,,,,,,,,,,,,,,,,,,,,,,,,,,,cgi,,,,,,,,,,,,,,,cgi,,,,,,,,,,,,,,,,,,,,,
6a2f8fae0de103506950e13f,48875,javascript,,,,,,,,,,,,,,,multiple,,linux,,,,,,,,,,,,,,,,,,,,,,,,,,,,,javascript,,,,,,,,,,,,,,,,,,,,,,,,,,,,,,,,,,,,,javascript,,,,,,,,,,,,,,,javascript,,,,,,,,,,,,,,,,,,,,,
6a2f8fae0de103506950e140,48682,php,,,,,,,,,,,,,,,php,,debian,linux,php,,,,,,,,,,,,,,,,,,,,,,,,,,,,,,,,,,,,,,,,,,,,,,,,,,,,,,,,,,,,,,,,php,,,,,,,,,,,,,,,php,,,,,,,,,,,,,,,,,,,,,
6a2f8fae0de103506950e141,49771,javascript,,,,,,,,,,,,,,,multiple,,,,,,,,,,,,,,,,,,,,,,,,,,,,,,,javascript,,,,,,,,,,,,,,,,,,,,,,,,,,,,,,,,,,,,,javascript,,,,,,,,,,,,,,,javascript,,,,,,,,,,,,,,,,,,,,,
6a2f8fae0de103506950e142,48836,windows,x86-64,,,,,,,,,,,,,,windows,,windows,x86-64,,,,,,,,,,,,,,,,,,,,,,,,,,,,windows,x86-64,,,,,,,,,,,,,,,,,,,,,,,,,,,,,,,,,,,,windows,,,,,,,,,,,,,,,windows,,,,,,,,,,,,,,,,,,,,,
6a2f8fae0de103506950e143,48744,php,,,,,,,,,,,,,,,hardware,,linux,,,,,,,,,,,,,,,,,,,,,,,,,,,,,php,,,,,,,,,,,,,,,,,,,,,,,,,,,,,,,,,,,,,php,,,,,,,,,,,,,,,php,,,,,,,,,,,,,,,,,,,,,
6a2f8fae0de103506950e144,48143,java,jsp,,,,,,,,,,,,,,multiple,,java,,,,,,,,,,,,,,,,,,,,,,,,,,,,,java,jsp,,,,,,,,,,,,,,,,,,,,,,,,,,,,,,,,,,,,java,jsp,,,,,,,,,,,,,,java,jsp,,,,,,,,,,,,,,,,,,,,
6a2f8fae0de103506950e145,49039,java,jsp,,,,,,,,,,,,,,multiple,,linux,windows,,,,,,,,,,,,,,,,,,,,,,,,,,,,java,jsp,,,,,,,,,,,,,,,,,,,,,,,,,,,,,,,,,,,,java,jsp,,,,,,,,,,,,,,java,jsp,,,,,,,,,,,,,,,,,,,,
6a2f8fae0de103506950e146,49305,json,,,,,,,,,,,,,,,multiple,,php,,,,,,,,,,,,,,,,,,,,,,,,,,,,,json,,,,,,,,,,,,,,,,,,,,,,,,,,,,,,,,,,,,,javascript,json,,,,,,,,,,,,,,json,,,,,,,,,,,,,,,,,,,,,
6a2f8fae0de103506950e147,48508,java,,,,,,,,,,,,,,,multiple,,java,linux,windows,x86,x86-64,,,,,,,,,,,,,,,,,,,,,,,,,java,,,,,,,,,,,,,,,,,,,,,,,,,,,,,,,,,,,,,java,,,,,,,,,,,,,,,java,,,,,,,,,,,,,,,,,,,,,
6a2f8fae0de103506950e148,48848,php,,,,,,,,,,,,,,,php,,perl,php,windows,,,,,,,,,,,,,,,,,,,,,,,,,,,,,,,,,,,,,,,,,,,,,,,,,,,,,,,,,,,,,,,,,,,,,,,,,,,,,,,php,,,,,,,,,,,,,,,,,,,,,
6a2f8fae0de103506950e149,49267,php,,,,,,,,,,,,,,,php,,linux,php,,,,,,,,,,,,,,,,,,,,,,,,,,,,,,,,,,,,,,,,,,,,,,,,,,,,,,,,,,,,,,,,,php,,,,,,,,,,,,,,,php,,,,,,,,,,,,,,,,,,,,,
6a2f8fae0de103506950e14a,49167,php,,,,,,,,,,,,,,,multiple,,php,windows,,,,,,,,,,,,,,,,,,,,,,,,,,,,php,,,,,,,,,,,,,,,,,,,,,,,,,,,,,,,,,,,,,php,,,,,,,,,,,,,,,php,,,,,,,,,,,,,,,,,,,,,
6a2f8fae0de103506950e14b,49189,php,,,,,,,,,,,,,,,multiple,,linux,php,ubuntu,,,,,,,,,,,,,,,,,,,,,,,,,,,php,,,,,,,,,,,,,,,,,,,,,,,,,,,,,,,,,,,,,php,,,,,,,,,,,,,,,php,,,,,,,,,,,,,,,,,,,,,
6a2f8fae0de103506950e14c,49130,php,,,,,,,,,,,,,,,php,,linux,php,,,,,,,,,,,,,,,,,,,,,,,,,,,,,,,,,,,,,,,,,,,,,,,,,,,,,,,,,,,,,,,,,php,,,,,,,,,,,,,,,php,,,,,,,,,,,,,,,,,,,,,
6a2f8fae0de103506950e14d,49351,php,,,,,,,,,,,,,,,multiple,,linux,php,,,,,,,,,,,,,,,,,,,,,,,,,,,,php,,,,,,,,,,,,,,,,,,,,,,,,,,,,,,,,,,,,,php,,,,,,,,,,,,,,,php,,,,,,,,,,,,,,,,,,,,,
6a2f8fae0de103506950e14e,49297,php,,,,,,,,,,,,,,,multiple,,linux,php,,,,,,,,,,,,,,,,,,,,,,,,,,,,php,,,,,,,,,,,,,,,,,,,,,,,,,,,,,,,,,,,,,php,,,,,,,,,,,,,,,php,,,,,,,,,,,,,,,,,,,,,
6a2f8fae0de103506950e14f,49330,linux,php,,,,,,,,,,,,,,linux,,linux,php,,,,,,,,,,,,,,,,,,,,,,,,,,,,,,,,,,,,,,,,,,,,,,,,,,,,,,,,,,,,,,,,,linux,php,,,,,,,,,,,,,,php,,,,,,,,,,,,,,,,,,,,,
6a2f8fae0de103506950e150,50721,php,,,,,,,,,,,,,,,php,,linux,php,,,,,,,,,,,,,,,,,,,,,,,,,,,,,,,,,,,,,,,,,,,,,,,,,,,,,,,,,,,,,,,,,php,,,,,,,,,,,,,,,php,,,,,,,,,,,,,,,,,,,,,
6a2f8fae0de103506950e151,52371,php,,,,,,,,,,,,,,,multiple,,linux,php,,,,,,,,,,,,,,,,,,,,,,,,,,,,php,,,,,,,,,,,,,,,,,,,,,,,,,,,,,,,,,,,,,php,,,,,,,,,,,,,,,php,,,,,,,,,,,,,,,,,,,,,
6a2f8fae0de103506950e152,48035,ios,macos,watchos,,,,,,,,,,,,,multiple,,ios,macos,,,,,,,,,,,,,,,,,,,,,,,,,,,,ios,macos,watchos,,,,,,,,,,,,,,,,,,,,,,,,,,,,,,,,,,,ios,macos,watchos,,,,,,,,,,,,,ios,macos,watchos,,,,,,,,,,,,,,,,,,,
6a2f8fae0de103506950e153,47961,asp,cgi,,,,,,,,,,,,,,hardware,,asp,,,,,,,,,,,,,,,,,,,,,,,,,,,,,asp,cgi,,,,,,,,,,,,,,,,,,,,,,,,,,,,,,,,,,,,asp,cgi,,,,,,,,,,,,,,asp,cgi,,,,,,,,,,,,,,,,,,,,
6a2f8fae0de103506950e154,51487,linux,php,,,,,,,,,,,,,,hardware,,unix,,,,,,,,,,,,,,,,,,,,,,,,,,,,,linux,php,,,,,,,,,,,,,,,,,,,,,,,,,,,,,,,,,,,,linux,php,,,,,,,,,,,,,,php,,,,,,,,,,,,,,,,,,,,,
6a2f8fae0de103506950e155,47984,bsd,,,,,,,,,,,,,,,linux,,debian,linux,x86-64,,,,,,,,,,,,,,,,,,,,,,,,,,,bsd,,,,,,,,,,,,,,,,,,,,,,,,,,,,,,,,,,,,,bsd,,,,,,,,,,,,,,,bsd,,,,,,,,,,,,,,,,,,,,,
6a2f8fae0de103506950e156,48038,bsd,,,,,,,,,,,,,,,linux,,unix,,,,,,,,,,,,,,,,,,,,,,,,,,,,,bsd,,,,,,,,,,,,,,,,,,,,,,,,,,,,,,,,,,,,,bsd,,,,,,,,,,,,,,,bsd,,,,,,,,,,,,,,,,,,,,,
6a2f8fae0de103506950e157,49491,android,,,,,,,,,,,,,,,multiple,,android,linux,python,,,,,,,,,,,,,,,,,,,,,,,,,,,android,,,,,,,,,,,,,,,,,,,,,,,,,,,,,,,,,,,,,android,,,,,,,,,,,,,,,android,,,,,,,,,,,,,,,,,,,,,
6a2f8fae0de103506950e158,49091,java,,,,,,,,,,,,,,,multiple,,linux,,,,,,,,,,,,,,,,,,,,,,,,,,,,,java,,,,,,,,,,,,,,,,,,,,,,,,,,,,,,,,,,,,,java,,,,,,,,,,,,,,,java,,,,,,,,,,,,,,,,,,,,,
6a2f8fae0de103506950e159,48332,java,json,,,,,,,,,,,,,,java,,java,,,,,,,,,,,,,,,,,,,,,,,,,,,,,java,json,,,,,,,,,,,,,,,,,,,,,,,,,,,,,,,,,,,,java,json,,,,,,,,,,,,,,java,json,,,,,,,,,,,,,,,,,,,,
6a2f8fae0de103506950e15a,47976,json,,,,,,,,,,,,,,,hardware,,linux,macos,,,,,,,,,,,,,,,,,,,,,,,,,,,,json,,,,,,,,,,,,,,,,,,,,,,,,,,,,,,,,,,,,,json,,,,,,,,,,,,,,,json,,,,,,,,,,,,,,,,,,,,,
6a2f8fae0de103506950e15b,48001,,,,,,,,,,,,,,,,java,,linux,python,,,,,,,,,,,,,,,,,,,,,,,,,,,,,,,,,,,,,,,,,,,,,,,,,,,,,,,,,,,,,,,,,,,,,,,,,,,,,,,,java,,,,,,,,,,,,,,,,,,,,,
6a2f8fae0de103506950e15c,48268,cgi,,,,,,,,,,,,,,,linux,,linux,,,,,,,,,,,,,,,,,,,,,,,,,,,,,cgi,,,,,,,,,,,,,,,,,,,,,,,,,,,,,,,,,,,,,cgi,,,,,,,,,,,,,,,cgi,,,,,,,,,,,,,,,,,,,,,
6a2f8fae0de103506950e15d,48199,php,,,,,,,,,,,,,,,php,,linux,php,,,,,,,,,,,,,,,,,,,,,,,,,,,,,,,,,,,,,,,,,,,,,,,,,,,,,,,,,,,,,,,,,php,,,,,,,,,,,,,,,php,,,,,,,,,,,,,,,,,,,,,
6a2f8fae0de103506950e15e,48144,php,,,,,,,,,,,,,,,multiple,,linux,php,,,,,,,,,,,,,,,,,,,,,,,,,,,,php,,,,,,,,,,,,,,,,,,,,,,,,,,,,,,,,,,,,,php,,,,,,,,,,,,,,,php,,,,,,,,,,,,,,,,,,,,,
6a2f8fae0de103506950e15f,48145,php,,,,,,,,,,,,,,,multiple,,centos,linux,php,,,,,,,,,,,,,,,,,,,,,,,,,,,php,,,,,,,,,,,,,,,,,,,,,,,,,,,,,,,,,,,,,php,,,,,,,,,,,,,,,php,,,,,,,,,,,,,,,,,,,,,
6a2f8fae0de103506950e160,50350,php,,,,,,,,,,,,,,,php,,php,windows,,,,,,,,,,,,,,,,,,,,,,,,,,,,,,,,,,,,,,,,,,,,,,,,,,,,,,,,,,,,,,,,,php,,,,,,,,,,,,,,,php,,,,,,,,,,,,,,,,,,,,,
6a2f8fae0de103506950e161,50849,php,,,,,,,,,,,,,,,php,,php,windows,,,,,,,,,,,,,,,,,,,,,,,,,,,,,,,,,,,,,,,,,,,,,,,,,,,,,,,,,,,,,,,,,php,,,,,,,,,,,,,,,php,,,,,,,,,,,,,,,,,,,,,
6a2f8fae0de103506950e162,50925,php,,,,,,,,,,,,,,,php,,php,windows,,,,,,,,,,,,,,,,,,,,,,,,,,,,,,,,,,,,,,,,,,,,,,,,,,,,,,,,,,,,,,,,,php,,,,,,,,,,,,,,,php,,,,,,,,,,,,,,,,,,,,,
6a2f8fae0de103506950e163,50685,php,,,,,,,,,,,,,,,php,,linux,php,,,,,,,,,,,,,,,,,,,,,,,,,,,,,,,,,,,,,,,,,,,,,,,,,,,,,,,,,,,,,,,,,,,,,,,,,,,,,,,,php,,,,,,,,,,,,,,,,,,,,,
6a2f8fae0de103506950e164,49635,php,,,,,,,,,,,,,,,php,,php,windows,,,,,,,,,,,,,,,,,,,,,,,,,,,,,,,,,,,,,,,,,,,,,,,,,,,,,,,,,,,,,,,,,php,,,,,,,,,,,,,,,php,,,,,,,,,,,,,,,,,,,,,
6a2f8fae0de103506950e165,49659,php,,,,,,,,,,,,,,,multiple,,linux,php,,,,,,,,,,,,,,,,,,,,,,,,,,,,php,,,,,,,,,,,,,,,,,,,,,,,,,,,,,,,,,,,,,php,,,,,,,,,,,,,,,php,,,,,,,,,,,,,,,,,,,,,
6a2f8fae0de103506950e166,49764,,,,,,,,,,,,,,,,hardware,,cgi,,,,,,,,,,,,,,,,,,,,,,,,,,,,,,,,,,,,,,,,,,,,,,,,,,,,,,,,,,,,,,,,,,,,,,,,,,,,,,,,,linux,,,,,,,,,,,,,,,,,,,,,
6a2f8fae0de103506950e167,50480,java,,,,,,,,,,,,,,,java,,java,macos,x86-64,,,,,,,,,,,,,,,,,,,,,,,,,,,,,,,,,,,,,,,,,,,,,,,,,,,,,,,,,,,,,,,,java,,,,,,,,,,,,,,,java,,,,,,,,,,,,,,,,,,,,,
6a2f8fae0de103506950e168,49749,php,xml,,,,,,,,,,,,,,php,,linux,php,windows,,,,,,,,,,,,,,,,,,,,,,,,,,,xml,,,,,,,,,,,,,,,,,,,,,,,,,,,,,,,,,,,,,php,xml,,,,,,,,,,,,,,xml,,,,,,,,,,,,,,,,,,,,,
6a2f8fae0de103506950e169,49372,php,,,,,,,,,,,,,,,multiple,,linux,php,,,,,,,,,,,,,,,,,,,,,,,,,,,,php,,,,,,,,,,,,,,,,,,,,,,,,,,,,,,,,,,,,,php,,,,,,,,,,,,,,,php,,,,,,,,,,,,,,,,,,,,,
6a2f8fae0de103506950e16a,49772,php,,,,,,,,,,,,,,,multiple,,python,,,,,,,,,,,,,,,,,,,,,,,,,,,,,php,,,,,,,,,,,,,,,,,,,,,,,,,,,,,,,,,,,,,php,,,,,,,,,,,,,,,php,,,,,,,,,,,,,,,,,,,,,
6a2f8fae0de103506950e16b,50394,php,,,,,,,,,,,,,,,php,,linux,php,ubuntu,,,,,,,,,,,,,,,,,,,,,,,,,,,,,,,,,,,,,,,,,,,,,,,,,,,,,,,,,,,,,,,,,,,,,,,,,,,,,,,php,,,,,,,,,,,,,,,,,,,,,
6a2f8fae0de103506950e16c,50042,php,,,,,,,,,,,,,,,php,,linux,,,,,,,,,,,,,,,,,,,,,,,,,,,,,,,,,,,,,,,,,,,,,,,,,,,,,,,,,,,,,,,,,,php,,,,,,,,,,,,,,,php,,,,,,,,,,,,,,,,,,,,,
6a2f8fae0de103506950e16d,49901,php,,,,,,,,,,,,,,,java,,php,,,,,,,,,,,,,,,,,,,,,,,,,,,,,,,,,,,,,,,,,,,,,,,,,,,,,,,,,,,,,,,,,,java,,,,,,,,,,,,,,,php,,,,,,,,,,,,,,,,,,,,,
6a2f8fae0de103506950e16e,50856,php,,,,,,,,,,,,,,,hardware,,go,linux,,,,,,,,,,,,,,,,,,,,,,,,,,,,php,,,,,,,,,,,,,,,,,,,,,,,,,,,,,,,,,,,,,php,,,,,,,,,,,,,,,php,,,,,,,,,,,,,,,,,,,,,
6a2f8fae0de103506950e16f,50371,java,,,,,,,,,,,,,,,multiple,,linux,windows,,,,,,,,,,,,,,,,,,,,,,,,,,,,java,,,,,,,,,,,,,,,,,,,,,,,,,,,,,,,,,,,,,java,,,,,,,,,,,,,,,java,,,,,,,,,,,,,,,,,,,,,
6a2f8fae0de103506950e170,50446,cgi,,,,,,,,,,,,,,,multiple,,cgi,debian,linux,,,,,,,,,,,,,,,,,,,,,,,,,,,cgi,,,,,,,,,,,,,,,,,,,,,,,,,,,,,,,,,,,,,cgi,,,,,,,,,,,,,,,cgi,,,,,,,,,,,,,,,,,,,,,
6a2f8fae0de103506950e171,50512,cgi,,,,,,,,,,,,,,,multiple,,cgi,linux,python,,,,,,,,,,,,,,,,,,,,,,,,,,,cgi,,,,,,,,,,,,,,,,,,,,,,,,,,,,,,,,,,,,,cgi,,,,,,,,,,,,,,,cgi,,,,,,,,,,,,,,,,,,,,,
6a2f8fae0de103506950e172,50098,cgi,python,,,,,,,,,,,,,,multiple,,cgi,linux,,,,,,,,,,,,,,,,,,,,,,,,,,,,cgi,python,,,,,,,,,,,,,,,,,,,,,,,,,,,,,,,,,,,,cgi,python,,,,,,,,,,,,,,cgi,python,,,,,,,,,,,,,,,,,,,,
6a2f8fae0de103506950e173,50892,java,,,,,,,,,,,,,,,multiple,,java,linux,,,,,,,,,,,,,,,,,,,,,,,,,,,,java,,,,,,,,,,,,,,,,,,,,,,,,,,,,,,,,,,,,,java,,,,,,,,,,,,,,,java,,,,,,,,,,,,,,,,,,,,,
6a2f8fae0de103506950e174,50930,linux,,,,,,,,,,,,,,,hardware,,python,,,,,,,,,,,,,,,,,,,,,,,,,,,,,linux,,,,,,,,,,,,,,,,,,,,,,,,,,,,,,,,,,,,,cgi,linux,,,,,,,,,,,,,,linux,,,,,,,,,,,,,,,,,,,,,
6a2f8fae0de103506950e175,50823,php,,,,,,,,,,,,,,,multiple,,linux,php,windows,,,,,,,,,,,,,,,,,,,,,,,,,,,php,,,,,,,,,,,,,,,,,,,,,,,,,,,,,,,,,,,,,php,,,,,,,,,,,,,,,php,,,,,,,,,,,,,,,,,,,,,
6a2f8fae0de103506950e176,50931,cgi,,,,,,,,,,,,,,,hardware,,asp,aspx,cfm,windows,,,,,,,,,,,,,,,,,,,,,,,,,,cgi,,,,,,,,,,,,,,,,,,,,,,,,,,,,,,,,,,,,,cgi,,,,,,,,,,,,,,,cgi,,,,,,,,,,,,,,,,,,,,,
6a2f8fae0de103506950e177,52446,php,,,,,,,,,,,,,,,multiple,,windows,,,,,,,,,,,,,,,,,,,,,,,,,,,,,php,,,,,,,,,,,,,,,,,,,,,,,,,,,,,,,,,,,,,php,,,,,,,,,,,,,,,php,,,,,,,,,,,,,,,,,,,,,
6a2f8fae0de103506950e178,50876,php,,,,,,,,,,,,,,,php,,linux,php,,,,,,,,,,,,,,,,,,,,,,,,,,,,,,,,,,,,,,,,,,,,,,,,,,,,,,,,,,,,,,,,,php,,,,,,,,,,,,,,,php,,,,,,,,,,,,,,,,,,,,,
6a2f8fae0de103506950e179,52345,linux,macos,windows,,,,,,,,,,,,,multiple,,windows,,,,,,,,,,,,,,,,,,,,,,,,,,,,,linux,macos,windows,,,,,,,,,,,,,,,,,,,,,,,,,,,,,,,,,,,linux,macos,windows,,,,,,,,,,,,,linux,macos,windows,,,,,,,,,,,,,,,,,,,
6a2f8fae0de103506950e17a,52109,abap,java,,,,,,,,,,,,,,multiple,,abap,java,linux,,,,,,,,,,,,,,,,,,,,,,,,,,,java,,,,,,,,,,,,,,,,,,,,,,,,,,,,,,,,,,,,,java,,,,,,,,,,,,,,,abap,java,,,,,,,,,,,,,,,,,,,,
6a2f8fae0de103506950e17b,52241,php,,,,,,,,,,,,,,,multiple,,linux,php,,,,,,,,,,,,,,,,,,,,,,,,,,,,php,,,,,,,,,,,,,,,,,,,,,,,,,,,,,,,,,,,,,php,,,,,,,,,,,,,,,php,,,,,,,,,,,,,,,,,,,,,
6a2f8fae0de103506950e17c,51099,java,,,,,,,,,,,,,,,multiple,,java,linux,python,,,,,,,,,,,,,,,,,,,,,,,,,,,java,,,,,,,,,,,,,,,,,,,,,,,,,,,,,,,,,,,,,java,,,,,,,,,,,,,,,java,,,,,,,,,,,,,,,,,,,,,
6a2f8fae0de103506950e17d,50840,php,,,,,,,,,,,,,,,php,,linux,,,,,,,,,,,,,,,,,,,,,,,,,,,,,,,,,,,,,,,,,,,,,,,,,,,,,,,,,,,,,,,,,,php,,,,,,,,,,,,,,,php,,,,,,,,,,,,,,,,,,,,,
6a2f8fae0de103506950e17e,50900,xml,,,,,,,,,,,,,,,multiple,,windows,x86-64,,,,,,,,,,,,,,,,,,,,,,,,,,,,xml,,,,,,,,,,,,,,,,,,,,,,,,,,,,,,,,,,,,,xml,,,,,,,,,,,,,,,xml,,,,,,,,,,,,,,,,,,,,,
6a2f8fae0de103506950e17f,51233,php,,,,,,,,,,,,,,,php,,linux,php,,,,,,,,,,,,,,,,,,,,,,,,,,,,,,,,,,,,,,,,,,,,,,,,,,,,,,,,,,,,,,,,,,,,,,,,,,,,,,,,php,,,,,,,,,,,,,,,,,,,,,
6a2f8fae0de103506950e180,51001,php,,,,,,,,,,,,,,,php,,linux,php,,,,,,,,,,,,,,,,,,,,,,,,,,,,,,,,,,,,,,,,,,,,,,,,,,,,,,,,,,,,,,,,,php,,,,,,,,,,,,,,,php,,,,,,,,,,,,,,,,,,,,,
6a2f8fae0de103506950e181,51032,bsd,,,,,,,,,,,,,,,php,,bsd,php,,,,,,,,,,,,,,,,,,,,,,,,,,,,bsd,,,,,,,,,,,,,,,,,,,,,,,,,,,,,,,,,,,,,bsd,,,,,,,,,,,,,,,,,,,,,,,,,,,,,,,,,,,,
6a2f8fae0de103506950e182,50978,php,,,,,,,,,,,,,,,php,,linux,php,ubuntu,,,,,,,,,,,,,,,,,,,,,,,,,,,,,,,,,,,,,,,,,,,,,,,,,,,,,,,,,,,,,,,,php,,,,,,,,,,,,,,,php,,,,,,,,,,,,,,,,,,,,,
6a2f8fae0de103506950e183,51011,cgi,linux,,,,,,,,,,,,,,linux,,linux,ubuntu,,,,,,,,,,,,,,,,,,,,,,,,,,,,cgi,linux,,,,,,,,,,,,,,,,,,,,,,,,,,,,,,,,,,,,cgi,linux,,,,,,,,,,,,,,cgi,,,,,,,,,,,,,,,,,,,,,
6a2f8fae0de103506950e184,50998,linux,perl,,,,,,,,,,,,,,linux,,linux,x86-64,,,,,,,,,,,,,,,,,,,,,,,,,,,,perl,,,,,,,,,,,,,,,,,,,,,,,,,,,,,,,,,,,,,linux,perl,,,,,,,,,,,,,,perl,,,,,,,,,,,,,,,,,,,,,
6a2f8fae0de103506950e185,51055,windows,,,,,,,,,,,,,,,asp,,windows,,,,,,,,,,,,,,,,,,,,,,,,,,,,,,,,,,,,,,,,,,,,,,,,,,,,,,,,,,,,,,,,,,,,,,,,,,,,,,,,,asp,windows,,,,,,,,,,,,,,,,,,,,
6a2f8fae0de103506950e186,52445,php,,,,,,,,,,,,,,,multiple,,php,windows,,,,,,,,,,,,,,,,,,,,,,,,,,,,php,,,,,,,,,,,,,,,,,,,,,,,,,,,,,,,,,,,,,php,,,,,,,,,,,,,,,php,,,,,,,,,,,,,,,,,,,,,
6a2f8fae0de103506950e187,51071,,,,,,,,,,,,,,,,php,,linux,windows,,,,,,,,,,,,,,,,,,,,,,,,,,,,,,,,,,,,,,,,,,,,,,,,,,,,,,,,,,,,,,,,,,,,,,,,,,,,,,,,php,,,,,,,,,,,,,,,,,,,,,
6a2f8fae0de103506950e188,52261,java,,,,,,,,,,,,,,,multiple,,java,linux,,,,,,,,,,,,,,,,,,,,,,,,,,,,java,,,,,,,,,,,,,,,,,,,,,,,,,,,,,,,,,,,,,java,,,,,,,,,,,,,,,java,,,,,,,,,,,,,,,,,,,,,
6a2f8fae0de103506950e189,51350,java,,,,,,,,,,,,,,,jsp,,windows,,,,,,,,,,,,,,,,,,,,,,,,,,,,,java,,,,,,,,,,,,,,,,,,,,,,,,,,,,,,,,,,,,,java,,,,,,,,,,,,,,,java,,,,,,,,,,,,,,,,,,,,,
6a2f8fae0de103506950e18a,51282,php,,,,,,,,,,,,,,,php,,php,windows,,,,,,,,,,,,,,,,,,,,,,,,,,,,,,,,,,,,,,,,,,,,,,,,,,,,,,,,,,,,,,,,,,,,,,,,,,,,,,,,php,,,,,,,,,,,,,,,,,,,,,
6a2f8fae0de103506950e18b,51284,php,,,,,,,,,,,,,,,php,,php,windows,,,,,,,,,,,,,,,,,,,,,,,,,,,,,,,,,,,,,,,,,,,,,,,,,,,,,,,,,,,,,,,,,,,,,,,,,,,,,,,,php,,,,,,,,,,,,,,,,,,,,,
6a2f8fae0de103506950e18c,51239,.net,,,,,,,,,,,,,,,windows,,windows,,,,,,,,,,,,,,,,,,,,,,,,,,,,,.net,,,,,,,,,,,,,,,,,,,,,,,,,,,,,,,,,,,,,.net,,,,,,,,,,,,,,,,,,,,,,,,,,,,,,,,,,,,
6a2f8fae0de103506950e18d,51214,php,,,,,,,,,,,,,,,php,,php,windows,,,,,,,,,,,,,,,,,,,,,,,,,,,,,,,,,,,,,,,,,,,,,,,,,,,,,,,,,,,,,,,,,,,,,,,,,,,,,,,,php,,,,,,,,,,,,,,,,,,,,,
6a2f8fae0de103506950e18e,51142,windows,,,,,,,,,,,,,,,multiple,,windows,x86,,,,,,,,,,,,,,,,,,,,,,,,,,,,windows,,,,,,,,,,,,,,,,,,,,,,,,,,,,,,,,,,,,,windows,,,,,,,,,,,,,,,windows,,,,,,,,,,,,,,,,,,,,,
6a2f8fae0de103506950e18f,51294,linux,,,,,,,,,,,,,,,hardware,,arm,linux,,,,,,,,,,,,,,,,,,,,,,,,,,,,linux,,,,,,,,,,,,,,,,,,,,,,,,,,,,,,,,,,,,,,,,,,,,,,,,,,,,cgi,,,,,,,,,,,,,,,,,,,,,
6a2f8fae0de103506950e190,51608,bsd,php,xml,,,,,,,,,,,,,php,,bsd,,,,,,,,,,,,,,,,,,,,,,,,,,,,,bsd,php,xml,,,,,,,,,,,,,,,,,,,,,,,,,,,,,,,,,,,bsd,xml,,,,,,,,,,,,,,bsd,php,xml,,,,,,,,,,,,,,,,,,,
6a2f8fae0de103506950e191,51311,linux,,,,,,,,,,,,,,,hardware,,cgi,python,,,,,,,,,,,,,,,,,,,,,,,,,,,,linux,,,,,,,,,,,,,,,,,,,,,,,,,,,,,,,,,,,,,linux,,,,,,,,,,,,,,,linux,,,,,,,,,,,,,,,,,,,,,
6a2f8fae0de103506950e192,51469,go,,,,,,,,,,,,,,,multiple,,macos,,,,,,,,,,,,,,,,,,,,,,,,,,,,,go,,,,,,,,,,,,,,,,,,,,,,,,,,,,,,,,,,,,,javascript,,,,,,,,,,,,,,,go,,,,,,,,,,,,,,,,,,,,,
6a2f8fae0de103506950e193,52408,javascript,,,,,,,,,,,,,,,multiple,,linux,macos,windows,,,,,,,,,,,,,,,,,,,,,,,,,,,nodejs,,,,,,,,,,,,,,,,,,,,,,,,,,,,,,,,,,,,,javascript,,,,,,,,,,,,,,,javascript,,,,,,,,,,,,,,,,,,,,,
6a2f8fae0de103506950e194,51549,php,,,,,,,,,,,,,,,php,,linux,php,windows,,,,,,,,,,,,,,,,,,,,,,,,,,,,,,,,,,,,,,,,,,,,,,,,,,,,,,,,,,,,,,,,,,,,,,,,,,,,,,,php,,,,,,,,,,,,,,,,,,,,,
6a2f8fae0de103506950e195,51804,windows,,,,,,,,,,,,,,,multiple,,aspx,,,,,,,,,,,,,,,,,,,,,,,,,,,,,windows,,,,,,,,,,,,,,,,,,,,,,,,,,,,,,,,,,,,,windows,,,,,,,,,,,,,,,windows,,,,,,,,,,,,,,,,,,,,,
6a2f8fae0de103506950e196,51701,php,,,,,,,,,,,,,,,php,,windows,,,,,,,,,,,,,,,,,,,,,,,,,,,,,,,,,,,,,,,,,,,,,,,,,,,,,,,,,,,,,,,,,,php,,,,,,,,,,,,,,,php,,,,,,,,,,,,,,,,,,,,,
6a2f8fae0de103506950e197,51713,,,,,,,,,,,,,,,,php,,windows,,,,,,,,,,,,,,,,,,,,,,,,,,,,,,,,,,,,,,,,,,,,,,,,,,,,,,,,,,,,,,,,,,,,,,,,,,,,,,,,,php,,,,,,,,,,,,,,,,,,,,,
6a2f8fae0de103506950e198,51887,cgi,,,,,,,,,,,,,,,hardware,,,,,,,,,,,,,,,,,,,,,,,,,,,,,,,cgi,,,,,,,,,,,,,,,,,,,,,,,,,,,,,,,,,,,,,cgi,,,,,,,,,,,,,,,cgi,,,,,,,,,,,,,,,,,,,,,
6a2f8fae0de103506950e199,52127,php,,,,,,,,,,,,,,,multiple,,linux,php,,,,,,,,,,,,,,,,,,,,,,,,,,,,php,,,,,,,,,,,,,,,,,,,,,,,,,,,,,,,,,,,,,php,,,,,,,,,,,,,,,php,,,,,,,,,,,,,,,,,,,,,
6a2f8fae0de103506950e19a,52486,php,,,,,,,,,,,,,,,multiple,,linux,php,,,,,,,,,,,,,,,,,,,,,,,,,,,,php,,,,,,,,,,,,,,,,,,,,,,,,,,,,,,,,,,,,,php,,,,,,,,,,,,,,,php,,,,,,,,,,,,,,,,,,,,,
6a2f8fae0de103506950e19b,52207,php,,,,,,,,,,,,,,,php,,linux,php,ubuntu,,,,,,,,,,,,,,,,,,,,,,,,,,,,,,,,,,,,,,,,,,,,,,,,,,,,,,,,,,,,,,,,php,,,,,,,,,,,,,,,php,,,,,,,,,,,,,,,,,,,,,
6a2f8fae0de103506950e19c,52368,php,,,,,,,,,,,,,,,multiple,,linux,php,,,,,,,,,,,,,,,,,,,,,,,,,,,,php,,,,,,,,,,,,,,,,,,,,,,,,,,,,,,,,,,,,,php,,,,,,,,,,,,,,,php,,,,,,,,,,,,,,,,,,,,,
6a2f8fae0de103506950e19d,52193,php,,,,,,,,,,,,,,,multiple,,linux,php,,,,,,,,,,,,,,,,,,,,,,,,,,,,php,,,,,,,,,,,,,,,,,,,,,,,,,,,,,,,,,,,,,php,,,,,,,,,,,,,,,php,,,,,,,,,,,,,,,,,,,,,
6a2f8fae0de103506950e19e,52256,php,,,,,,,,,,,,,,,multiple,,linux,php,windows,,,,,,,,,,,,,,,,,,,,,,,,,,,php,,,,,,,,,,,,,,,,,,,,,,,,,,,,,,,,,,,,,php,,,,,,,,,,,,,,,php,,,,,,,,,,,,,,,,,,,,,
6a2f8fae0de103506950e19f,52387,cfm,,,,,,,,,,,,,,,multiple,,java,linux,windows,,,,,,,,,,,,,,,,,,,,,,,,,,,cfm,,,,,,,,,,,,,,,,,,,,,,,,,,,,,,,,,,,,,cfm,,,,,,,,,,,,,,,cfm,,,,,,,,,,,,,,,,,,,,,
6a2f8fae0de103506950e1a0,52027,jinja2,python,,,,,,,,,,,,,,multiple,,linux,,,,,,,,,,,,,,,,,,,,,,,,,,,,,jinja2,python,,,,,,,,,,,,,,,,,,,,,,,,,,,,,,,,,,,,python,,,,,,,,,,,,,,,jinja2,python,,,,,,,,,,,,,,,,,,,,
6a2f8fae0de103506950e1a1,52158,windows,,,,,,,,,,,,,,,multiple,,windows,x86-64,,,,,,,,,,,,,,,,,,,,,,,,,,,,windows,,,,,,,,,,,,,,,,,,,,,,,,,,,,,,,,,,,,,windows,,,,,,,,,,,,,,,windows,,,,,,,,,,,,,,,,,,,,,
6a2f8fae0de103506950e1a2,52147,php,,,,,,,,,,,,,,,php,,macos,php,,,,,,,,,,,,,,,,,,,,,,,,,,,,,,,,,,,,,,,,,,,,,,,,,,,,,,,,,,,,,,,,,,,,,,,,,,,,,,,,php,,,,,,,,,,,,,,,,,,,,,
6a2f8fae0de103506950e1a3,52151,cgi,,,,,,,,,,,,,,,multiple,,cgi,linux,,,,,,,,,,,,,,,,,,,,,,,,,,,,cgi,,,,,,,,,,,,,,,,,,,,,,,,,,,,,,,,,,,,,cgi,,,,,,,,,,,,,,,cgi,,,,,,,,,,,,,,,,,,,,,
6a2f8fae0de103506950e1a4,52348,aix,bsd,go,hp-ux,irix,linux,macos,qnx,solaris,tru64,unixware,vxworks,,,,multiple,,linux,,,,,,,,,,,,,,,,,,,,,,,,,,,,,aix,bsd,go,hp-ux,irix,linux,macos,qnx,solaris,tru64,unixware,vxworks,,,,,,,,,,,,,,,,,,,,,,,,,,go,,,,,,,,,,,,,,,aix,atheos,beos,bsd,go,hp-ux,immunix,irix,linux,macos,minix,novell,plan9,qnx,sco,solaris,tru64,ultrix,unixware,vxworks,,
6a2f8fae0de103506950e1a5,52121,php,,,,,,,,,,,,,,,multiple,,linux,php,,,,,,,,,,,,,,,,,,,,,,,,,,,,php,,,,,,,,,,,,,,,,,,,,,,,,,,,,,,,,,,,,,php,,,,,,,,,,,,,,,php,,,,,,,,,,,,,,,,,,,,,
6a2f8fae0de103506950e1a6,52253,php,,,,,,,,,,,,,,,multiple,,linux,,,,,,,,,,,,,,,,,,,,,,,,,,,,,php,,,,,,,,,,,,,,,,,,,,,,,,,,,,,,,,,,,,,php,,,,,,,,,,,,,,,php,,,,,,,,,,,,,,,,,,,,,
6a2f8fae0de103506950e1a7,52273,javascript,,,,,,,,,,,,,,,multiple,,linux,windows,,,,,,,,,,,,,,,,,,,,,,,,,,,,javascript,,,,,,,,,,,,,,,,,,,,,,,,,,,,,,,,,,,,,javascript,,,,,,,,,,,,,,,javascript,,,,,,,,,,,,,,,,,,,,,
6a2f8fae0de103506950e1a8,52331,php,windows,,,,,,,,,,,,,,php,,linux,php,,,,,,,,,,,,,,,,,,,,,,,,,,,,php,windows,,,,,,,,,,,,,,,,,,,,,,,,,,,,,,,,,,,,php,windows,,,,,,,,,,,,,,php,windows,,,,,,,,,,,,,,,,,,,,
6a2f8fae0de103506950e1a9,52199,json,php,,,,,,,,,,,,,,multiple,,linux,php,ubuntu,,,,,,,,,,,,,,,,,,,,,,,,,,,json,php,,,,,,,,,,,,,,,,,,,,,,,,,,,,,,,,,,,,php,,,,,,,,,,,,,,,json,php,,,,,,,,,,,,,,,,,,,,
6a2f8fae0de103506950e1aa,52172,python,,,,,,,,,,,,,,,multiple,,linux,python,ubuntu,,,,,,,,,,,,,,,,,,,,,,,,,,,python,,,,,,,,,,,,,,,,,,,,,,,,,,,,,,,,,,,,,python,,,,,,,,,,,,,,,python,,,,,,,,,,,,,,,,,,,,,
6a2f8fae0de103506950e1ab,52217,linux,,,,,,,,,,,,,,,multiple,,arm,java,linux,php,x86,x86-64,,,,,,,,,,,,,,,,,,,,,,,,linux,,,,,,,,,,,,,,,,,,,,,,,,,,,,,,,,,,,,,linux,,,,,,,,,,,,,,,linux,,,,,,,,,,,,,,,,,,,,,
6a2f8fae0de103506950e1ac,52133,php,,,,,,,,,,,,,,,php,,php,windows,,,,,,,,,,,,,,,,,,,,,,,,,,,,,,,,,,,,,,,,,,,,,,,,,,,,,,,,,,,,,,,,,php,,,,,,,,,,,,,,,php,,,,,,,,,,,,,,,,,,,,,
6a2f8fae0de103506950e1ad,52145,json,python,,,,,,,,,,,,,,python,,linux,python,,,,,,,,,,,,,,,,,,,,,,,,,,,,json,python,,,,,,,,,,,,,,,,,,,,,,,,,,,,,,,,,,,,json,python,,,,,,,,,,,,,,json,python,,,,,,,,,,,,,,,,,,,,
6a2f8fae0de103506950e1ae,52465,php,,,,,,,,,,,,,,,multiple,,linux,php,,,,,,,,,,,,,,,,,,,,,,,,,,,,php,,,,,,,,,,,,,,,,,,,,,,,,,,,,,,,,,,,,,php,,,,,,,,,,,,,,,php,,,,,,,,,,,,,,,,,,,,,
6a2f8fae0de103506950e1af,52470,php,,,,,,,,,,,,,,,multiple,,arm,linux,php,,,,,,,,,,,,,,,,,,,,,,,,,,,php,,,,,,,,,,,,,,,,,,,,,,,,,,,,,,,,,,,,,php,,,,,,,,,,,,,,,php,,,,,,,,,,,,,,,,,,,,,
6a2f8fae0de103506950e1b0,52464,php,,,,,,,,,,,,,,,multiple,,linux,php,,,,,,,,,,,,,,,,,,,,,,,,,,,,php,,,,,,,,,,,,,,,,,,,,,,,,,,,,,,,,,,,,,php,,,,,,,,,,,,,,,php,,,,,,,,,,,,,,,,,,,,,
6a2f8fae0de103506950e1b1,52125,php,,,,,,,,,,,,,,,multiple,,linux,php,,,,,,,,,,,,,,,,,,,,,,,,,,,,php,,,,,,,,,,,,,,,,,,,,,,,,,,,,,,,,,,,,,php,,,,,,,,,,,,,,,php,,,,,,,,,,,,,,,,,,,,,
6a2f8fae0de103506950e1b2,52316,ios,macos,watchos,,,,,,,,,,,,,macos,,arm,macos,python,x86-64,,,,,,,,,,,,,,,,,,,,,,,,,,ios,macos,watchos,,,,,,,,,,,,,,,,,,,,,,,,,,,,,,,,,,,ios,,,,,,,,,,,,,,,ios,macos,watchos,,,,,,,,,,,,,,,,,,,
6a2f8fae0de103506950e1b3,52136,java,,,,,,,,,,,,,,,multiple,,linux,php,,,,,,,,,,,,,,,,,,,,,,,,,,,,java,,,,,,,,,,,,,,,,,,,,,,,,,,,,,,,,,,,,,java,,,,,,,,,,,,,,,java,,,,,,,,,,,,,,,,,,,,,
6a2f8fae0de103506950e1b4,52429,java,,,,,,,,,,,,,,,multiple,,linux,windows,,,,,,,,,,,,,,,,,,,,,,,,,,,,java,,,,,,,,,,,,,,,,,,,,,,,,,,,,,,,,,,,,,java,,,,,,,,,,,,,,,java,,,,,,,,,,,,,,,,,,,,,
6a2f8fae0de103506950e1b5,52302,php,,,,,,,,,,,,,,,multiple,,linux,php,,,,,,,,,,,,,,,,,,,,,,,,,,,,php,,,,,,,,,,,,,,,,,,,,,,,,,,,,,,,,,,,,,php,,,,,,,,,,,,,,,php,,,,,,,,,,,,,,,,,,,,,
6a2f8fae0de103506950e1b6,52135,php,,,,,,,,,,,,,,,multiple,,linux,php,,,,,,,,,,,,,,,,,,,,,,,,,,,,php,,,,,,,,,,,,,,,,,,,,,,,,,,,,,,,,,,,,,php,,,,,,,,,,,,,,,php,,,,,,,,,,,,,,,,,,,,,
6a2f8fae0de103506950e1b7,52262,python,,,,,,,,,,,,,,,multiple,,windows,,,,,,,,,,,,,,,,,,,,,,,,,,,,,python,,,,,,,,,,,,,,,,,,,,,,,,,,,,,,,,,,,,,python,,,,,,,,,,,,,,,python,,,,,,,,,,,,,,,,,,,,,
6a2f8fae0de103506950e1b8,52364,python,,,,,,,,,,,,,,,multiple,,linux,python,,,,,,,,,,,,,,,,,,,,,,,,,,,,python,,,,,,,,,,,,,,,,,,,,,,,,,,,,,,,,,,,,,python,,,,,,,,,,,,,,,python,,,,,,,,,,,,,,,,,,,,,
6a2f8fae0de103506950e1b9,52370,php,,,,,,,,,,,,,,,multiple,,linux,php,ubuntu,,,,,,,,,,,,,,,,,,,,,,,,,,,php,,,,,,,,,,,,,,,,,,,,,,,,,,,,,,,,,,,,,php,,,,,,,,,,,,,,,php,,,,,,,,,,,,,,,,,,,,,
6a2f8fae0de103506950e1ba,52329,android,arm,linux,,,,,,,,,,,,,multiple,,linux,python,,,,,,,,,,,,,,,,,,,,,,,,,,,,android,arm,linux,,,,,,,,,,,,,,,,,,,,,,,,,,,,,,,,,,,linux,,,,,,,,,,,,,,,android,arm,linux,,,,,,,,,,,,,,,,,,,
6a2f8fae0de103506950e1bb,52462,aspx,,,,,,,,,,,,,,,multiple,,aspx,linux,x86-64,,,,,,,,,,,,,,,,,,,,,,,,,,,aspx,,,,,,,,,,,,,,,,,,,,,,,,,,,,,,,,,,,,,aspx,,,,,,,,,,,,,,,aspx,,,,,,,,,,,,,,,,,,,,,
6a2f8fae0de103506950e1bc,52388,php,,,,,,,,,,,,,,,multiple,,linux,php,,,,,,,,,,,,,,,,,,,,,,,,,,,,php,,,,,,,,,,,,,,,,,,,,,,,,,,,,,,,,,,,,,php,,,,,,,,,,,,,,,php,,,,,,,,,,,,,,,,,,,,,
6a2f8fae0de103506950e1bd,52487,php,,,,,,,,,,,,,,,multiple,,linux,php,,,,,,,,,,,,,,,,,,,,,,,,,,,,php,,,,,,,,,,,,,,,,,,,,,,,,,,,,,,,,,,,,,php,,,,,,,,,,,,,,,php,,,,,,,,,,,,,,,,,,,,,
6a2f8fae0de103506950e1be,52355,windows,,,,,,,,,,,,,,,multiple,,linux,,,,,,,,,,,,,,,,,,,,,,,,,,,,,windows,,,,,,,,,,,,,,,,,,,,,,,,,,,,,,,,,,,,,windows,,,,,,,,,,,,,,,windows,,,,,,,,,,,,,,,,,,,,,
6a2f8fae0de103506950e1bf,52497,python,,,,,,,,,,,,,,,multiple,,linux,,,,,,,,,,,,,,,,,,,,,,,,,,,,,python,,,,,,,,,,,,,,,,,,,,,,,,,,,,,,,,,,,,,python,,,,,,,,,,,,,,,python,,,,,,,,,,,,,,,,,,,,,
6a2f8fae0de103506950e1c0,52324,php,,,,,,,,,,,,,,,multiple,,arm,linux,php,x86,x86-64,,,,,,,,,,,,,,,,,,,,,,,,,php,,,,,,,,,,,,,,,,,,,,,,,,,,,,,,,,,,,,,php,,,,,,,,,,,,,,,php,,,,,,,,,,,,,,,,,,,,,
6a2f8fae0de103506950e1c1,52341,php,,,,,,,,,,,,,,,multiple,,linux,php,,,,,,,,,,,,,,,,,,,,,,,,,,,,php,,,,,,,,,,,,,,,,,,,,,,,,,,,,,,,,,,,,,php,,,,,,,,,,,,,,,php,,,,,,,,,,,,,,,,,,,,,
6a2f8fae0de103506950e1c2,52335,python,,,,,,,,,,,,,,,multiple,,linux,python,,,,,,,,,,,,,,,,,,,,,,,,,,,,python,,,,,,,,,,,,,,,,,,,,,,,,,,,,,,,,,,,,,python,,,,,,,,,,,,,,,python,,,,,,,,,,,,,,,,,,,,,
6a2f8fae0de103506950e1c3,52385,python,,,,,,,,,,,,,,,multiple,,linux,,,,,,,,,,,,,,,,,,,,,,,,,,,,,python,,,,,,,,,,,,,,,,,,,,,,,,,,,,,,,,,,,,,python,,,,,,,,,,,,,,,python,,,,,,,,,,,,,,,,,,,,,
6a2f8fae0de103506950e1c4,52380,,,,,,,,,,,,,,,,php,,macos,,,,,,,,,,,,,,,,,,,,,,,,,,,,,,,,,,,,,,,,,,,,,,,,,,,,,,,,,,,,,,,,,,,,,,,,,,,,,,,,,php,,,,,,,,,,,,,,,,,,,,,
6a2f8fae0de103506950e1c5,52361,php,,,,,,,,,,,,,,,multiple,,linux,php,,,,,,,,,,,,,,,,,,,,,,,,,,,,php,,,,,,,,,,,,,,,,,,,,,,,,,,,,,,,,,,,,,php,,,,,,,,,,,,,,,php,,,,,,,,,,,,,,,,,,,,,
6a2f8fae0de103506950e1c6,52312,php,,,,,,,,,,,,,,,multiple,,linux,php,,,,,,,,,,,,,,,,,,,,,,,,,,,,php,,,,,,,,,,,,,,,,,,,,,,,,,,,,,,,,,,,,,php,,,,,,,,,,,,,,,php,,,,,,,,,,,,,,,,,,,,,
6a2f8fae0de103506950e1c7,52434,php,,,,,,,,,,,,,,,multiple,,linux,php,ubuntu,,,,,,,,,,,,,,,,,,,,,,,,,,,php,,,,,,,,,,,,,,,,,,,,,,,,,,,,,,,,,,,,,php,,,,,,,,,,,,,,,php,,,,,,,,,,,,,,,,,,,,,
6a2f8fae0de103506950e1c8,52435,php,,,,,,,,,,,,,,,multiple,,linux,php,,,,,,,,,,,,,,,,,,,,,,,,,,,,php,,,,,,,,,,,,,,,,,,,,,,,,,,,,,,,,,,,,,php,,,,,,,,,,,,,,,php,,,,,,,,,,,,,,,,,,,,,
6a2f8fae0de103506950e1c9,52433,php,,,,,,,,,,,,,,,multiple,,php,windows,,,,,,,,,,,,,,,,,,,,,,,,,,,,php,,,,,,,,,,,,,,,,,,,,,,,,,,,,,,,,,,,,,php,,,,,,,,,,,,,,,php,,,,,,,,,,,,,,,,,,,,,
6a2f8fae0de103506950e1ca,52440,javascript,,,,,,,,,,,,,,,multiple,,linux,x86-64,,,,,,,,,,,,,,,,,,,,,,,,,,,,javascript,,,,,,,,,,,,,,,,,,,,,,,,,,,,,,,,,,,,,javascript,,,,,,,,,,,,,,,javascript,,,,,,,,,,,,,,,,,,,,,
6a2f8fae0de103506950e1cb,52419,php,,,,,,,,,,,,,,,multiple,,linux,php,windows,,,,,,,,,,,,,,,,,,,,,,,,,,,php,,,,,,,,,,,,,,,,,,,,,,,,,,,,,,,,,,,,,php,,,,,,,,,,,,,,,php,,,,,,,,,,,,,,,,,,,,,
6a2f8fae0de103506950e1cc,52456,python,,,,,,,,,,,,,,,multiple,,linux,python,ubuntu,,,,,,,,,,,,,,,,,,,,,,,,,,,python,,,,,,,,,,,,,,,,,,,,,,,,,,,,,,,,,,,,,python,,,,,,,,,,,,,,,python,,,,,,,,,,,,,,,,,,,,,
6a2f8fae0de103506950e1cd,52422,php,,,,,,,,,,,,,,,multiple,,linux,php,,,,,,,,,,,,,,,,,,,,,,,,,,,,php,,,,,,,,,,,,,,,,,,,,,,,,,,,,,,,,,,,,,php,,,,,,,,,,,,,,,php,,,,,,,,,,,,,,,,,,,,,
6a2f8fae0de103506950e1ce,52417,xml,,,,,,,,,,,,,,,multiple,,linux,,,,,,,,,,,,,,,,,,,,,,,,,,,,,xml,,,,,,,,,,,,,,,,,,,,,,,,,,,,,,,,,,,,,xml,,,,,,,,,,,,,,,xml,,,,,,,,,,,,,,,,,,,,,
6a2f8faf0de103506950e1cf,52431,java,,,,,,,,,,,,,,,multiple,,linux,,,,,,,,,,,,,,,,,,,,,,,,,,,,,java,,,,,,,,,,,,,,,,,,,,,,,,,,,,,,,,,,,,,java,,,,,,,,,,,,,,,java,,,,,,,,,,,,,,,,,,,,,
6a2f8faf0de103506950e1d0,52398,php,,,,,,,,,,,,,,,multiple,,linux,,,,,,,,,,,,,,,,,,,,,,,,,,,,,php,,,,,,,,,,,,,,,,,,,,,,,,,,,,,,,,,,,,,php,,,,,,,,,,,,,,,php,,,,,,,,,,,,,,,,,,,,,
6a2f8faf0de103506950e1d1,52400,python,,,,,,,,,,,,,,,multiple,,linux,python,,,,,,,,,,,,,,,,,,,,,,,,,,,,python,,,,,,,,,,,,,,,,,,,,,,,,,,,,,,,,,,,,,java,,,,,,,,,,,,,,,python,,,,,,,,,,,,,,,,,,,,,
6a2f8faf0de103506950e1d2,52472,linux,macos,windows,,,,,,,,,,,,,multiple,,macos,python,windows,,,,,,,,,,,,,,,,,,,,,,,,,,,linux,windows,,,,,,,,,,,,,,,,,,,,,,,,,,,,,,,,,,,,linux,macos,windows,,,,,,,,,,,,,linux,windows,,,,,,,,,,,,,,,,,,,,
6a2f8faf0de103506950e1d3,52420,php,,,,,,,,,,,,,,,multiple,,linux,php,,,,,,,,,,,,,,,,,,,,,,,,,,,,php,,,,,,,,,,,,,,,,,,,,,,,,,,,,,,,,,,,,,php,,,,,,,,,,,,,,,php,,,,,,,,,,,,,,,,,,,,,
